-- phpMyAdmin SQL Dump
-- version 3.4.5
-- http://www.phpmyadmin.net
--
-- Host: localhost
-- Erstellungszeit: 28. Jan 2013 um 11:22
-- Server Version: 5.1.58
-- PHP-Version: 5.3.8

SET SQL_MODE="NO_AUTO_VALUE_ON_ZERO";
SET time_zone = "+00:00";


/*!40101 SET @OLD_CHARACTER_SET_CLIENT=@@CHARACTER_SET_CLIENT */;
/*!40101 SET @OLD_CHARACTER_SET_RESULTS=@@CHARACTER_SET_RESULTS */;
/*!40101 SET @OLD_COLLATION_CONNECTION=@@COLLATION_CONNECTION */;
/*!40101 SET NAMES utf8 */;

--
-- Datenbank: `europlanet_na1`
--

-- --------------------------------------------------------

--
-- Tabellenstruktur für Tabelle `additional_information`
--

CREATE TABLE IF NOT EXISTS `additional_information` (
  `id` int(10) unsigned NOT NULL,
  `further_contacts` text,
  `additional_instruments` text,
  `array_description` text,
  `backend_description` text,
  `research_comments` text,
  `target_comments` text,
  `general_comments` text,
  `feedback` text,
  PRIMARY KEY (`id`),
  KEY `observatory_id_4` (`id`)
) ENGINE=InnoDB DEFAULT CHARSET=utf8;

--
-- Daten für Tabelle `additional_information`
--

INSERT INTO `additional_information` (`id`, `further_contacts`, `additional_instruments`, `array_description`, `backend_description`, `research_comments`, `target_comments`, `general_comments`, `feedback`) VALUES
(1, '', '', '', '', '', '', '', ''),
(2, 'Dr Peter Thomas (observatory manager)\r\npkt@ulo.ucl.ac.uk', 'Solar View 50mm\r\nJoynson 6-inch refractor', '', '', 'New Metre-Class Telescope Project currently underway to acquire large modern telescope with remote and robotic observing capabilities\r\n(aperture 1m)', '', '', ''),
(3, '', '', '', '', '', '', '', ''),
(4, '', 'Meteor camera cluster: 3xWatec 902DM2S video cams +2x3.8mm + 1x6mm lenses, 45% sky coverage. Commisioned 2005. \r\nPolar Bear pole-staring camera cluster: 3xStarlight Express H16 CCD+3x Nikor 85mm lenses, covers ~10 deg around NCP. Commisioned 2008.', '', '', '', '', '', ''),
(5, '', 'A 140mm (F/7) TEC 140 APO telescope and Takahashi SKY-90 F5.6 doublet fluoriet telescope also available.\r\n\r\nAdditional camera: The Imaging Source DMK 21 Monochrome USB CCD, 640x480 pixels. An Icx618 CCD chip has been inserted instead of the original CCD, so the camera is 2x as sensitive.', '', '', '', '', '', ''),
(6, '', '', '', '', '', '', '', ''),
(7, '', '', '', '', '', '', '', ''),
(8, '', '', '', '', '', '', '', ''),
(9, '', '', '', '', '', '', '', ''),
(10, '', '', '', '', '', '', '', ''),
(11, '', '', '', '', '', '', '', ''),
(12, '', 'Instruments for measuring the solar Radiation: UV-A, UV-B, Par, Direct radiation, Indirect Radiation, Aerosol Measurements, Climatic Measurements', '', '', '', '', '', ''),
(13, '', '', '', 'Losmandy GM8 mount', 'Popularisation of amateur astronomy', '', '', ''),
(14, '', 'CCD Cameras:\r\n- SBIG ST-8XE NABG Class 1 CCD Camera\r\n- SBIG ST-7E  CCD Camera\r\n- SBIG ST-5C \r\n\r\nFilters:\r\n- SBIG CFW8-filterwheel with RGB and BVR-filters\r\n- Optec MAXFilter with photometric 2" BVR filters\r\n- 25 mm Methan-filter (891 nm, FWHM 20 nm)\r\n- 1.25 inch z''-filter (infrared from 850 nm) \r\n\r\nFurther instrument information available under: http://www.ursa.fi/yhd/sirius/nytt/equipments.html', '', '', '', '', '', ''),
(15, 'lopezjeanmarie@free.fr', '', '', '', '', '', '', ''),
(16, '', '', '', '', '', '', '', ''),
(17, '', 'A 13-cm refractor on an AP600 mount is housed in a second "dome" (a roll-away shed).', '', '', '', '', 'BHO cooperate with professional astronomers and fellow amateur astronomers to observe Delta Scuti Stars and Eclipsing Binary Stars.', ''),
(18, '', '', '', '', '', '', '', ''),
(19, '', '', '', '', '', '', '', ''),
(20, 'HARUTYUNIAN Haik A., Dr.\r\n(Director) hhayk@bao.sci.am', 'SCORPIO Focal Reducer\r\nVAGR Integral Field Spectrograph', '', '', 'Undertook research on:\r\nDetection of extragalactic objects with UV continuum  \r\nSearch for flare stars', '', '', ''),
(21, 'Mary McCready (Project Leader)\r\nmccready@sri.com', 'More information on instruments can be found here: \r\nhttp://isr.sri.com/instruments.html', '', '', '', '', '', ''),
(22, '', 'Solar telescope 15cm aperture\r\n', 'Very Long Base Interferometry (VLBI)', 'GPS\r\nSpectrometers\r\nCDD Cameras', '', '', '', ''),
(23, '', '', '', '', 'Part of antenna array in Canberra and California', '', 'The Madrid Deep Space Communication Complex (MDSCC) is one of three stations of the NASA Deep Space Network (DSN). \r\n\r\nAlternative website:\r\nhttp://deepspace.jpl.nasa.gov/dsn/', ''),
(24, '', '', '', '', '', '', '4th most ancient observatory still functioning', ''),
(25, '', '', '', '', '', '', '', ''),
(26, '', '', '', '', '', '', '', ''),
(27, '', 'Bombonera\r\nSuper Polaris\r\nComet-Catcher with stellar CCD', '', '', '3SSS UNICORN-Project', '', '', ''),
(28, '', 'Several Spectrometer and Photometer are used as backends at each Telescope', '', '', '', '', 'Property of various universities/institutes: http://www.iac.es/adjuntos/cci/ottable.pdf\r\n(Go to link for further details)', ''),
(29, 'Charles Wrench\r\ncharles.wrench@stfc.ac.uk', '3GHz Doppler-polarisation radar\r\nCloud radar systems\r\nMeteorological sensors\r\nHigh power UV lidar', '', '', '', '', '', ''),
(30, '', 'Meade telescopes\r\nTransit telescope\r\n408 MHz pulsar telescope\r\nCelestrons', '', '', '', '', '', ''),
(32, '', 'Meade cadiotropic 10 inch (0.25m)\r\nDavies reftractor 8 inch (0.2m)\r\nMalta binoculars 6 inch (0.15m)\r\nWatson refractor 4.2 inch (0.11m)\r\nCoronado solar telescope 1.5 inch (0.04m)', '', '', '', '', 'Science Outreach: Open sessions for public (Tuesdays and Saturdays)', ''),
(33, '', 'ICOM R-7000 radio receiver', '', '', 'Part of Genesis Project', '', 'Observatory used and run by members of Norwich Astronomical Society', ''),
(34, '', '', '', '', 'Involved in GOCE Mission (ESA) and GNSS (GPS research)', '', '', ''),
(35, 'Pascal LOVIS\r\npascal.lovis@jura-observatory.ch', 'Coronograph 160mm\r\nOptec Temperature Compensated Focuser\r\nMCMT II Stepper motor-not', '', '', 'Discovered Comet P/2008 Q2 or Comet Ory', '', '', ''),
(36, '', 'Maksutov 90mm\r\nAPO Binoculars apochromatic 100mm\r\nPentax 75mm refractor', '', '', '', '', '', ''),
(37, '', '', '', '', 'Involved with the processing of data provided by the satellite INTEGRAL of the ESA.', '', '', ''),
(38, '', '', '', '', '', '', '', ''),
(39, '', '', '', '', '', '', '', ''),
(40, '', 'Dobsonian Telescope (Old Newton-Cassegrain)\r\nGalileo Telescopes \r\nBinoculars 20x1000 Miyauchi Fluorite Apo\r\nH-alpha filter ASP-60\r\nWAM-850 tracking device', '', '', '', '', '', ''),
(41, '', 'Solar Laboratory', '', '', '', '', '', ''),
(42, '', '', '', '', '', '', '', ''),
(43, '', '', '', '', '', '', '', ''),
(44, '', 'Two Telescopes 15cm aperture for Solar Observation\r\nH-Alpha, Ca II K, CN Filters, and CCD cameras\r\n\r\nA new 3.6-m optical telescope sited at Devasthal is due to be operational in 2012.', '', '', '', '', 'Time zone is actually GMT +5.5 hrs', ''),
(45, '', 'All-Sky Camera', '', '', 'Running a Comet and Asteroid Search Program (PIKA) and discovered several comets, NEOs, variable stars and supernovae', '', '', ''),
(46, '', '5 Meade Telescopes (0.35-0.4m)\r\n0.4m spectroscopic telescope\r\n0.3m Brinton Newtonian reflector\r\nObjective Prism Telescope\r\nH-alpha filter\r\nCeolostat', '', '', '', '', '', ''),
(47, 'Wang, Yi\r\n(Secretary of Chief Scientist)\r\nyw@bao.ac.cn', 'Solar Magnetic Field Telescope	350mm	2800mm\r\nFull-disc & Local H-Alpha Telescope	14cm	\r\nFull-disc H-Alpha Telescope	200mm	1800mm\r\nFull-disc Vector Magnetograph	100mm	770.86mm\r\nFull-disc Calcium Monochromator	8cm	', '', '', 'Involved in various research projects eg. Space Solar Telescope (SST), Balloon-Borne Telescope (BBT), and other solar activity research', '', '', ''),
(48, '', 'Photoheliograph\r\nTwin Spectroheliographs 6cm\r\nK-filtergrams', '', '', 'Its director, Evershed, discovered radial motion in sunspots (named the Evershed effect)', '', '', ''),
(49, '', 'Wind vane and Anemometer', '', '', '', '', 'Minor Planet Centre of the International Astronomical Union', ''),
(50, '', 'Photoelectric Photometers', '', '', 'Research projects include HERCULES (Large Echelle Spectograph) and MOA (Microlensing Observations)', '', '', ''),
(51, '', '', 'Australian Long Baseline Array VLBI network', '', '', '', '', ''),
(52, '', '0.5m Automatic Patrol Telescope\r\n0.6m Uppsala Schmidt Telescope', '', '', '', '', '', ''),
(53, '', 'Strömgren Photometer\r\nSpectrometer', '', '', '', '', '', ''),
(54, '', '', '', '', '', '', '', ''),
(55, '', 'PUEO: The CFHT Adaptive Optics Bonnette. The "bonnette" (adaptor) is a facility instrument mounted at the f/8 Cassegrain focus of the CFH 3.6 m telescope.', '', '', '', '', '', ''),
(56, 'Contact information, including Gemini staff and details of the partnership offices can be found at http://www.gemini.edu/contact', 'Future instruments:\r\n\r\nGPI - The Gemini Planetary Imager is currently under development. Assuming the current schedule, the instrument will be delivered to Gemini South in middle 2012. GPI will be used to carry out large Campaign programmes as well as standard science programmes via the TAC system. It is expected that the earliest science observing will be in semester 2013A pending results from Acceptance Testing and Commissioning. GPI is an extreme adaptive-optics imaging polarimeter/integral-field spectrometer, which will provide diffraction-limited data between 0.9 and 2.4  microns. \r\n\r\nFLAMINGOS-2 is a Near-Infrared wide field imager and multi-object spectrometer. The formal science commissioning of this instrument started in December 2011 and is expected to last until the middle of 2012.\r\n\r\nGSAOI - The Gemini South Adaptive Optics Imager is a near-infrared adaptive optics camera that will be used with the Gemini Multi-conjugate Adaptive Optics System (GeMS). GSAOI will be commissioned along with GeMS, during most 2011 and 2012.\r\n\r\nFurther information about all Gemini South instruments can be found here:\r\nhttp://www.gemini.edu/sciops/instruments/?q=sciops/instruments', '', 'GCAL - Gemini Facility Calibration Unit is available on each Gemini telescope, providing continuum and line emission light sources for wavelength and flat-field calibrations.\r\n\r\nGeMs is the Gemini Multi-Conjugated Adaptive Optics System. This facility instrument delivers a uniform, diffraction limited image quality at near-infrared (NIR) wavelengths over an extended FoV of more than 1 arcmin across. This corrected beam then feeds the new generation of science instruments: Flamingos-2 or GSAOI. ', '', '', 'Gemini was built and is operated by a partnership of 7 countries with a national office for each partner. These are: The United States Gemini Office, The United Kingdom Gemini Office, The Canadian Gemini Office, The Australian Gemini Office, The Argentinian Gemini Office, The Brazilian Gemini Office, The Chilean Gemini Office, University of Hawaii Gemini Office. The partnership is managed by the Association of Universities for Research in Astronomy (AURA). ', ''),
(57, 'Contact information, including Gemini staff and details of the partnership offices can be found at http://www.gemini.edu/contact', 'TEXES - the Texas Echelon Cross Echelle Spectrograph - is a high resolution (~100,000) mid-infrared (5-25 micron) spectrometer, which was offered at Gemini North as a visitor instrument in previous years and may be available in the future. \r\n\r\nSee further details about this instrument and future availability here:\r\nhttp://www.gemini.edu/sciops/instruments/texes/?q=sciops/instruments/texes', '', 'ALTAIR - ALTtitude conjugate Adaptive optics for the InfraRed - is the facility natural/laser guide star adaptive optics system of the Gemini North telescope. It can feed a corrected beam to Gemini instruments NIRI and NIFS. \r\n\r\nGCAL - Gemini Facility Calibration Unit is available on each Gemini telescope, providing continuum and line emission light sources for wavelength and flat-field calibrations.', '', '', 'Gemini was built and is operated by a partnership of 7 countries with a national office for each partner. These are: The United States Gemini Office, The United Kingdom Gemini Office, The Canadian Gemini Office, The Australian Gemini Office, The Argentinian Gemini Office, The Brazilian Gemini Office, The Chilean Gemini Office, University of Hawaii Gemini Office. The partnership is managed by the Association of Universities for Research in Astronomy (AURA). ', ''),
(58, '', '', 'Radars and deuterium array', '- Haystack Telescope: Receiver 20-25 GHz Receiver 35-50 GHz \r\n\r\n- Receiver 85-115 Ghz Westford: Receiver 2.8 Ghz Receiver 8.2 Ghz', '', '', 'Currently being upgraded. Expected to be operational again in 2012.', ''),
(59, '', '', '', 'RxA Receiver 211-272 Ghz ; HARP Receiver 325-375 Ghz ; RxW Receiver 315-375 Ghz or 630-710 GHz ; SCUBA2 Camera 850 450 um ; ACSIS Correlator 1.8 Ghz ;', '', '', '', ''),
(60, 'cgoudis@astro.noa.gr', '', '', '', '', '', '', ''),
(61, '', '', '', '', '', '', '', ''),
(62, '', '', '', '', 'The SETI instrument (SERENDIP IV) works in parallel with the 32 m antenna and automatically analyses detected signals, 24 hours a day. In this manner, the SETI project can be conducted without requiring active observation time or dedicated personnel.', '', 'The Radioastronomy Institute (IRA), also, operates another 32 m antenna located in Noto (Sicily), and a third (64 m parabolic) antenna is now under construction near Cagliari (Sardinia).', ''),
(63, '', '', '', '', '', '', '', ''),
(64, '', '', '', '', '', '', '', ''),
(65, '', 'Photon Counter Photometer\r\n', '', '', '', '', '', ''),
(66, '', 'More details concerning the additional instruments can be found here: http://www.ct.astro.it/sln/strumenti.html', '', '', '', '', '', ''),
(67, '', 'Morais (43cm telescope) previously used for observing comets\r\nand is the largest telescope of its kind in Italy (2011)', '', '', '', '', '', ''),
(68, '', '', '', '', '', '', '', ''),
(69, '', '', '', '', '', '', '', ''),
(70, '', '', '', '', '', '', 'Schedule: http://www.ifa.haAugust-Januarywaii.edu/88inch/schedule/current.pdf \r\nForm: http://www.ifa.hawaii.edu/88inch/forms/uhform.pdf \r\nDeadline: 1st October for Feb-Jul, 1st April for Aug-Jan', ''),
(71, '', '', '', '', '', '', 'Schedule: http://www.jach.hawaii.edu/UKIRT/schedule/public/', ''),
(72, '', 'SpeX Spectrograph 0.8-5.4 microns 60x60 ; NSFCAM2 Camera 2048x2048 80x80 ; CSHELL Spectrograph 256x256 near Infrared 30x30 ; Mirsi Spectrograph Mid Infrared ; Apogee ;', '', '', '', '', '', ''),
(73, 'Scott Dahm - sdahm@keck.hawaii.edu - HIRES (primary)\r\n Hien Tran - htran@keck.hawaii.edu - HIRES (secondary)', 'For a current list of instruments that can be used with Keck I and Keck II, as well as a list of visiting, future and past instruments, please see:\r\nhttp://www2.keck.hawaii.edu/inst/index.php\r\n\r\n', '', 'ADC - The Cassegrain Atmospheric Dispersion Compensator module for the Keck I telescope allows LRIS to operate with reduced differential refraction from zenith to an airmass of 2.', '', '', '', ''),
(74, '', '', '', 'http://www.naoj.org/Observing/Instruments/index.html', '', '', '', ''),
(75, '', '', '4 moveable Auxillary Telescopes complement the 4 large optical telescopes to create an optical interferometer (see also separate telescope listing here).', 'Optical, Infrared Cameras and Spectrographs: http://www.eso.org/sci/facilities/paranal/instruments/overview.html', '', '', 'Proposals: http://www.eso.org/sci/observing/proposals/index.html March and September deadlines', ''),
(76, '', '', '', '', '', '', 'Proposals: http://www.eso.org/sci/observing/proposals/index.html\r\nMarch and September deadlines', ''),
(77, '', '', '10 x 25m Very Long Baseline interferometry in the radio spectrum. Telescopes are placed all over North America', '', '', '', 'Apply for time: http://my.nrao.edu/', ''),
(78, '', '', '8x6 m Telescopes for submillimetre observations 0.3-1.7 mm', '', '', '', '', ''),
(79, 'http://www.eso.org/sci/facilities/lpo/contact.html', '', '', '', '', '', '', ''),
(80, 'http://www.eso.org/sci/facilities/lpo/contact.html', '', '66 High precision antennas operationg at 0.3 to 9.6 mm. Fifty 12-meters diameter antennas will be used for interferometry, four 12-meters diameter antennas for total power and twelve 7-meters diameter antennas for short spacings interferometry. All the ALMA antennas will be equipped with ten frequency bands covering all atmospheric windows open from the Chajnantor site between 30GHz and 1THz', '', '', '', 'ALMA will begin scientific observations in the second half of 2011 and is scheduled to be fully operational by the end of 2012.', ''),
(81, 'http://www.eso.org/sci/facilities/lpo/contact.html', '', '', '', '', '', 'Observing proposals - March, September Deadlines:\r\nhttp://www.eso.org/sci/observing/proposals/index.html', ''),
(82, '', '', '', '', '', '', '', ''),
(83, '', '', '', '', 'Supporting the ESA Rosetta mission', '', '', ''),
(84, 'See contacts for VATT and webform for contacting them, here:\r\nhttp://vaticanobservatory.org/VATT/index.php?option=com_contact_enhanced&view=category&catid=42&Itemid=55', 'Offset and slit-viewing guide box with CCD guide camera:\r\n-provides interface to derotator for all the above instruments.\r\n-effective back focal distance, from guide box to focal surface, is 2.000".\r\n-contains two filter wheels, each holding four 3.48" square filters. Adapters to accommodate 2" and 3" square filters are available.\r\n-UBVRI, uvby, Vilnius, Sloan and Order Blocking filters are currently provided. \r\n-integrating sphere with continuum and calibration lamps.', '', '', '', '', '', ''),
(85, '', '', '', '', '', '', 'PIRATE is a remote-controlled observatory with a 17-inch telescope on a robotic mount in an automated 3.5-m dome. It is mainly used for university level astrophysics teaching, both in a distance learning context and in traditional lab courses.\r\nResearch applications include transiting exoplanets and transient sources. ', ''),
(86, 'Karl Wraight: karl@ouastro.co.uk (Chair of the OU Astronomy Club)', '', '', '', '', '', 'The Observatory facility is part of the Department of Physics and Astronomy and operated jointly by members of that department and members of the Open University Astronomy Club.\r\n\r\nThe Astronomy Club welcomes new members who may then participate in observing sessions at the Observatory. The Observatory is also used to train postgraduate students in observing techniques and to train staff who run the Open University Astronomy and Planetary Science Residential Schools held each year at the Observatori Astronomic de Mallorca.', ''),
(87, 'Valery Kleshchonok <klev@gala.net> Taras Shevchenko National University of Kyiv', 'Filter set UBVRI', '', '', '', '', '', 'Hope this information will help with cooperation'),
(88, '', '', '', '', '', '', '', ''),
(89, '', '', '', '', '', '', '', ''),
(90, '', 'A radio antenna for the measurement of Jupiter Decametric Radio Emissions is also available.', '', '', '', '', '', ''),
(92, '', '', '', 'PC164 low light video with GPS time stamp overlay. 29.97 frames/second, good to magnitudes up to 13.5.', '', '', '', ''),
(93, '', '', '', 'Astrodon UBVRcIC photometric filters, grism 100 l/mm', 'Symbiotic stars', '', '', ''),
(94, '', '', '', '', '', '', 'Calender: http://www.apo.nmsu.edu/Planning/obs.calendar/obs.calendar.html Schedule: http://sdsshost2.apo.nmsu.edu/~snedden/sdss/schedule/index.html Proposals:http://www.astro.princeton.edu/APO/apo35-general/msg.612.html', ''),
(95, 'Phone: (+44)39 5527521\r\nUrl: http://www.arcetri.astro.it/English/\r\n - \r\nLatitude: 43?45''14.4'''' - Longitude: 11?15''19.2''''', '', '', '', '', '', '', ''),
(96, '', '', '', '', '', '', '- Deadlines usually 01/02/ \r\n- Schedules: http://www.naic.edu/vscience/schedule/scedfra2.htm \r\n- Proposals: http://www.naic.edu/~astro/proposals/cover.html\r\n- Information on logistics: http://www.naic.edu/science/logistics.htm', ''),
(97, 'Phone: \r\nUrl: http://www.pd.astro.it/asiago/\r\n - \r\nLatitude: 11?31''35''''E - Longitude: 45?51''59''''N', '', '', '', '', '', 'Send completed form to proposal@oapd.inaf.it form: http://www.oapd.inaf.it/asiago/2000/2100/Ekar_Template_Request.txt', ''),
(98, '', '', '', '', 'Additional: Transient Luminous Events (TLEs)', '', '', ''),
(99, '', '- eyepieces & visual accessories\r\n(i) Televue 2” 27mm Panoptic\r\n(ii) Televue 2” 35mm Panoptic\r\n(iii) Televue Big Barlow (2x) w/Panoptic Int.\r\n(iv) 2” Orion Ultrablock Filter\r\n(v) Meade f/6.3 Focal Reducer\r\n(vi) 10” Meade Dew Shield\r\n\r\n- astrophotography equipment\r\n(i) Meade T-Adapter & Mount for Canon 20D\r\n(ii) Canon 20D DSLR\r\n(iii) Meade Lunar Planetary Imager\r\n\r\n- other observing equipment:\r\n(i) Macbook Air 11” 1.4GHz 4GB RAM\r\n(ii) Software Bisque The Sky X SAE Software\r\n(iii)Kendrick Model VI Dew Removing System\r\n(iv) Sky Atlas 2000.0 2nd Ed. Field Version', '', '', '', '', '', ''),
(100, '', '', '', '', '', '', 'For time on the telescope e-mail Dr. A. Dapergolas', ''),
(101, '', '- Additional telescope LS-105 available.', '4000 - 10000 A; CCD QE 92% at 6500 A ; dimension of CCD 15 x 10 mm; 2184 x 1472 pixels; field of CCD 21'' x 14''; one pixel dimension 6.8 x 6.8 micron', '', 'Carbon stars\r\n', '', '', ''),
(102, '', '', '', 'Back-End Equipment: OPTEC TC-3 MICROFOCUSER-  CFW-9 FILTER WHEEL', '', '', '', ''),
(103, '', 'For Planetary images of the bright Planets I use an old Analog Video Camera.', '', '', '', '', '', ''),
(104, '', '- Further CCD cameras\r\n\r\n- Baader Spectroscope', '', '', '', '', '', ''),
(105, '', 'Spectra grating filter available, photometric + exotic wavelength filters,', '', 'Brand/Type of Camera: ST8XE , ST10MXE', '', '', '', ''),
(106, '', '', '', '', '', '', '', ''),
(107, '', '', '', '', '', 'NEOs (Near-Earth Objects)', 'Specially designed for the specific purpose of observing space debris and NEOs, this facility is the first of its kind in the world. ', ''),
(108, 'webinfo@kasi.re.kr\r\nPhone: 82428653246\r\nUrl: http://www2009.kasi.re.kr/english/e_div/div_01.php\r\n - \r\nLatitude: 128?58''35.66 - Longitude: 36?09''53.68''', '- 4k CCD camera\r\n\r\n- Bohyunsan Optical Echelle Spectrograph (BOES), with the addition of spectropolarimetry\r\n\r\n- KASI Near Infrared Camera System (KASINICS)\r\nfunctions', '', '', '', '', '', ''),
(110, '', '', '', '', 'We are primarily involved in public outreach.', '', '- Many of our members bring personal telescopes to our meetings and events.  Slightly more than half of these are apo refractors in the range of 100-229mm\r\n\r\n- Calendar for meetings and events times: http://www.calendarserver.com/calendar/?account=14239', ''),
(111, 'HJB@occultations.info\r\nPhone: \r\nUrl: www.occultations.info\r\n', 'Photomultiplier ', '', '', '- Variable stars\r\n- Sun: Diametermeasurements during total/annular eclipses)\r\n', '', 'Because I was not at home I had some problems to find all desired data!', ''),
(112, '', '', '', '', '', 'NEOs (Near-Earth Objects)', 'Become a supporter of Boyden, by joining the Friends of Boyden, a public interest group which fosters a wider appreciation of the astronomical activities of the Observatory and who promote public interest in its affairs. The Friends contributed efforts to ensure that the Observatory survived some turbulent years. Boyden is now a prime astronomical research and public educational centre in Southern Africa: http://www.assabfn.co.za/friendsofboyden/index.htm', ''),
(113, '', 'Several additional small telescopes available (indonesian): http://bosscha.itb.ac.id/en/teleskop-hilal-mainmenu-124.html', '', '', '', '', '', ''),
(114, '', '', '', '', '', 'NEOs (Near-Earth Objects)', '', ''),
(115, '', 'Also have an ImagingSource planetary camera.  Color filters including an Ha filter.', '', '', '', '', '', ''),
(118, '', '', '', '', '- Application for observing time at the Calar Alto telescopes: http://www.caha.es/CAHA/Applications/index.html\r\n\r\n- Information for observers: http://www.caha.es/information-for-observers.html\r\n\r\n- Utilities and forms: http://www.caha.es/utilities-and-forms.html', '', '- Email-address for visits: visits@caha.es\r\n\r\n- 15th March deadline. Form : http://www.caha.es/CAHA/Applications/index.html', ''),
(120, '', '', '', '- SBIG ST 10X-M\r\n\r\n- GPS GARMIN e-map: Used for accurate time settings for observations and instruments\r\n\r\n- Slide Show Projector: KODAK Extapro 5020\r\n\r\n- Ava Astrovid Stellaca EX CDD: Aiming for amateur usage and public days.\r\n\r\n- Video Cameras: Panasonic PT-LC 50E', '', '', '', ''),
(121, '', '', '', '', '', '', '', ''),
(122, '', 'additionally (1) historic twin 5 inch Cook &amp; 4.5 inch Smith Beck &amp; Beck refractors in historic dome  (2) 175mm astro-physics refractor', '', '- various other cameras', '- links with University of Portsmouth\r\n\r\n- Astronomy course for practical experience for student end of degree projects.\r\n', '', 'Amateur organisation', ''),
(123, '', '- Additional CCD camera available\r\n\r\n- Radio-meteor detection system available', '', '', '', '', 'Link to the brochure of the observatory: http://www.coaa.co.uk/broch00.pdf', ''),
(124, '', '', '', '', 'Full time supernova surveying', '', 'Not active in planetary science but happy to help if circumstances call for it.', ''),
(125, '- Mailing Address:  PO Box 999  Springville, CA 93265 \r\n\r\n- USAbillie@davidchandler.com\r\n', '', '', '', 'AAVSO Observations', '', '', ''),
(126, 'cosmosmataro@gmail.com\r\nUrl: http://www.astrosurf.com/cosmosmataro/\r\nEsteve Cortés <br>Diego Rodríguez - cosmosmataro@gmail.com<br>cosmosmataro@gmail.com\r\nLatitude: 41°34''24.5'''' - Longitude: 2°26''30.1''''E', '', '', '', '', '', 'MPC A06', ''),
(127, '', '', '', '', 'Photometric and spectroscopic time series observations of cataclysmic variables.\r\n', '', '', ''),
(128, '', '', '', '', '', '', '', ''),
(129, '', 'Further information on the equipment of the observatory available under: http://eaglerockobservatory.org/equipment/index.htm', '', '', '', '', '', ''),
(130, '', '', '', '', '', '', '- Effelsberg Wiki pages: https://eff100mwiki.mpifr-bonn.mpg.de/doku.php', ''),
(131, '', '', '', '', '<br>Key Area 2 \r\n<br>Supernovae/Novae<br>Public Outreach / Education etc\r\n', '', '', ''),
(132, '', '', '', '', '', '', '', ''),
(133, '', '', '', 'Occultation camera: Watec 902 H2 Ultimate   Minimal flux: 0.0001 lux   Maximum Frame per Second: 50 fps (odd/even)   1/2inch chip, 752x582 pixels', 'In 2007 we contributed with an  observation of a mutual event between the Uranian satellites Umbriel and Oberon. Paper published in A&amp;A: http://www.aanda.org/index.php?option=article&amp;access=doi&amp;doi=10.1051/0004-6361/200811523    b. In 2009 and 2010 we made many successfull observations of Saturnian and Jovian mutual events for PHEMU09 and PHESAT-09, which we have submitted to IMCCE (FR).    3. In August 3rd 2009 we have made a successfull observation of the occultation of 45-Capricorni by Jupiter see: http://www.iota-es.de/jupiter2009/occultation_results01.html  Our preliminary light curves: http://www.spartastronomy.gr/arthra/jupiter_45_cap/light-curves     4. Asteroid astrometry and asteroidal occultaions are other areas of interest for Ellinogermaniki Agogi Observatory.  \r\na. In 2007 we contributed with an  observation of a mutual event between the Uranian satellites Umbriel and Oberon. Paper published in A&amp;A: http://www.aanda.org/index.php?option=article&amp;access=doi&amp;doi=10.1051/0004-6361/200811523    b. In 2009 and 2010 we made many successfull observations of Saturnian and Jovian mutual events for PHEMU09 and PHESAT-09, which we have submitted to IMCCE (FR).    3. In August 3rd 2009 we have made a successfull observation of the occultation of 45-Capricorni by Jupiter see: http://www.iota-es.de/jupiter2009/occultation_results01.html  Our preliminary light curves: http://www.spartastronomy.gr/arthra/jupiter_45_cap/light-curves     4. Asteroid astrometry and asteroidal occultaions are other areas of interest for Ellinogermaniki Agogi Observatory.  ', '', 'Mr Vagelis Tsamis is a member of IOTA (www.iota-es.de) and is the operator of the 0.4 m telescope.    Dr Sofoklis Sotiriou is the administrator and director of the EA Observatory.    Dr Apostolos Christou is a scientific advisor of EA Obs, and an astronomer working in Armagh Observatory (UK). ', ''),
(134, '', '', '', '', 'Research SN, Astéroides, Asteroids and comets rotation curves,  Regular variable stars light curves, Exoplanets\r\n', '', '', ''),
(135, '', '', 'It has a range of 5-300 GHz. It works alongside two other radio observatories, Galenki RT-70 radio telescope and Suffa RT-70 radio telescope.', '', '', '', 'Is able to transmit messages to extraterrestrial civilizations.', ''),
(136, '', '', '', '', '', '', 'Proposal submission online via poopsie http://cadc.hia.nrc.gc.ca/poopsy/obsprop.html', ''),
(137, '', '', '', '', 'Main fields of work: Planetary imaging, variable star photometry, supernova search, asteroid occultations', '', 'My background is Assoc. Prof at Uppsala Univ., Dept. of Physics and Astronomy', ''),
(139, '', '', '', '- Starlight Xpress USB Filterwheel:  SXUFW-2T USB Filter Wheel with internal 5 position\r\n- Seletek focuser with Schmidt-Cassegrain SSCT-30B  Crayford focuser  \r\n- Qcam5 guide/planetcamera  ', 'I`m an Amateur Astronomer, so I dont think we can call it research, but I do try to take nice pictures of Galaxys, Nebulas, Planets, Comets etc.\r\n', '', '', ''),
(140, '', '', '', '', '', '', '', ''),
(141, '', '', '', 'Redshift Search Receiver 74-110.5 GHz SEQUOIA Receiver 85-115.6 GHz', '', '', 'Proposal sheet: http://www.astro.umass.edu/~fcrao/observer/proposal/fcrao-prop.tex Deadlines usually around 15 Sept, 15 January', ''),
(142, '', '', '', '', '', '', '', ''),
(143, '', 'Additional instruments:\r\n\r\n- H-alpha Personal Solar Telescope - Coronado PST (http://www.dangl.at/ausruest/ausrst09.htm)\r\n- Fujinon 16 x 70 FMT-SX (http://www.dangl.at/ausruest/ausrst03.htm)\r\n- Newton Optus 3''''\r\n(http://www.dangl.at/ausruest/ausrst02.htm)', '', '- BW Video camera  WAT-120N (with integrating feature)  \r\n- BW Video camera  WAT-902H2 Ultimate\r\n- KIWI-OSD GPS Video time inserter\r\n- BW digital Video camera DMK21AU04AS\r\n- BW cooled CCD camera Atik314L+  \r\n- Collection of filters \r\n- EL Flat field foil A3  ', '', '', 'The observatory in reality is a mobile amateur station mainly used at the coordinates given.  ', ''),
(145, '', '', '', 'Alt/Az Mount. Beam waveguide optics', '', '', '', ''),
(146, '', '', '', '', '', '', '31st March deadline, form: http://www.otri.iac.es/cci/, for details : http://www.ing.iac.es/Astronomy/observing/2010B-AO.pdf ', ''),
(147, 'Further addresses: http://www.tng.iac.es/info/', '', '', '', '', '', 'July 24th deadline\r\n\r\n', ''),
(148, 'List of contact addresses: https://science.nrao.edu/facilities/gbt/people/people', '', '', '', 'Galaxies\r\n', '', '', ''),
(149, '', 'A list of equipment and software can be found under: http://www.greenislandobservatory.com/equipment.html', '', '', '', '', '', ''),
(150, '', '', '', 'CCD Meteor Video Camera  WAT 902H3', 'Key Area 1 <br>Key Area 2 <br>Key Area 3 \r\n<br>Supernovae/Novae<br>Cosmology<br>Stellar Occultations\r\n', '', '', ''),
(151, '', '', '', '', '', '', '', ''),
(152, '', '', '', '', '', '', '- Schedule: http://astro.inaoep.mx/observatorios/cananea/elobservatorio/programa.php \r\n\r\n- Apply for time (Spanish): http://astro.inaoep.mx/observatorios/cananea/elobservatorio/solicitud.php', ''),
(153, '', '', '', '', '', '', '', ''),
(154, '', '', '', '', '', '', '', ''),
(155, '', '', '', '', '', '', '', ''),
(156, '', 'There are 6 small telescopes (25cm ~ 30cm reflector) and 10 portable telescopes. These are lent for public. CCD cameras and filters are available.', '', '', '', '', '', ''),
(157, '', '', '', 'Adaptive Optics of AEOS. Camera''s, Imagers and Radiometers.', '', '', '', ''),
(158, '', '', '', '', '\r\n', '', 'I have just a small home made observatory out here in the country. I really don''t know what i can do to help but i''ll let you be the judge of that.   Enjoy  Richard', ''),
(159, '', '', '', 'Spectrometer, VLBI', '', '', '', ''),
(160, '', '', '', 'GPS video time inserters, other sensitive non-integrating video cameras and small portable telescopes.', '- PA and photometry of close double stars of ~.03-5.0& separations using Lunar Occultations. \r\n\r\n- Mobile deployment of instruments to time asteroid occultations.\r\nPA and photometry of close double stars of ~.03&quot;-5.0&quot; separations using Lunar Occultations. Mobile deployment of instruments to time asteroid occultations.', '', '', ''),
(161, '', '', '', '', '', '', '', ''),
(162, '', '', '', '', 'Atmospheric Physics\r\n', '', '', ''),
(163, '', 'Further information on both antennas available under: \r\nhttp://www.haystack.mit.edu/atm/mho/instruments/isr/index.html', '', '', '', '', '', ''),
(164, 'http://www.astro.noa.gr/helmos/contact.html', '', '', '', '', '', 'To book time on the telescope, visit the following link and fill out the form: http://www.astro.noa.gr/helmos/applying.html', ''),
(165, '', '', '', '', 'Photometry of young stars\r\n', '', '', ''),
(166, '', '', '', '', 'Photometry and astrometry', '', '', ''),
(167, 'http://www.hoher-list.de/ohl-kontakt.htm', '', '', '', '', '', 'To book time on the telescope, fill out application form and fax it to: +49 6592 9825858 \r\nForm: http://www.astro.uni-bonn.de/~ccd/hl/schedules/observers_request.pdf', ''),
(168, '', '', '', '', '', '', '', ''),
(169, '', 'Further information on all available instruments can be seen under: http://www.david-higgins.com/Astronomy/observatory.htm', '', '', '- Primary research: Minor Planet Astrometry under Dr Petr Pravec, Ondrejov Observatory\r\n\r\n- Member of BINAST and MicroFun teams', '', '', ''),
(170, '', 'Further information on the whole equipment available (in German) under: http://members.infodat.at/Sternwarte_Seng/Geraete.htm', '', '', '', '', '', ''),
(171, 'http://www.iiap.res.in/about/contacts', '', '', '', '', '', '', ''),
(172, '', '', '', '', '', '', 'Access to the ING facilities is available to European researchers through the auspices of the FP7 OPTICON network.', ''),
(173, '', 'Information about MERLIN: http://www.merlin.ac.uk/', '', '', '', '', 'It is part of MERLIN and the European VLBI Network arrays of radio telescopes', ''),
(174, 'verein@jksw.de\r\nUrl: http://www.jksw.de\r\n - \r\nLatitude:  - Longitude: ', 'Further information on the telescopes available under: http://www.jksw.de/optics.html', '', '', '', '', '', ''),
(175, '', '', '', '', '', '', '', ''),
(176, 'http://park22.wakwak.com/~nict-kasse2/input_e.html', '\r\n- Further antennas available at KSTC:\r\n* 13m antenna for Broadcasting Sattelite experiments\r\n* 13m antenna for Communications Sattelite experiments\r\n* Rotary-Baseline Interferometer\r\n* 34m antenna for Radio Astronomy and VLBI\r\n* 11m antenna for Very Long Baseline Interferometry (Key Stone Project)\r\n\r\n- Others:\r\n* 75cm optical telescope for Satellite Laser Ranging (Key Stone Project)\r\n* Optical Monitoring and Tracking(cluster 35cm telescopes)\r\n* Sundials\r\n* Radio Anechoic Chamber\r\n* Chemical Etching Room', '', '', '', '', '', ''),
(177, 'http://sunbase.nict.go.jp/cgi-bin/request_form/requestCRL.cgi', '', '', '', '', '', '', ''),
(178, 'gary@kielderobservatory.org\r\nsarah@kielderobservatory.org', 'Further information on all telescopes available under: http://www.kielderobservatory.org/welcome/equipment.html', '', '', '', '', '', ''),
(179, 'http://www.rmg.co.uk/contact/', '', '', '', '', '', '', ''),
(180, '', '', '', '', '', '', '', ''),
(181, '', '', '', '', '', '', '', ''),
(182, 'Phone: \r\nUrl: http://www.ctio.noao.edu/\r\n - \r\nLatitude: 70?44''12.10'' - Longitude: 30?14''26.70''', '', '', '', '', '', 'Proposals: http://www.noao.edu/gateway/propinfo.html', ''),
(183, 'Phone: \r\nUrl: http://www.ctio.noao.edu/\r\n - \r\nLatitude: ? - Longitude: ?', 'Other smaller Telescopes are available', '', '4k x 4k CCD Camera ; Various Spectrograph and Imagers are also available at different wavelength ranges.', '', '', 'http://www.noao.edu/gateway/propinfo.html', ''),
(185, 'Timothy C. Beers, Director, Phone: 520-318-8491 (email to "first_inital_last_name(at)noao.edu")', 'NUM-Mosiac Camera 8kx8k Wide Field ; IR Camera IR Spectrometer GoldCam Spectrograph CCD Imager', '', '', '', '', '', ''),
(186, '', '', '', '', 'Near-Earth Objects, comets\r\n', '', '', ''),
(187, '', '', '', '', 'Asteroidal, satellite and planetary occultations\r\n', '', '', ''),
(188, 'Send questions or a description of your proposed observations via e-mail to Prof. Stutzki', '', '', '', '', '', '', ''),
(189, '', 'Several other smaller and historical telescopes at this site. Information on all of them can be found under: http://www.astro.uu.se/history/kvist_telescopes.html', '', '', '', '', '', ''),
(191, '', 'Further information on the whole equipment of the observatory available under: http://www.astrolandofoz.com/Equipment.HTML', '', '', '', '', '', ''),
(192, 'lbosky@aol.com\r\nPhone: 1 719 6322829\r\nUrl: http://www.teuton.lbo.org\r\nPaul R. Signorelli<br> - lbosky@aol.com<br>\r\nLatitude: 38°  52'' 36'' - Longitude: 105° 16'' 38''', '', '', 'Brand/Type of Camera: Film', '', '', '', ''),
(193, '', 'Future instrument for the 3.5-m telescope: ODI Camera.\r\n\r\nThe One Degree Imager (ODI) will utilize both WIYN''s one degree field of view and excellent image qualtity. The focal plane of the optical imager will be sampled with 0.1" pixels, or 1 Gigapixels in total. The sharpness of images will be actively improved by correcting images for tip/tilt image motion during the integration corrections will be done over the entire field of view, using a novel detector technology called Orthogonal Transfer Array CCD, making ODI a unique and competitive instrument in the era of wide-field surveys.', '', '', '', '', 'The telescope is owned and operated by the WIYN Consortium, which consists of the University of Wisconsin, Indiana University, Yale University, and the National Optical Astronomy Observatory (NOAO).\r\n\r\nDeadlines for applications usually the last Thursday in September for February-July observing, and the last Thursday in March for August-January observing. Application online via http://www.noao.edu/noaoprop/noaoprop.html', ''),
(194, '', 'Instrumentation with limited access:\r\n- SOFIN - The Soviet-Finnish optical high-resolution spectrograph\r\n- TURPOL - The Turku photo-polarimeter\r\n\r\nOther instruments:\r\n- LuckyCam - High resolution "Lucky" imaging in the visible\r\n- PolCor - The PolCor "Lucky" Polarimeter/coronagraph ', '', '    \r\n', '', '', 'NOTSA is governed and funded by the following partners (Associates):\r\nForskningsrådet for Natur og Univers (Denmark)\r\nSuomen Akatemia (Finland)\r\nHáskóli Íslands (Iceland)\r\nNorges forskningsråd (Norway)\r\nVetenskapsrådet (Sweden)', ''),
(196, '', 'Other small telescopes can be mounted', '', '', 'Use photometry to a great extent', '', 'Several small telescopes on a single mount operated via Ethernet connection', 'All good !'),
(197, '', '', '', '', '', '', '', ''),
(198, 'Staff list: http://www.casleo.gov.ar/personal-en.php', '', '', '', '', '', '- Information for observers: http://www.casleo.gov.ar/info-obs-en.php\r\n- Request for observing time: http://www.casleo.gov.ar/turnos-en.php', ''),
(199, '', '', '', '', '', '', '- Schedules:http://mtham.ucolick.org/techdocs/schedules/ \r\n- Apply for time:http://mtham.ucolick.org/techdocs/telescopes/time_apps/', ''),
(200, 'ltsupport_astronomer@astro.livjm.ac.uk', '', '', '', '', '', '', ''),
(201, '', '', '', '', 'Imaging and spectroscopy of the solar emission corona and prominences.', '', '', ''),
(202, 'More on Department of Space Physics, IEP SAS can be found at http://space.saske.sk kkudela@kosice.upjs.sk\r\n', '', '', '', 'Continuous measurements of cosmic rays by neutron monitor with relatively high statistical accuracy.\r\n', '', 'Data available with 1 min resolution', ''),
(203, 'Staff list: http://www.lowell.edu/about_staff.php', 'Additional telescope: TMT - Titan Monitoring Telescope -> http://www.lowell.edu/research_telescopes_tmt.php\r\n\r\nDiscovery Channel Telescope 4m, Under construction near Happy Jack Arizona. Various Other Smaller Telescopes', 'US Navy Prototype Optical Interferometer: http://www.lowell.edu/research_telescopes_noi.php', 'Perkins: \r\n- DeVeny Optical Spectrograph\r\n- Prism Camera Wide Field\r\n- MIMIR Camera Near Infrared Wide Field\r\n- Kron Photometer Optical\r\n\r\nJSHall:\r\n- Kron Photometer Optical\r\n- SITe Camera 2048*2048', '', '', 'Schedules: http://www.lowell.edu/Research/Mesa/Schedules/', ''),
(204, '', '', '', '', '', '', '', ''),
(205, '', 'Further information on the telescope and on the camera available in Italian under: http://obs560.interfree.it/gli%20strumenti/gli%20strumenti.html', '', '', '', '', '', ''),
(206, '', '', '', 'CCD Imager 4kx4k', '', '', '', ''),
(207, 'Important contacts, addresses and telephone numbers: http://www.magic.iac.es/contacts/', '', '', '', '', '', 'THE MAGIC Telescope Collaboration: http://wwwmagic.mppmu.mpg.de/collaboration/index.html', ''),
(208, '', '', '', 'Littrow spectrograph 3.4 A/px - R2000', '', '', '', ''),
(209, '', '', '', '', '', '', 'The Marshal Martz Memorial Astronomical Association, Inc. is a non-profit organization devoted to the amateur astronomer. The emphasis of our association is observational astronomy, well-rooted in public education and enjoyment of the starry skies.    Our mission is to inform educate and inspire the general public and support teaching in the sciences of astronomy and physics.  ', ''),
(210, '', '', '', 'Filters: UV, R,V,B -> 742nm, 830nm, 890nm/18nm', '', '', '', ''),
(211, '', '', '', '', '', '', 'The HET operates a queue scheduled observing program.', ''),
(212, '', '', '', '', '', '', '', ''),
(213, '', '', '', '', 'Areas of research include: Research in radio astronomy, development of instruments needed in radio astronomy, development of methods for radio astronomical measurements, space research and education', '', 'Member of the European VLBI network.', ''),
(214, '', '', '', 'Brand/Type of Camera: Roper Scientific (Photometrics LTd.)<br>Framesize: 1340x1300 pixels<br>Color / BW Chip: BW<br>CCD Chip Type: EEV 1340EB', '', '', '', ''),
(215, '', '', '', '', '', '', '', ''),
(216, '', '', '', '', '', '', 'Schedule:http://www.astro.umontreal.ca/omm/calendrier_fr.html Deadlines for application usually on 1st Thursday of November March or June', ''),
(217, '', '', '', '', '', '', '', ''),
(218, '', '', '', '', '', '', '', ''),
(219, '', '', '', '', '', '', '- Information for Mopra observers: http://www.narrabri.atnf.csiro.au/mopra/obsinfo.html\r\n- ', ''),
(220, 'Vatican-http://vaticanobservatory.org/index.php?option=com_contact&view=contact&id=9&Itemid=144\r\nVatican-http://vaticanobservatory.org/index.php?option=com_contact&view=contact&id=9&Itemid=144\r\nPhone: 928-428-2739\r\nUrl: http://mgpc3.as.arizona.edu/\r\n - \r\nLatitude: 109?53'' W - Longitude: 32?42''4.69''''', '', '', '', '', '', '', ''),
(221, '', '', '', 'CCDs ; Cassegrain Spectrograph ; Near-Infrared Camera ; Automated Photometer; Coude Bench Spectrograph; Grism Spectrograph', '', '', '', ''),
(222, '', '', '', '', '', '', '', ''),
(223, '', '', '', '', '', '', '', ''),
(224, '', 'https://dept.astro.lsa.umich.edu/obs/mdm/technical/ccds.html\r\n\r\nMDM Observatory has six CCDs available for general use.  These CCDs\r\ncan be used in imaging mode at either telescope, and on the Modular and\r\nMkIII spectrographs.  The 8K Mosaic camera and the OSU CCD spectrograph\r\nhave their own CCDS.\r\n\r\nFilter information:\r\nhttps://dept.astro.lsa.umich.edu/obs/mdm/technical/filters/index.html\r\n\r\nThe following instruments are available:\r\nhttps://dept.astro.lsa.umich.edu/obs/mdm/technical/index.html\r\n\r\n- 8K Imaging Camera for 2.4-m and 1.3-m: http://www.astro.columbia.edu/~arlin/MDM8K/index.html\r\n\r\n- 8K Imaging Camera for 2.4-m and 1.3-m\r\n\r\nSpectrographs:\r\n- MkIII - low resolution on 2.4-m and 1.3-m\r\n- Decaspec - multi-object spectrograph head for MkIII on 2.4-m\r\n- Modular - moderate resolution spectrograph\r\n- OSU CCD Spectrograph\r\n- OSMOS\r\n\r\n- OSU IR camera - for 2.4-m and 1.3-m\r\n- OSU 4k camera - for 1.3-m', '', '', '', '', 'Schedule - http://mdm.kpno.noao.edu/schedule.html \r\n', ''),
(225, '', '0.9m Spacewatch Telescope', '', 'ARO:ALMA Type Band 3 Receiver 83-116 GHz; 3mmlo Receiver 68-90 Ghz; 3mmhi Receiver 90-116 GHz; 2mm Receiver 133-180 GHz; \r\n\r\nBok:Near-Infrared Camera 256x256 ; MIRAC Camera Mid Infrared 44x44 (seconds); FSPEC Spectrograph Infrared; PISCES Camera Infrared Wide Field; CCD Spectropolarimeter Optical ;', '', '', '', ''),
(226, '', '', '', 'Link to the equipment of the observatory: http://alancastillo.com/equipmain.html', '', '', '', ''),
(227, '', '', '', '', '', '', '', ''),
(228, '', '', '', '', '', '', '', ''),
(229, '', '', '', 'fourier transform spectrograph, Acousto-Optical spectrograph', '', '', '', ''),
(230, '', 'Further information on all telescopes and instruments can be found under http://www.nao-rozhen.org/telescopes/fr_en.htm\r\n\r\nAlternatively to the direct imaging and high resolution spectral observations, a two-channel focal reducer cab be used at the 2-meter telescope. It provides several modes of observations: broad-band and narrow-band imaging, polarimetric imaging, low dispersion spectroscopy (R approx. 1000). ', '', '', 'Physics and evolution of stars; planetary science; galaxies and cosmology; heliophysics', '', '', ''),
(231, 'andrew@nikauobservatory.com\r\nPhone: \r\nUrl: http://www.nikauobservatory.com\r\n - \r\nLatitude: 40  02''14.8& - Longitude: 175 54''54.30', '', '', '', '', '', '', ''),
(232, 'nunkiobservatory@otenet.gr', '', '', '', '\r\n', '', '', ''),
(233, '', '', '', 'I have sunscreen hydrogen-alpha', 'Exoplanets in the testing phase; photometry blazar\r\n', '', 'Partner of the Astronomical Association of Sabadell, with which to comment, planoccult. I realize with the English translator, I apologize for errors', ''),
(234, '', 'Further information on all telescopes and instruments available under http://astro.perroud-net.fr/materiel.html', '', '', '', '', '', ''),
(235, '', '', '', '', '', '', '', ''),
(236, '', '', '', 'CFW-9 Filter Wheel   + filters Bessel B,V,R Custon Scientific', '', '', '', ''),
(237, '', '- 10 other portable instruments from 0.2 to 0.1 m diameter\r\n\r\nFurther information on telescopes and instruments available under http://www.astrosabadell.org/html/es/observatoriosab.htm', '', '', '', '', '', ''),
(238, '', '', '', '', '', '', '', ''),
(239, '', 'Further information on the equipment available under http://www.eduardoleyton.com/Astronomia/instrumentos_y_accesorios.htm', '', '', 'Sun Plot and other for studyng in group \r\n', '', '', ''),
(241, '', '', '', '', '', '', '', ''),
(242, '', '', '', '', 'Okayama Astrophysical Observatory is a common-user national observatory. In principle you need to submit an observing proposal to the time allocation committee for using the 1.88m telescope, and the observatory is open for researchers in overseas (it is required that the proposer should belong to any research institutes). Call for proposals is usually out in March and Sept. Please refer the observatory web site for further information.', '', '', ''),
(243, '', 'Further information on telescopes and instrument available in French under http://www.outters.fr/materiel-bis.htm', '', '', 'http://www.outters.fr/possible-nebuleuse-planetaire.html\r\n', '', '', ''),
(244, 'giba44@interfree.it\r\nPhone: \r\nUrl: http://giba44.interfree.it/\r\nGiovanni Bartolozzi<br> - giba44@interfree.it<br>\r\nLatitude: 11° 42'' 59'''' - Longitude: 43° 48'' 18''''', '', '', '', '', '', 'Codice IAU  A78', ''),
(245, 'tesiluciano@yahoo.it', '', '', '', 'Astrometry of asteroids and comets  New asteroids research.\r\n', '', '', ''),
(246, '', '', 'CARMA Array, millimeter wavelengths, observations using 6x10.4m and 9x6m Dishes. Further information on this array available under http://www.mmarray.org/', '', '', '', '', ''),
(247, '', '', '', '12m ASKAP prototype antenna', '', '', '15-Jun 15-Dec deadlines form: http://www.atnf.csiro.au/observers/accomm/', ''),
(248, '', 'Smaller telescopes also available.', 'Palomar Testbed Interferometer- Near IR. No longer operating, but previous data can still be accessed.', '', '', '', '- Schedule: http://www.palomar.caltech.edu:8000/calendar.tcl \r\n- Forms: http://www.astro.caltech.edu/~tac/obsforms/ Deadlines on 1st of March', ''),
(249, '', '', '', 'The Compact Array Broadband Backend: http://www.narrabri.atnf.csiro.au/observing/CABB.html', '', '', 'Interferometer funded till 2013 Form : http://www.atnf.csiro.au/observers/accomm/ deadlines: 15-Jun 15-Dec', ''),
(250, '', 'Further information in Portuguese on all telescopes available under http://www.lna.br/opd/telescop/telescop.html#160bc\r\n\r\n', '', '- Information in Portuguese on available backend equipment available under http://www.lna.br/opd/instrum/instr.html', '', '', '', ''),
(251, '', '- PARI Sky (24 hour wide angle camera): http://www.pari.edu/telescopes/OpticalTelescopes/our-sky-1/\r\n\r\n- Polaris Monitoring Program (Monitoring Polaris - A Cepheid Variable Star with a Meade 8-inch f/10 telescope): http://www.pari.edu/telescopes/OpticalTelescopes/alphaumi/\r\n\r\n- North Sky Monitoring Program (Monitoring 2 degrees x 3 degrees of the north polar sky): http://www.pari.edu/telescopes/OpticalTelescopes/polaris/\r\n\r\nVarious small optical telescopes. ', '', '', '', '', '', ''),
(252, '', '', '', '', 'A lot of research is focused on variable stars.', '', '', ''),
(253, 'Contact Public Outreach:    \r\nKarin Zacher  zacher@iram.frinfo@iram.fr\r\n', '', '', '', '', '', '', ''),
(254, '\r\n', '', '', '', 'History of astronomy and historical observations\r\n', '', '', ''),
(255, '', '', '', '', '', '', '', ''),
(256, '', '', '', '', '', '', '', ''),
(257, '', 'Qinhai station is also equipped with some optical telescopes used for the observations of celestial objects in solar system.', '', '', '', '', '', ''),
(258, '', '', '', '', '', '', '', ''),
(259, '', '', '', '', 'NEO/Minor Planet follow-up observations; Photometry/Lightcurve science.\r\n', '', '', ''),
(260, 'Contact form: http://www.lco.cl/contact-info', '', '', '', '', '', 'Proposals: http://obs.carnegiescience.edu/Proposals - see also this site for details about schedules', ''),
(261, '', '', 'MERLIN is an array of seven radio telescopes, spanning 217km. Its capabilities include; Observing bands at 1.3-1.8 GHz, 4-8 GHz, 22-24 GHz, a resolution 10 to 150 mas, a total bandwidth of 4 GHz.', '', '', '', 'To request time of MERLIN, visit the following webpage: http://www.merlin.ac.uk/propsub/', ''),
(262, 'or 569951\r\nor 569951\r\nPhone: 340123\r\nUrl: \r\nCh. V. Sastry - \r\nLatitude: 77? 27? 07?? - Longitude: 13? 36? 12??', '', '', '', '', '', '', ''),
(263, '', '', '', '', '', '', 'Amateur Observatory. More info at:\r\nhttp://martinmobberley.co.uk/', '');
INSERT INTO `additional_information` (`id`, `further_contacts`, `additional_instruments`, `array_description`, `backend_description`, `research_comments`, `target_comments`, `general_comments`, `feedback`) VALUES
(264, '', '', '', '', 'my main observations are involved in monitoring comets for outburst activity and ion providing astrometry to MPC', '', 'I hope I can be useful to your research. It will be essential to let me know what type of observations will be useful for the programme and what equipment will be required to participate. Should any special photometric filters be needed, would the programme resources be able to provide them for observers such as myself?  ', ''),
(265, '', '', '', '', '', '', '', 'Straight forward application. No issues.'),
(266, '', '', '', '', '', '', '', ''),
(267, '', 'Additional Receivers for  Forward Scatter Meteor observing.\r\nPlanned 2m 1420Mhz dish', '', '', '', '', '', ''),
(268, '', 'List of all instruments: http://www.astrosurf.com/re/telescopes.html', '', '', '', '', '', ''),
(269, '', '', '', '', '', '', 'Just an amateur astronomer with his own tiny little observatory.', ''),
(270, '', '', '', '', '', '', 'Home of the Advanced Instrumetnation Technology Center: http://rsaa.anu.edu.au/technology/advanced-instrumentation-technology-centre\r\n\r\nContact Website: http://rsaa.anu.edu.au/about-us/contact-us\r\n', ''),
(271, '', '', '', '', '', '', '', ''),
(272, '', '', '', '', '', '', '', ''),
(273, 'Staff list: http://sourcedb.cas.cn/sourcedb_shao_cas/yw/pl/fs/index.html', '', '', '', '', '', 'Part of the Chinese VLBI and the EVN', ''),
(274, 'Ibadinov Khursand Ibadinovich - Director, ibadinov@mail.ru', '', '', '', '', '', '', ''),
(275, '', '', '', '', '', '', 'Part of the International VLBI network', ''),
(276, '', '', '', '', '', '', '', ''),
(277, '', 'Further information on the telescopes and its instruments available under http://www.brera.mi.astro.it/sormano/instruments.html', '', '', '', '', '', ''),
(278, 'SOFIA Science Team: http://www.sofia.usra.edu/Science/team/index.html', '', '', '', '', '', 'Stratospheric Observatory for Infrared Astronomy, mounted on an airplane.', ''),
(279, 'Staff Members: http://www.saao.ac.za/about/contact/staff-members/', '', '', '', '', '', 'SALT form: http://www.saao.ac.za/observing/telescope-time-applications/  \r\ndeadlines: 01-Oct, 01-Jan, 01-Apr, 01-Jul', ''),
(280, '', '', '', '', '', '', '', ''),
(281, '', '', '', '', '', '', '', ''),
(282, '', '', '', '', '', '', '', ''),
(283, '', '', '', '', '', '', '', ''),
(284, '', 'Overview of all instruments and their corresponding telescopes:\r\nhttp://www.ctio.noao.edu/noao/content/Instruments-Telescope\r\n\r\nThere are also some smaller (~0.5 m) tenant telescopes at the observatory site. ', '', '', '', '', '', ''),
(285, '', '', '', '', 'In Observatory there are carried out investigations in the following fields as well: physics of solar –terrestrial relations and space weather effect ` study , history of astronomy, theroretical astrophysics, cosmology, helioseismology, radioastronomy,practical astronomy , celestial mechanics, galaxies, dynamics of artificial satellites, etc. Last years the new direction on development  and construction of astronomical devices, such as Echelle spectrograps, used for investigation of celestial objects, is growing successfully.', '', '', 'The instruments link on the observatory''s website is broken but may be updated later\r\nhttp://www.shao.az/index.php?option=com_content&view=article&id=3&Itemid=5');

-- --------------------------------------------------------

--
-- Tabellenstruktur für Tabelle `agencies`
--

CREATE TABLE IF NOT EXISTS `agencies` (
  `id` int(10) unsigned NOT NULL AUTO_INCREMENT,
  `acronym` varchar(20) NOT NULL,
  `name` text NOT NULL,
  `web_address` text NOT NULL,
  PRIMARY KEY (`id`)
) ENGINE=InnoDB  DEFAULT CHARSET=utf8 AUTO_INCREMENT=13 ;

--
-- Daten für Tabelle `agencies`
--

INSERT INTO `agencies` (`id`, `acronym`, `name`, `web_address`) VALUES
(1, 'NASA', 'National Aeronautics and Space Administration', 'http://www.nasa.gov/'),
(2, 'ESA', 'European Space Agency', 'http://www.esa.int/'),
(3, 'UKSA', 'UK Space Agency', 'http://www.ukspaceagency.bis.gov.uk/'),
(4, 'CNES', 'Centre National d''Études Spatiale', 'http://www.cnes.fr/'),
(5, 'CNSA', 'China National Space Administration', 'http://www.cnsa.gov.cn/'),
(6, 'JAXA', 'Japan Aerospace Exploration Agency', 'http://www.jaxa.jp'),
(7, 'SSAU', 'State Space Agency of Ukraine', 'http://www.nkau.gov.ua/'),
(8, 'AEB', 'Brazilian Space Agency', 'http://www.aeb.gov.br/'),
(9, 'DLR', 'Deutsches Zentrum für Luft- und Raumfahrt', 'http://www.dlr.de/'),
(10, 'ASI', 'Agenzia Spaziale Italiana', 'http://www.asi.it/'),
(11, 'ISRO', 'Indian Space Research Organisation', 'http://www.isro.org/'),
(12, 'ROSCOSMOS', 'Russian Federal Space Agency', 'http://www.roscosmos.ru/');

-- --------------------------------------------------------

--
-- Tabellenstruktur für Tabelle `antenna_types`
--

CREATE TABLE IF NOT EXISTS `antenna_types` (
  `id` int(10) unsigned NOT NULL AUTO_INCREMENT,
  `antenna_type` text NOT NULL,
  PRIMARY KEY (`id`)
) ENGINE=InnoDB  DEFAULT CHARSET=utf8 AUTO_INCREMENT=14 ;

--
-- Daten für Tabelle `antenna_types`
--

INSERT INTO `antenna_types` (`id`, `antenna_type`) VALUES
(1, '---'),
(2, 'Dipole'),
(3, 'Whip'),
(4, 'Loop'),
(5, 'Helical'),
(6, 'Yagi'),
(7, 'Log Periodic'),
(8, 'Conical'),
(9, 'Cylindrical'),
(10, 'Horn'),
(11, 'Parabolic'),
(12, 'Spherical'),
(13, 'Other');

-- --------------------------------------------------------

--
-- Tabellenstruktur für Tabelle `clearnights_ranges`
--

CREATE TABLE IF NOT EXISTS `clearnights_ranges` (
  `id` int(10) unsigned NOT NULL AUTO_INCREMENT,
  `range` varchar(20) NOT NULL,
  PRIMARY KEY (`id`)
) ENGINE=InnoDB  DEFAULT CHARSET=utf8 AUTO_INCREMENT=9 ;

--
-- Daten für Tabelle `clearnights_ranges`
--

INSERT INTO `clearnights_ranges` (`id`, `range`) VALUES
(1, '<50'),
(2, '51-100'),
(3, '101-150'),
(4, '151-200'),
(5, '201-250'),
(6, '251-300'),
(7, '>300'),
(8, '---');

-- --------------------------------------------------------

--
-- Tabellenstruktur für Tabelle `countries`
--

CREATE TABLE IF NOT EXISTS `countries` (
  `id` int(10) unsigned NOT NULL AUTO_INCREMENT,
  `acronym` varchar(5) NOT NULL,
  `name` text NOT NULL,
  PRIMARY KEY (`id`)
) ENGINE=InnoDB  DEFAULT CHARSET=utf8 AUTO_INCREMENT=233 ;

--
-- Daten für Tabelle `countries`
--

INSERT INTO `countries` (`id`, `acronym`, `name`) VALUES
(1, 'AF', 'Afghanistan'),
(2, 'AL', 'Albania'),
(3, 'DZ', 'Algeria'),
(4, 'AS', 'American Samoa'),
(5, 'AD', 'Andorra'),
(6, 'AO', 'Angola'),
(7, 'AI', 'Anguilla'),
(8, 'AQ', 'Antarctica'),
(9, 'AG', 'Antigua And Barbuda'),
(10, 'AR', 'Argentina'),
(11, 'AM', 'Armenia'),
(12, 'AW', 'Aruba'),
(13, 'AU', 'Australia'),
(14, 'AT', 'Austria'),
(15, 'AZ', 'Azerbaijan'),
(16, 'BS', 'Bahamas'),
(17, 'BH', 'Bahrain'),
(18, 'BD', 'Bangladesh'),
(19, 'BB', 'Barbados'),
(20, 'BY', 'Belarus'),
(21, 'BE', 'Belgium'),
(22, 'BZ', 'Belize'),
(23, 'BJ', 'Benin'),
(24, 'BM', 'Bermuda'),
(25, 'BT', 'Bhutan'),
(26, 'BO', 'Bolivia'),
(27, 'BA', 'Bosnia & Herzegovina'),
(28, 'BW', 'Botswana'),
(29, 'BV', 'Bouvet Island'),
(30, 'BR', 'Brazil'),
(31, 'IO', 'British Indian Ocean Territory'),
(32, 'BN', 'Brunei'),
(33, 'BG', 'Bulgaria'),
(34, 'BF', 'Burkina Faso'),
(35, 'BI', 'Burundi'),
(36, 'KH', 'Cambodia'),
(37, 'CM', 'Cameroon'),
(38, 'CA', 'Canada'),
(39, 'CV', 'Cape Verde'),
(40, 'KY', 'Cayman Islands'),
(41, 'CF', 'Central African Republic'),
(42, 'TD', 'Chad'),
(43, 'CL', 'Chile'),
(44, 'CN', 'China'),
(45, 'CX', 'Christmas Island'),
(46, 'CC', 'Cocos (Keeling) Islands'),
(47, 'CO', 'Colombia'),
(48, 'KM', 'Comoros'),
(49, 'CG', 'Congo'),
(50, 'ZR', 'Congo (The Democratic Republic Of The)'),
(51, 'CK', 'Cook Islands'),
(52, 'CR', 'Costa Rica'),
(53, 'CI', 'Cote D''Ivoire'),
(54, 'HR', 'Croatia'),
(55, 'CY', 'Cyprus'),
(56, 'CZ', 'Czech Republic'),
(57, 'DK', 'Denmark'),
(58, 'DJ', 'Djibouti'),
(59, 'DM', 'Dominica'),
(60, 'DO', 'Dominican Republic'),
(61, 'TP', 'East Timor'),
(62, 'EC', 'Ecuador'),
(63, 'EG', 'Egypt'),
(64, 'SV', 'El Salvador'),
(65, 'GQ', 'Equatorial Guinea'),
(66, 'ER', 'Eritrea'),
(67, 'EE', 'Estonia'),
(68, 'ET', 'Ethiopia'),
(69, 'FK', 'Falkland Islands'),
(70, 'FO', 'Faroe Islands'),
(71, 'FJ', 'Fiji'),
(72, 'FI', 'Finland'),
(73, 'FR', 'France'),
(74, 'FX', 'France Metropolitan'),
(75, 'GF', 'French Guiana'),
(76, 'PF', 'French Polynesia'),
(77, 'TF', 'French Southern Territories'),
(78, 'GA', 'Gabon'),
(79, 'GM', 'Gambia'),
(80, 'GE', 'Georgia'),
(81, 'DE', 'Germany'),
(82, 'GH', 'Ghana'),
(83, 'GI', 'Gibraltar'),
(84, 'GR', 'Greece'),
(85, 'GL', 'Greenland'),
(86, 'GD', 'Grenada'),
(87, 'GP', 'Guadeloupe'),
(88, 'GU', 'Guam'),
(89, 'GT', 'Guatemala'),
(90, 'GN', 'Guinea'),
(91, 'GW', 'Guinea-Bissau'),
(92, 'GY', 'Guyana'),
(93, 'HT', 'Haiti'),
(94, 'HM', 'Heard And Mc Donald Islands'),
(95, 'HN', 'Honduras'),
(96, 'HK', 'Hong Kong'),
(97, 'HU', 'Hungary'),
(98, 'IS', 'Iceland'),
(99, 'IN', 'India'),
(100, 'ID', 'Indonesia'),
(101, 'IE', 'Ireland'),
(102, 'IL', 'Israel'),
(103, 'IT', 'Italy'),
(104, 'JM', 'Jamaica'),
(105, 'JP', 'Japan'),
(106, 'JO', 'Jordan'),
(107, 'KZ', 'Kazakhstan'),
(108, 'KE', 'Kenya'),
(109, 'KI', 'Kiribati'),
(110, 'KW', 'Kuwait'),
(111, 'KG', 'Kyrgyzstan'),
(112, 'LA', 'Laos'),
(113, 'LV', 'Latvia'),
(114, 'LB', 'Lebanon'),
(115, 'LS', 'Lesotho'),
(116, 'LR', 'Liberia'),
(117, 'LI', 'Liechtenstein'),
(118, 'LT', 'Lithuania'),
(119, 'LU', 'Luxembourg'),
(120, 'MO', 'Macau'),
(121, 'MK', 'Macedonia (The F.Y.R. Of)'),
(122, 'MG', 'Madagascar'),
(123, 'MW', 'Malawi'),
(124, 'MY', 'Malaysia'),
(125, 'MV', 'Maldives'),
(126, 'ML', 'Mali'),
(127, 'MT', 'Malta'),
(128, 'MH', 'Marshall Islands'),
(129, 'MQ', 'Martinique'),
(130, 'MR', 'Mauritania'),
(131, 'MU', 'Mauritius'),
(132, 'YT', 'Mayotte'),
(133, 'MX', 'Mexico'),
(134, 'FM', 'Micronesia'),
(135, 'MD', 'Moldova'),
(136, 'MC', 'Monaco'),
(137, 'MN', 'Mongolia'),
(138, 'MS', 'Montserrat'),
(139, 'MA', 'Morocco'),
(140, 'MZ', 'Mozambique'),
(141, 'MM', 'Myanmar'),
(142, 'NA', 'Namibia'),
(143, 'NR', 'Nauru'),
(144, 'NP', 'Nepal'),
(145, 'NL', 'Netherlands'),
(146, 'AN', 'Netherlands Antilles'),
(147, 'NC', 'New Caledonia'),
(148, 'NZ', 'New Zealand'),
(149, 'NI', 'Nicaragua'),
(150, 'NE', 'Niger'),
(151, 'NG', 'Nigeria'),
(152, 'NU', 'Niue'),
(153, 'NF', 'Norfolk Island'),
(154, 'MP', 'Northern Mariana Islands'),
(155, 'NO', 'Norway'),
(156, 'OM', 'Oman'),
(157, 'PK', 'Pakistan'),
(158, 'PW', 'Palau'),
(159, 'PA', 'Panama'),
(160, 'PG', 'Papua New Guinea'),
(161, 'PY', 'Paraguay'),
(162, 'PE', 'Peru'),
(163, 'PH', 'Philippines'),
(164, 'PN', 'Pitcairn'),
(165, 'PL', 'Poland'),
(166, 'PT', 'Portugal'),
(167, 'PR', 'Puerto Rico'),
(168, 'QA', 'Qatar'),
(169, 'RE', 'Reunion'),
(170, 'RO', 'Romania'),
(171, 'RU', 'Russian Federation'),
(172, 'RW', 'Rwanda'),
(173, 'GS', 'S Georgia & S Sandwich Islands'),
(174, 'KN', 'Saint Kitts And Nevis'),
(175, 'LC', 'Saint Lucia'),
(176, 'VC', 'Saint Vincent & The Grenadines'),
(177, 'WS', 'Samoa'),
(178, 'SM', 'San Marino'),
(179, 'ST', 'Sao Tome And Principe'),
(180, 'SA', 'Saudi Arabia'),
(181, 'SN', 'Senegal'),
(182, 'YU', 'Serbia And Montenegro'),
(183, 'SC', 'Seychelles'),
(184, 'SL', 'Sierra Leone'),
(185, 'SG', 'Singapore'),
(186, 'SK', 'Slovakia'),
(187, 'SI', 'Slovenia'),
(188, 'SB', 'Solomon Islands'),
(189, 'SO', 'Somalia'),
(190, 'ZA', 'South Africa'),
(191, 'KR', 'South Korea'),
(192, 'ES', 'Spain'),
(193, 'LK', 'Sri Lanka'),
(194, 'SH', 'St. Helena'),
(195, 'PM', 'St. Pierre And Miquelon'),
(196, 'SR', 'Suriname'),
(197, 'SJ', 'Svalbard And Jan Mayen Islands'),
(198, 'SZ', 'Swaziland'),
(199, 'SE', 'Sweden'),
(200, 'CH', 'Switzerland'),
(201, 'TW', 'Taiwan'),
(202, 'TJ', 'Tajikistan'),
(203, 'TZ', 'Tanzania'),
(204, 'TH', 'Thailand'),
(205, 'TG', 'Togo'),
(206, 'TK', 'Tokelau'),
(207, 'TO', 'Tonga'),
(208, 'TT', 'Trinidad And Tobago'),
(209, 'TN', 'Tunisia'),
(210, 'TR', 'Turkey'),
(211, 'TM', 'Turkmenistan'),
(212, 'TC', 'Turks And Caicos Islands'),
(213, 'TV', 'Tuvalu'),
(214, 'UG', 'Uganda'),
(215, 'UA', 'Ukraine'),
(216, 'AE', 'United Arab Emirates'),
(217, 'GB', 'United Kingdom'),
(218, 'US', 'United States'),
(219, 'UM', 'United States Outlying Islands'),
(220, 'UY', 'Uruguay'),
(221, 'UZ', 'Uzbekistan'),
(222, 'VU', 'Vanuatu'),
(223, 'VA', 'Vatican City State'),
(224, 'VE', 'Venezuela'),
(225, 'VN', 'Vietnam'),
(226, 'VG', 'Virgin Islands (British)'),
(227, 'VI', 'Virgin Islands (U.S.)'),
(228, 'WF', 'Wallis And Futuna Islands'),
(229, 'EH', 'Western Sahara'),
(230, 'YE', 'Yemen'),
(231, 'ZM', 'Zambia'),
(232, 'ZW', 'Zimbabwe');

-- --------------------------------------------------------

--
-- Tabellenstruktur für Tabelle `hidden_fields`
--

CREATE TABLE IF NOT EXISTS `hidden_fields` (
  `id` int(10) unsigned NOT NULL,
  `web_address` tinyint(1) NOT NULL DEFAULT '0',
  `address` tinyint(1) NOT NULL DEFAULT '0',
  `phone` tinyint(1) NOT NULL DEFAULT '0',
  `email` tinyint(1) NOT NULL DEFAULT '0',
  `latitude` tinyint(1) NOT NULL DEFAULT '0',
  `longitude` tinyint(1) NOT NULL DEFAULT '0',
  `scientific_contacts` tinyint(1) NOT NULL DEFAULT '0',
  `further_contacts` tinyint(1) NOT NULL DEFAULT '0',
  PRIMARY KEY (`id`),
  KEY `observatory_id_5` (`id`)
) ENGINE=InnoDB DEFAULT CHARSET=utf8;

--
-- Daten für Tabelle `hidden_fields`
--

INSERT INTO `hidden_fields` (`id`, `web_address`, `address`, `phone`, `email`, `latitude`, `longitude`, `scientific_contacts`, `further_contacts`) VALUES
(1, 0, 0, 0, 0, 0, 0, 0, 0),
(2, 0, 0, 0, 0, 0, 0, 0, 0),
(3, 0, 0, 1, 0, 0, 0, 0, 0),
(4, 0, 0, 1, 0, 0, 0, 1, 0),
(5, 0, 0, 0, 0, 0, 0, 0, 0),
(6, 0, 0, 0, 0, 0, 0, 0, 0),
(7, 0, 0, 0, 0, 0, 0, 0, 0),
(8, 0, 0, 0, 0, 0, 0, 0, 0),
(9, 0, 0, 0, 0, 0, 0, 0, 0),
(10, 0, 0, 0, 0, 0, 0, 0, 0),
(11, 0, 0, 0, 0, 0, 0, 0, 0),
(12, 0, 0, 0, 0, 0, 0, 0, 0),
(13, 0, 0, 0, 0, 0, 0, 0, 0),
(14, 0, 0, 0, 0, 0, 0, 0, 0),
(15, 0, 0, 0, 0, 0, 0, 0, 0),
(16, 0, 0, 0, 0, 0, 0, 0, 0),
(17, 0, 0, 0, 0, 0, 0, 0, 0),
(18, 0, 0, 0, 0, 0, 0, 0, 0),
(19, 0, 0, 0, 0, 0, 0, 0, 0),
(20, 0, 0, 0, 0, 0, 0, 0, 0),
(21, 0, 0, 0, 0, 0, 0, 0, 0),
(22, 0, 0, 0, 0, 0, 0, 0, 0),
(23, 0, 0, 0, 0, 0, 0, 0, 0),
(24, 0, 0, 0, 0, 0, 0, 0, 0),
(25, 0, 0, 0, 0, 0, 0, 0, 0),
(26, 0, 0, 0, 0, 0, 0, 0, 0),
(27, 0, 0, 0, 0, 0, 0, 0, 0),
(28, 0, 0, 0, 0, 0, 0, 0, 0),
(29, 0, 0, 0, 0, 0, 0, 0, 0),
(30, 0, 0, 0, 0, 0, 0, 0, 0),
(32, 0, 0, 0, 0, 0, 0, 0, 0),
(33, 0, 0, 0, 0, 0, 0, 0, 0),
(34, 0, 0, 0, 0, 0, 0, 0, 0),
(35, 0, 0, 0, 0, 0, 0, 0, 0),
(36, 0, 0, 0, 0, 0, 0, 0, 0),
(37, 0, 0, 0, 0, 0, 0, 0, 0),
(38, 0, 0, 0, 0, 0, 0, 0, 0),
(39, 0, 0, 0, 0, 0, 0, 0, 0),
(40, 0, 0, 0, 0, 0, 0, 0, 0),
(41, 0, 0, 0, 0, 0, 0, 0, 0),
(42, 0, 0, 0, 0, 0, 0, 0, 0),
(43, 0, 0, 0, 0, 0, 0, 0, 0),
(44, 0, 0, 0, 0, 0, 0, 0, 0),
(45, 0, 0, 0, 0, 0, 0, 0, 0),
(46, 0, 0, 0, 0, 0, 0, 0, 0),
(47, 0, 0, 0, 0, 0, 0, 0, 0),
(48, 0, 0, 0, 0, 0, 0, 0, 0),
(49, 0, 0, 0, 0, 0, 0, 0, 0),
(50, 0, 0, 0, 0, 0, 0, 0, 0),
(51, 0, 0, 0, 0, 0, 0, 0, 0),
(52, 0, 0, 0, 0, 0, 0, 0, 0),
(53, 0, 0, 0, 0, 0, 0, 0, 0),
(54, 0, 0, 0, 0, 0, 0, 0, 0),
(55, 0, 0, 0, 0, 0, 0, 0, 0),
(56, 0, 0, 0, 0, 0, 0, 0, 0),
(57, 0, 0, 0, 0, 0, 0, 0, 0),
(58, 0, 0, 0, 0, 0, 0, 0, 0),
(59, 0, 0, 0, 0, 0, 0, 0, 0),
(60, 0, 0, 1, 0, 0, 0, 0, 0),
(61, 0, 0, 0, 0, 0, 0, 0, 1),
(62, 0, 0, 0, 0, 0, 0, 0, 1),
(63, 0, 0, 0, 0, 0, 0, 0, 1),
(64, 0, 0, 0, 0, 0, 0, 0, 1),
(65, 0, 0, 0, 0, 0, 0, 0, 0),
(66, 0, 0, 0, 0, 0, 0, 1, 1),
(67, 0, 0, 0, 0, 0, 0, 0, 1),
(68, 0, 0, 0, 0, 0, 0, 1, 1),
(69, 0, 0, 0, 1, 1, 1, 1, 1),
(70, 0, 0, 0, 0, 0, 0, 0, 0),
(71, 0, 0, 0, 0, 0, 0, 0, 0),
(72, 0, 0, 0, 0, 0, 0, 0, 0),
(73, 0, 0, 0, 0, 0, 0, 0, 0),
(74, 0, 0, 0, 0, 0, 0, 0, 0),
(75, 0, 0, 0, 0, 0, 0, 0, 0),
(76, 0, 0, 0, 0, 0, 0, 0, 0),
(77, 0, 0, 0, 0, 0, 0, 0, 0),
(78, 0, 0, 0, 0, 0, 0, 0, 0),
(79, 0, 0, 0, 0, 0, 0, 0, 0),
(80, 0, 0, 0, 0, 0, 0, 0, 0),
(81, 0, 0, 0, 0, 0, 0, 0, 0),
(82, 0, 0, 0, 0, 0, 0, 0, 0),
(83, 0, 0, 0, 0, 0, 0, 0, 0),
(84, 0, 0, 0, 0, 0, 0, 0, 1),
(85, 0, 0, 0, 0, 0, 0, 0, 0),
(86, 0, 0, 0, 0, 0, 0, 0, 0),
(87, 0, 0, 0, 0, 0, 0, 0, 0),
(88, 0, 0, 0, 0, 0, 0, 0, 0),
(89, 0, 0, 0, 0, 0, 0, 0, 0),
(90, 0, 0, 0, 0, 0, 0, 0, 0),
(92, 0, 0, 0, 0, 0, 0, 0, 0),
(93, 0, 0, 0, 0, 1, 1, 0, 0),
(94, 0, 0, 0, 0, 0, 0, 0, 0),
(95, 0, 0, 0, 0, 0, 0, 0, 0),
(96, 0, 0, 0, 0, 0, 0, 0, 0),
(97, 0, 0, 0, 0, 0, 0, 0, 0),
(98, 0, 0, 0, 0, 0, 0, 0, 0),
(99, 0, 0, 0, 0, 0, 0, 0, 0),
(100, 0, 0, 0, 0, 0, 0, 0, 0),
(101, 0, 0, 0, 0, 0, 0, 0, 0),
(102, 0, 0, 0, 0, 0, 0, 0, 0),
(103, 0, 0, 0, 0, 0, 0, 0, 0),
(104, 0, 0, 0, 0, 0, 0, 0, 0),
(105, 0, 0, 0, 1, 0, 0, 1, 0),
(106, 0, 1, 1, 0, 1, 1, 0, 1),
(107, 0, 0, 0, 0, 0, 0, 0, 0),
(108, 0, 0, 0, 0, 0, 0, 0, 0),
(110, 0, 0, 0, 0, 0, 0, 0, 0),
(111, 0, 0, 1, 0, 1, 1, 0, 0),
(112, 0, 0, 0, 0, 0, 0, 0, 0),
(113, 0, 0, 0, 0, 0, 0, 0, 0),
(114, 0, 0, 1, 1, 0, 0, 0, 0),
(115, 0, 0, 1, 1, 0, 0, 0, 0),
(118, 0, 0, 0, 0, 0, 0, 0, 0),
(120, 0, 0, 0, 0, 0, 0, 0, 0),
(121, 0, 0, 1, 0, 0, 0, 0, 0),
(122, 0, 0, 0, 0, 0, 0, 0, 0),
(123, 0, 0, 0, 0, 0, 0, 0, 0),
(124, 0, 0, 0, 0, 1, 1, 0, 0),
(125, 0, 0, 0, 0, 0, 0, 0, 0),
(126, 0, 1, 1, 1, 0, 0, 1, 1),
(127, 0, 0, 0, 0, 0, 0, 0, 0),
(128, 0, 0, 1, 0, 0, 0, 0, 0),
(129, 0, 0, 1, 0, 0, 0, 0, 0),
(130, 0, 0, 0, 0, 0, 0, 0, 0),
(131, 0, 0, 0, 0, 0, 0, 0, 0),
(132, 0, 0, 0, 0, 0, 0, 0, 0),
(133, 0, 0, 0, 0, 0, 0, 0, 0),
(134, 0, 0, 0, 0, 0, 0, 0, 0),
(135, 0, 0, 0, 0, 0, 0, 0, 0),
(136, 0, 0, 0, 0, 0, 0, 0, 0),
(137, 0, 0, 0, 0, 0, 0, 0, 0),
(139, 0, 1, 1, 0, 1, 1, 1, 1),
(140, 0, 0, 0, 0, 0, 0, 0, 0),
(141, 0, 0, 0, 0, 0, 0, 0, 0),
(142, 0, 0, 0, 0, 0, 0, 0, 0),
(143, 0, 0, 1, 0, 0, 0, 0, 0),
(145, 0, 0, 0, 0, 0, 0, 0, 0),
(146, 0, 0, 0, 0, 0, 0, 0, 0),
(147, 0, 0, 0, 0, 0, 0, 0, 0),
(148, 0, 0, 0, 0, 0, 0, 0, 0),
(149, 0, 0, 0, 0, 0, 0, 0, 0),
(150, 0, 0, 0, 0, 0, 0, 0, 0),
(151, 0, 0, 1, 0, 1, 1, 0, 0),
(152, 0, 0, 0, 0, 0, 0, 0, 0),
(153, 0, 0, 0, 0, 0, 0, 0, 0),
(154, 0, 0, 0, 0, 0, 0, 0, 0),
(155, 0, 0, 0, 0, 0, 0, 0, 0),
(156, 0, 0, 0, 0, 0, 0, 0, 0),
(157, 0, 0, 0, 0, 0, 0, 0, 0),
(158, 0, 1, 1, 0, 1, 1, 1, 1),
(159, 0, 0, 0, 0, 0, 0, 0, 0),
(160, 0, 0, 0, 0, 0, 0, 0, 0),
(161, 0, 0, 0, 0, 0, 0, 0, 0),
(162, 0, 0, 0, 0, 0, 0, 0, 0),
(163, 0, 0, 0, 0, 0, 0, 0, 0),
(164, 0, 0, 0, 0, 0, 0, 0, 0),
(165, 0, 0, 0, 0, 0, 0, 0, 0),
(166, 0, 0, 0, 0, 0, 0, 0, 0),
(167, 0, 0, 0, 0, 0, 0, 0, 0),
(168, 0, 0, 0, 0, 0, 0, 0, 0),
(169, 0, 0, 1, 0, 0, 0, 0, 0),
(170, 0, 0, 0, 0, 0, 0, 0, 0),
(171, 0, 0, 0, 0, 0, 0, 0, 0),
(172, 0, 0, 0, 0, 0, 0, 0, 0),
(173, 0, 0, 0, 0, 0, 0, 0, 0),
(174, 0, 0, 0, 0, 0, 0, 0, 0),
(175, 0, 0, 0, 0, 0, 0, 0, 0),
(176, 0, 0, 0, 0, 0, 0, 0, 0),
(177, 0, 0, 0, 0, 0, 0, 0, 0),
(178, 0, 1, 1, 0, 0, 0, 0, 0),
(179, 0, 0, 0, 0, 0, 0, 0, 0),
(180, 0, 0, 0, 0, 0, 0, 0, 0),
(181, 0, 0, 0, 0, 0, 0, 0, 0),
(182, 0, 0, 0, 0, 0, 0, 0, 0),
(183, 0, 0, 0, 0, 0, 0, 0, 0),
(185, 0, 0, 0, 0, 0, 0, 0, 0),
(186, 0, 0, 0, 0, 0, 0, 0, 0),
(187, 0, 0, 0, 0, 1, 1, 0, 0),
(188, 0, 0, 0, 0, 0, 0, 0, 0),
(189, 0, 0, 0, 0, 0, 0, 0, 0),
(191, 0, 1, 1, 1, 1, 1, 0, 1),
(192, 0, 1, 1, 1, 0, 0, 1, 1),
(193, 0, 0, 0, 0, 0, 0, 0, 0),
(194, 0, 0, 0, 0, 0, 0, 1, 0),
(196, 0, 0, 0, 0, 1, 1, 0, 0),
(197, 1, 1, 1, 1, 1, 1, 1, 1),
(198, 0, 0, 0, 0, 0, 0, 0, 0),
(199, 0, 0, 0, 0, 0, 0, 0, 0),
(200, 0, 0, 0, 0, 0, 0, 0, 0),
(201, 0, 0, 0, 0, 0, 0, 0, 0),
(202, 0, 0, 0, 0, 0, 0, 0, 0),
(203, 0, 0, 0, 0, 0, 0, 0, 0),
(204, 0, 0, 0, 0, 0, 0, 0, 0),
(205, 0, 0, 0, 0, 0, 0, 0, 0),
(206, 0, 0, 0, 0, 0, 0, 0, 0),
(207, 0, 0, 0, 0, 0, 0, 0, 0),
(208, 0, 0, 1, 0, 0, 0, 0, 0),
(209, 0, 0, 0, 0, 0, 0, 0, 0),
(210, 0, 0, 1, 0, 0, 0, 0, 0),
(211, 0, 0, 0, 0, 0, 0, 0, 0),
(212, 0, 0, 0, 0, 0, 0, 0, 0),
(213, 0, 0, 0, 0, 0, 0, 0, 0),
(214, 0, 0, 0, 0, 0, 0, 0, 0),
(215, 0, 0, 0, 0, 0, 0, 0, 0),
(216, 0, 0, 0, 0, 0, 0, 0, 0),
(217, 0, 0, 0, 0, 0, 0, 0, 0),
(218, 0, 0, 0, 0, 0, 0, 0, 0),
(219, 0, 0, 0, 0, 0, 0, 0, 0),
(220, 0, 0, 0, 0, 0, 0, 0, 0),
(221, 0, 0, 0, 0, 0, 0, 0, 0),
(222, 0, 0, 0, 0, 0, 0, 0, 0),
(223, 0, 0, 0, 0, 0, 0, 0, 0),
(224, 0, 0, 0, 0, 0, 0, 0, 0),
(225, 0, 0, 0, 0, 0, 0, 0, 0),
(226, 0, 1, 1, 1, 0, 0, 0, 1),
(227, 0, 0, 0, 0, 0, 0, 0, 0),
(228, 0, 0, 0, 0, 0, 0, 0, 0),
(229, 0, 0, 0, 0, 0, 0, 0, 0),
(230, 0, 0, 0, 0, 0, 0, 0, 0),
(231, 0, 0, 1, 0, 0, 0, 0, 0),
(232, 0, 0, 0, 0, 0, 0, 0, 0),
(233, 1, 1, 1, 1, 1, 1, 1, 1),
(234, 0, 0, 1, 0, 0, 0, 0, 0),
(235, 0, 0, 0, 0, 0, 0, 0, 0),
(236, 0, 0, 0, 0, 0, 0, 0, 0),
(237, 0, 0, 0, 0, 0, 0, 0, 0),
(238, 0, 0, 0, 0, 0, 0, 0, 0),
(239, 0, 0, 0, 0, 0, 0, 0, 0),
(241, 0, 0, 0, 0, 0, 0, 0, 0),
(242, 0, 0, 0, 0, 0, 0, 0, 0),
(243, 0, 0, 1, 0, 1, 1, 1, 0),
(244, 1, 1, 1, 0, 1, 1, 0, 1),
(245, 0, 0, 0, 0, 0, 0, 0, 0),
(246, 0, 0, 0, 0, 0, 0, 0, 0),
(247, 0, 0, 0, 0, 0, 0, 0, 0),
(248, 0, 0, 0, 0, 0, 0, 0, 0),
(249, 0, 0, 0, 0, 0, 0, 0, 0),
(250, 0, 0, 0, 0, 0, 0, 0, 0),
(251, 0, 0, 0, 0, 0, 0, 0, 0),
(252, 0, 0, 0, 0, 0, 0, 0, 0),
(253, 0, 0, 0, 0, 0, 0, 0, 0),
(254, 0, 0, 0, 0, 0, 0, 0, 0),
(255, 0, 1, 1, 1, 0, 0, 0, 1),
(256, 0, 0, 0, 0, 0, 0, 0, 0),
(257, 0, 0, 0, 0, 0, 0, 0, 0),
(258, 0, 0, 0, 0, 0, 0, 0, 0),
(259, 0, 0, 0, 0, 0, 0, 0, 0),
(260, 0, 0, 0, 0, 0, 0, 0, 0),
(261, 0, 0, 0, 0, 0, 0, 0, 0),
(262, 0, 0, 0, 0, 0, 0, 0, 0),
(263, 0, 0, 0, 0, 0, 0, 0, 0),
(264, 0, 0, 0, 0, 0, 0, 0, 0),
(265, 0, 0, 0, 0, 0, 0, 0, 0),
(266, 0, 0, 1, 0, 1, 1, 0, 0),
(267, 0, 0, 0, 1, 0, 0, 0, 0),
(268, 0, 0, 0, 0, 1, 1, 0, 0),
(269, 0, 0, 1, 0, 0, 0, 1, 0),
(270, 0, 0, 0, 0, 0, 0, 0, 0),
(271, 0, 0, 0, 0, 0, 0, 0, 0),
(272, 0, 0, 0, 0, 0, 0, 0, 0),
(273, 0, 0, 0, 0, 0, 0, 0, 0),
(274, 0, 0, 0, 0, 0, 0, 0, 0),
(275, 0, 0, 0, 0, 0, 0, 0, 0),
(276, 0, 0, 0, 0, 0, 0, 0, 0),
(277, 0, 0, 0, 0, 0, 0, 0, 0),
(278, 0, 0, 0, 0, 0, 0, 0, 0),
(279, 0, 0, 0, 0, 0, 0, 0, 0),
(280, 0, 0, 0, 0, 0, 0, 0, 0),
(281, 0, 0, 0, 0, 0, 0, 0, 0),
(282, 0, 0, 0, 0, 0, 0, 0, 0),
(283, 0, 0, 0, 0, 0, 0, 0, 0),
(284, 0, 0, 0, 0, 0, 0, 0, 0),
(285, 0, 0, 0, 0, 0, 0, 0, 0);

-- --------------------------------------------------------

--
-- Tabellenstruktur für Tabelle `instruments`
--

CREATE TABLE IF NOT EXISTS `instruments` (
  `id` int(10) unsigned NOT NULL AUTO_INCREMENT,
  `instrument_name` text,
  `instrument_type` int(10) unsigned NOT NULL,
  `focal_position` text,
  `wavelength` text,
  `wavelength_begin` float(10,6) DEFAULT NULL,
  `wavelength_b_unit` int(10) unsigned NOT NULL,
  `wavelength_end` float(10,6) DEFAULT NULL,
  `wavelength_e_unit` int(10) unsigned NOT NULL,
  `spatial_resolution` text,
  `spectral_resolution` text,
  `polarisation` text,
  `field_of_view` text,
  `max_frames_per_sec` float DEFAULT NULL,
  `frame_size` text,
  `min_exposure_time` float DEFAULT NULL,
  `max_exposure_time` float DEFAULT NULL,
  `color_bw_chip` tinyint(1) DEFAULT NULL,
  `ccd_chip_type` text,
  `comments` text,
  PRIMARY KEY (`id`),
  KEY `instrument_type_id` (`instrument_type`),
  KEY `wavelength_unit_id_3` (`wavelength_b_unit`),
  KEY `wavelength_unit_id_4` (`wavelength_e_unit`)
) ENGINE=InnoDB  DEFAULT CHARSET=utf8 AUTO_INCREMENT=2377 ;

--
-- Daten für Tabelle `instruments`
--

INSERT INTO `instruments` (`id`, `instrument_name`, `instrument_type`, `focal_position`, `wavelength`, `wavelength_begin`, `wavelength_b_unit`, `wavelength_end`, `wavelength_e_unit`, `spatial_resolution`, `spectral_resolution`, `polarisation`, `field_of_view`, `max_frames_per_sec`, `frame_size`, `min_exposure_time`, `max_exposure_time`, `color_bw_chip`, `ccd_chip_type`, `comments`) VALUES
(762, 'SBIG ST-10XME', 5, '', '', 0.000000, 1, 0.000000, 1, '', '', '', '', 0, '2184 x 1472', 0, 0, 0, 'Kodak KAF-3200ME + TI TC-237', ''),
(767, 'Apogee Alta U42', 5, '', '', 0.000000, 1, 0.000000, 1, '', '', '', '', 0, '2048x2048', 0, 0, 0, 'CCD42-40', '9 slotted color filter wheel'),
(773, 'Bolocam large-format bolometric camera', 5, '', '1.1-2.1 mm', 0.000000, 1, 0.000000, 1, '38 arcsec per pixel', '', '', '8 arcmin (circular)', 0, '115 pixels hexagonal', 0, 0, 0, '', 'http://www.cso.caltech.edu/bolocam/'),
(774, 'SHARCII Submillimeter High Angular Resolution Camera', 5, '', '350/450/850 um', 0.000000, 1, 0.000000, 1, '4.85 arcsec per pixel', '', '', '2.59x0.97 arcminute', 0, '12x32 pixel bolometer array', 0, 0, 0, '', 'http://www.submm.caltech.edu/%7Esharc/'),
(782, 'BFOSC - Bologna Faint Object Spectrograph & Camera', 8, '', 'optical, ', 330.000000, 8, 1100.000000, 8, '0.58 arsec/pixel', '4200 (max.)', '', '13 x 12.6 arcmin', 0, '1300 x 1340', 0, 0, 0, 'EEV LN/1300-EB/1', 'The slit wheel, mounted on the telescope focal plane, can hold 7 different slits, with one of the apertures intentionally left empty to allow direct image acquisition. At present four different slits are available: 1.5", 2", 2.5" and 5", a special 2" slit for echelle spectra and a mask to be used for polarimetry.\r\nThe slit length is as large as the usable field while the echelle slit is 9" long. \r\nThe filter wheel also has seven available positions. At present, the following filters can be mounted:\r\nU, B, V, R, I - Johnson-Kron-Cousin filters\r\nG, R, Z, I - Thuan-Gunn filters.\r\n\r\nA cross-disperser (#10, #11, #12) can also be mounted on the filter wheel and used with the echelle grism #9 to allow medium dispersion spectroscopy. A differential filter, used as an order separator, is mounted on the filter wheel in conjuction with grism #13. Two Hartmann masks can also be mounted to control the camera focusing. A table of available grisms can be found in the user manual: http://www.bo.astro.it/~loiano/TechPage/bfosceng/BFOSC.html'),
(789, 'ASTROMED-UK', 5, '', '', 0.000000, 1, 0.000000, 1, '', '', '', '', 0, '1152x1296', 0, 0, 0, '', 'UBVRI Filters'),
(792, 'Tektronix CCD', 5, '', '', 0.000000, 1, 0.000000, 1, '', '', '', '7.5x7.5 arcmin', 0, '2048x2048', 0, 0, 0, '', 'U*BVRIz filters'),
(793, 'Optic CCD', 5, '', '', 0.000000, 1, 0.000000, 1, '', '', '', '9.3x9.3 arcmin', 0, '2048x4096', 0, 0, 0, '', 'Two Orthogonal Transfer CCDs\r\nU*BVRIz filters'),
(794, 'UH8k wide-field imager', 5, '', '', 0.000000, 1, 0.000000, 1, '', '', '', '33x33 arcmin', 0, '8192x8192', 0, 0, 0, '', 'Mosaic CCD camera with eigth 2048x4092\r\nVRI and V+R filters\r\nHalpha and [SII] filters on order\r\ngriz filters will be ordered soon '),
(795, 'ULBCAM infrared camera', 5, '', 'infrared, ', 0.000000, 1, 0.000000, 1, '', '', '', '17x17 arcmin', 0, '', 0, 0, 0, '', 'Mosaic infrared camera with four close-packed 2048x2048 arrays\r\nJ and H filters only\r\nThermal IR imaging is not possible with this camera'),
(796, 'Wide Field Grism Spectrograph 2', 1, '', '380-970nm', 0.000000, 1, 0.000000, 1, '', '', '', '11x11 arcmin', 0, '', 0, 0, 0, '', 'griz, wide Halpha, Halpha, and [SII] filters'),
(797, 'Supernova Integral Field Spectrogaph (SNIFS)', 5, '', '320-560nm, 520-1000nm', 0.000000, 1, 0.000000, 1, '', '', '', '6x6', 0, '', 0, 0, 0, '', ''),
(822, 'AO188', 5, 'Nasmyth focus (IR)', '0.9-5.3 um', 0.000000, 1, 0.000000, 1, '', '', '', '2.7 arcmin', 0, '', 0, 0, 0, '', 'Subaru 188-elements Adaptive Optics system - delivers diffraction-limited images in the near-infrared.\r\nhttp://www.naoj.org/Observing/Instruments/AO/index.html'),
(823, 'Suprime-Cam', 5, 'Prime focus', '', 0.000000, 1, 0.000000, 1, '0.20 arcsec per pixel', '', '', '~34x27 arcmin', 0, '10 * 2048x4096 (arranged in 5x2 pattern) / 15 um per pixel', 0, 0, 0, 'Hamamatsu Photonics KK 2048x4096 (S10892-01)', 'Subaru Prime Focus Camera - provides optical imaging over a large field of view with a mosaic of CCDs.\r\nhttp://www.naoj.org/Observing/Instruments/SCam/index.html'),
(824, 'MOIRCS', 5, '', '0.9-2.5 um', 0.000000, 1, 0.000000, 1, '0.117 arcsec per pixel', 'R=500/1300/3000', '', '4x7 arcmin', 0, '2048x2048 / 18 um per pixel', 0, 0, 0, '2 * HAWAII-2 2048x2048 arrays', 'Multi-Object Infrared Camera and Spectrograph - provides imaging and low-resolution spectroscopy from 0.9-2.5 microns over a 4 arcmin x 7 arcmin field of view.\r\nhttp://www.naoj.org/Observing/Instruments/index.html'),
(825, 'IRCS', 5, 'Infrared Nasmyth focus', '0.9-5.6 um', 0.000000, 1, 0.000000, 1, '', '', '', '21 arcsec / 54 arcsec', 0, '2*1024x1024 / 27 um per pixel', 0, 0, 0, '2*1024x1024 ALADDIN III arrays', 'Infrared Camera and Spectrograph - provides imaging from 0.9-5.5 microns, and low-resolution and echelle spectroscopy over the same range.\r\nhttp://www.naoj.org/Observing/Instruments/IRCS/index.html'),
(826, 'HDS', 1, '', '0.3-1 um ', 0.000000, 1, 0.000000, 1, '0.138 arcsec per pixel', 'R<160 000', '', '', 0, '2*2048x4096 / 13.5 um per pixel', 1, 0, 0, '2 2K x 4K CCDs (EEV CCD42-80)', 'High Dispersion Spectrograph - provides extremely high-resolution optical spectroscopy.\r\nhttp://www.naoj.org/Observing/Instruments/HDS/index.html'),
(827, 'FOCAS', 5, 'Cassegrain focus', '0.370-1 um', 0.000000, 1, 0.000000, 1, '0.104 arcsec per pixel', '', '', '6 arcmin (circular)', 0, '2*2048x4096 / 15 um per pixel', 0.5, 0, 0, '2 2K x 4K 4-side buttable CCDs (Hamamatsu)', 'Faint Object Camera And Spectrograph - provides optical imaging and longslit and multi-slit spectroscopy over a 6 arcmin field of view.\r\nhttp://www.naoj.org/Observing/Instruments/FOCAS/index.html'),
(828, 'FMOS', 1, 'Subaru prime focus', '0.9-1.8 um', 0.000000, 1, 0.000000, 1, '', 'R=600/2200', '', '30 arcmin diameter', 0, '2048x2048 / 18 um per pixel', 0, 0, 0, 'HAWAII-2 (Sci #55)/HAWAII-2 (Sci #90)', 'Fiber Multi Object Spectrograph - provides fiber-fed multi-object spectroscopy from 0.9-1.8 microns over a 30 arcmin field of view.\r\nhttp://www.naoj.org/Observing/Instruments/FMOS/index.html'),
(829, 'COMICS', 1, 'Cassegrain focus', '7.5-25 um', 0.000000, 1, 0.000000, 1, '0.13 arcsec per pixel (imaging)/0.165 arcsec per pixel (spectroscopy)', '', '', '42x32 arcsec', 0, '320 x 240', 0, 0, 0, '6 320 x 240 Si:As IBC detectors  1 for imaging, 5 for spectroscopy', 'Cooled Mid-Infrared Camera and Spectrograph - provides imaging and spectroscopy from 8-25 microns.\r\nhttp://www.naoj.org/Observing/Instruments/COMICS/index.html'),
(830, 'APEX-1 (SHeFI)', 6, 'Nasmyth-A', '211 - 275 GHz', 211.000000, 5, 275.000000, 5, '30 - 25 arcsec', '', '', '', 0, '', 0, 0, 0, '', 'Type: Heterodyne SIS, Mode: SSB'),
(831, 'PolKa', 3, 'Cassegrain', '345 GHz', 315.000000, 5, 375.000000, 5, '19 arcsec', '', '', '11 x 11 arcmin', 0, '295 pixel (hexagonal layout)', 0, 0, 0, '', 'Polarimeter fuer Bolometer-Kameras\r\nPI contact: Rolf Güsten (MPIfR) - rguesten(at)mpifr-bonn.mpg.de'),
(832, 'ARTEMIS', 5, 'Nasmyth-A', '200, 350, 450 um', 0.000000, 1, 0.000000, 1, '4.2, 7.3, 9.4 arcsec', '1.7, 3.0, 3.9 arcsec', '', '1.8 x 1.8,  3.2 x 3.2,  4.1 x 4.1 arcmin', 0, '64 x 64 bolometers', 0, 0, 0, '', 'Bolometer Array\r\nPI Instrument (ESO)'),
(833, 'CHAMP+ (high)', 6, 'Nasmyth-B', '790 - 950 GHz', 790.000000, 5, 950.000000, 5, '7-6 arcsec', '', '', '', 0, '7 pixel (hexagonal layout)', 0, 0, 0, '', 'Heterodyne SIS\r\nPI contact: Rolf Güsten (MPIfR) - rguesten(at)mpifr-bonn.mpg.de'),
(834, 'CHAMP+ (low)', 6, 'Nasmyth-B', '602 - 720', 602.000000, 5, 720.000000, 5, '9-7 arcsec', '', '', '', 0, '7 pixel (hexagonal layout)', 0, 0, 0, '', 'Heterodyne SIS\r\nPI contact: Rolf Güsten (MPIfR) - rguesten(at)mpifr-bonn.mpg.de'),
(835, 'FLASH (high)', 6, 'Nasmyth-A', '780 - 887 GHz', 780.000000, 5, 887.000000, 5, '7 arcsec', '', '', '', 0, '', 0, 0, 0, '', 'Heterodyne SIS\r\nPI contact: Rolf Güsten (MPIfR) - rguesten(at)mpifr-bonn.mpg.de'),
(836, 'FLASH (low)', 6, 'Nasmyth-A', '430 - 492 GHz', 430.000000, 5, 492.000000, 5, '14 arcsec', '', '', '', 0, '', 0, 0, 0, '', 'Heterodyne SIS\r\nPI contact: Rolf Güsten (MPIfR) - rguesten(at)mpifr-bonn.mpg.de'),
(837, 'APEX-T2 (SHeFI)', 6, 'Nasmyth-A', '1250 - 1390 GHz', 1250.000000, 5, 1390.000000, 5, '5 arcsec', '', '', '', 0, '', 0, 0, 0, '', 'Type: Heterodyne HEB, Mode: DSB'),
(838, 'SABOCA', 5, 'Cassegrain', '852 GHz', 790.000000, 5, 910.000000, 5, '', '', '', '1.5 arcmin', 0, '39 pixel (hexagonal layout)', 0, 0, 0, '', 'Submillimetre APEX Bolometer Camera'),
(839, 'LABOCA', 5, 'Cassegrain focus', '345 GHz', 315.000000, 5, 375.000000, 5, '19 arcsec', '', '', '11 x 11 arcmin', 0, '295 pixel (hexagonal layout)', 0, 0, 0, '', 'Large Apex BOlometer CAmera\r\n'),
(840, 'APEX-3 (SHeFI)', 6, 'Nasmyth-A', '385 - 500 GHz', 385.000000, 5, 500.000000, 5, '17 - 13 arcsec', '', '', '', 0, '', 0, 0, 0, '', 'Type: Heterodyne SIS, Mode: SSB'),
(841, 'APEX-2 (SHeFI)', 6, 'Nasmyth-A', '275 - 370 GHz', 275.000000, 5, 370.000000, 5, '23 - 17 arcsec', '', '', '', 0, '', 0, 0, 0, '', 'Type: Heterodyne SIS, Mode: SSB'),
(844, 'SBIG STL-11000M-C2', 5, '', '', 0.000000, 1, 0.000000, 1, '', '', '', '', 0, '4008 x 2672', 0.001, 3600, 1, 'Kodak KAI-11000M, Class 2', 'Built-in 5-position, 50-mm filter wheel which has been fitted with the following 2-inch filters:\r\n1. Hutech IDAS Light pollution suppression (LPS) filter with IGAD Coating\r\n2. Baader L filter\r\n3. Baader R filter\r\n4. Baader G filter\r\n5. Baader B filter\r\n\r\nExtra available 2-inch filters for the "Hubble pallet":\r\n-Astrodon Narrowband H-alpha 3-nm filter 50 mm\r\n-Astrodon Narrowband OIII 3-nm filter 50 mm\r\n-Astrodon Narrowband fSII 3-nm filter 50 mm \r\n\r\nThe SBIG camera has the Astrodon-MOAG-A and the SBIG AOL/STL installed, providing ADAPTIVE OPTICS WITH OFF-AXIS GUIDING.\r\nGuiding camera: Lodestar Autoguider or internal autoguider chip.'),
(851, 'SBIG ST-10XME', 5, '', '', 0.000000, 1, 0.000000, 1, '', '', '', '', 0, '2184x1472', 0.1, 0, 1, 'High QE KAF-3200ME CCD', ''),
(852, 'FLI Camera Pro', 5, '', 'optical, ', 0.000000, 1, 0.000000, 1, '', '', '', '', 0, '1024x1024', 0, 0, 1, 'Kodak KAF-1100E', 'There are two of these CCD cameras.'),
(853, 'FLI camera Pro PL3041-1-BB ', 5, '', 'optical, ', 0.000000, 1, 0.000000, 1, '', '', '', '', 0, '2048x2048', 0, 0, 1, 'FLI PL3041-1-BB ProLine CCD3041 Grade 1 Fairchild CCD', ''),
(854, 'SBIG-STV camera', 5, '', 'optical, ', 0.000000, 1, 0.000000, 1, '', '', '', '', 0, '656 x 480', 0, 0, 1, 'TC237 CCD', 'There are two of these CCD cameras.'),
(855, 'MAGZERO MZ-5m CCD camera', 5, '', 'optical, ', 0.000000, 1, 0.000000, 1, '', '', '', '', 0, '1280 x 1024', 0, 0, 1, '', 'Pixel size: 5.2 x 5.2 microns.\r\n\r\nThere are four of these CCD cameras.'),
(856, 'Mintron CCD Deep Cam', 5, '', 'optical, ', 0.000000, 1, 0.000000, 1, '', '', '', '', 0, '768x494', 0, 0, 1, '', '8.4 micron x 9.8 micron pixel size\r\n\r\nThere are two of these CCD cameras.'),
(857, 'Moravian CCD camera GS-3200ME/5', 5, '', 'optical, ', 0.000000, 1, 0.000000, 1, '', '', '', '', 0, '', 0, 0, 1, '', 'http://ccd.mii.cz/'),
(868, 'Meade ', 5, '', '', 0.000000, 1, 0.000000, 1, '', '', '', '', 100, '1360x1024', 0.0001, 3600, 1, 'SONY Ex View HAD ICX285AL', ''),
(873, 'GMOS - Gemini Multi-Object Spectrograph', 8, '', 'optical, ', 0.360000, 9, 1.030000, 9, '0.089 arcsec per pixel', '', '', '', 0, '~ 6144x4176 pixels', 0, 0, 0, 'GMOS-N Array (Hamamatsu), Three ~ 2048x4176 chips in a row with ~ 1mm gaps', 'GMOS is a multi-object, long-slit and IFU spectrograph and imager.\r\n\r\nThree types of spectroscopy are possible with its selection of gratings:\r\n-Long-slit spectroscopy, which covers the full extent of the CCD package (3 x 2048 pixels) with two small gaps.\r\n-Multi-object spectroscopy, which uses custom-designed, laser-milled masks.\r\n-Integral field spectroscopy, which uses 0.2 arcsec fibers covering a 35 square arcsec field of view.\r\n\r\nGMOS can perform broad band imaging (using the SDSS filter system) or narrow-band imaging using select filters. For imaging, the field of view is 5.5 arcmin x 5.5 arcmin.\r\n\r\nFor further details about this instrument see: http://www.gemini.edu/node/10625'),
(874, 'Michelle', 8, '', 'Mid-infrared (MIR)', 7.000000, 9, 26.000000, 9, '0.1005, 0.183 arcsec per pixel', '', '', '', 0, '320x240', 0, 0, 0, 'Si:As IBC array', 'Michelle is a mid-infrared (7-26 micron) imager and spectrometer, with gratings and echelle capability. Imaging polarimetry is now also supported. \r\n\r\nFor further details about this instrument see:\r\nhttp://www.gemini.edu/sciops/instruments/michelle/?q=sciops/instruments/michelle'),
(875, 'GNIRS', 1, '', 'Near-infrared (NIR)', 1.000000, 9, 5.500000, 9, '0.15, 0.05 arcsec per pix', 'R~1700, 5000, 18000', '', '', 0, '', 0, 0, 0, '', 'GNIRS offers a wide variety of spectroscopic capabilities including long-slit (single order) spectroscopy within the 1.0-5.4 µm range at 2-pixel spectral resolving powers, R, of approximately 1700, 5000 and 18000 with a choice of two pixel scales (0.15"/pix and 0.05"/pix), and cross-dispersed spectroscopy giving complete 0.9-2.5 µm coverage at R~1700 and partial coverage at R~5000. A variety of slit widths from 0.10 to 1.0 arcsec are available.  \r\n\r\nGNIRS also has limited imaging capabilities. The instrument can be used with adaptive optics over most of its wavelength range. \r\n\r\nFor further details about this instrument see:\r\nhttp://www.gemini.edu/sciops/instruments/gnirs\r\n\r\n*check the status of this instrument from the link above - should be unavailable for 2 weeks from 13 Feb 2012'),
(876, 'NIFS - Near-infrared Integral Field Spectrometer', 1, '', 'Near-infrared (NIR)', 1.000000, 9, 2.500000, 9, '', 'R=5000', '', '3x3 arcsec', 0, '', 0, 0, 0, '', 'NIFS provides 3D imaging spectroscopy with spectral resolving power of R~5000 over a 3.0" x 3.0" image field in the Z through K-band spectral regions (0.95 to 2.40 μm). \r\n\r\nNIFS is designed to be fed by the Gemini North Adaptive Optics system, ALTAIR, hence it is possible to achieve spatially resolved spectroscopy on scales as small as 0.1" using Natural or Laser guide stars. \r\n\r\nCoronographic spectroscopy can also be performed through use of an occulting mask. \r\n\r\nFor further details about this instrument see:\r\nhttp://www.gemini.edu/sciops/instruments/nifs/?q=sciops/instruments/nifs'),
(877, 'NIRI - Near InfraRed Imager and Spectrometer', 8, '', 'Near-infrared (NIR)', 1.000000, 9, 5.500000, 9, '', '', '', '', 0, '', 0, 0, 0, '1024x1024 ALADDIN InSb array', 'The instrument has three cameras: f/32, f/14, and f/6. In imaging mode they provide plate scales of 0.022, 0.050, and 0.117 arcsec pixels, respectively and fields of view of 22x22, 51x51, and 120x120 arcsec squared, respectively. \r\n\r\nA large number of broad- and narrow band filters are available.\r\n\r\nThe Gemini facility adaptive optics (AO) system, ALTAIR, is available for use with NIRI at f/14 or f/32, either with a natural guide star or the laser guide star, for all imaging except in the M band. \r\n\r\nAt f/6 a set of KRS5 grisms, slits of varying width, and blocking filters are available to provide low-moderate-resolution spectroscopic coverage over almost the entire 1.0-5.5 μm region. \r\n\r\nFor further details about this instrument see:\r\nhttp://www.gemini.edu/sciops/instruments/niri/?q=sciops/instruments/niri'),
(902, 'FLI Maxcam CM9-1E', 5, '', '', 0.000000, 1, 0.000000, 1, '', '', '', '', 1, '1.02x1.02 cm (!)', 0, 0, 1, 'Kaf 261-E', ''),
(903, 'SBIG ST-7', 5, '', '', 0.000000, 1, 0.000000, 1, '', '', '', '', 0.25, '765x510', 0.01, 0, 0, '', ''),
(910, 'SXV H9', 5, '', '', 0.000000, 1, 0.000000, 1, '', '', '', '', 0, '', 0, 0, 1, 'Sony', ''),
(922, 'Fabry-Perot Interferometer', 2, '', '630.0 nm', 0.000000, 1, 0.000000, 1, '', '', '', '', 0, '', 0, 0, 0, '', 'Meridional and vertical winds and neutral temperatures derived from FPI measurements of OI (630.0 nm) emission.'),
(923, 'CAIN-III', 5, '', 'infrared (IR),', 120.000000, 6, 300.000000, 6, '1 arcsec/pixel and 0.39 arcsec/pixel', '', '', '4.2x4.2 arcmin and 1.7x1.7 arcmin', 0, '256x256 pixel', 0, 0, 0, 'HgCdTe (NICMOS 3 technology)', 'http://www.iac.es/telescopes/pages/en/home/instruments/cain.php?lang=EN'),
(924, 'Fastcam', 5, '', 'infrared (IR),', 0.000000, 1, 0.000000, 1, '', '', '', '6 arcmin', 0, '512x512 pixel', 0, 0, 0, '', 'Andor iXon DU-897 back-illuminated system'),
(935, 'VIRCAM', 5, 'cassegrain focus', '0.9 - 2.4 um', 124.900002, 6, 333.100006, 6, '0.34 arcsec per pixel', '', '', '1.65 degree', 0, '16 arrays with 2048×2048 pixel', 0, 0, 0, 'Raytheon VIRGO HgCdTe arrays', 'Vista InfraRed CAMera\r\n64 Megapixel'),
(936, 'OmegaCAM', 5, 'Cassegrain focus', '330 to 1000 nm', 299.799988, 6, 999.299988, 6, '0.21 arcsec per pixel', '', '', '1 x 1 degree', 0, '32 arrays with 2048 x 4096 pixel', 0, 0, 0, '', '268-megapixel'),
(947, 'IOC (build by IOTA-ES)', 5, '', '', 0.000000, 1, 0.000000, 1, '', '', '', '', 3, '', 0.2, 0, 1, 'TI 2420', ''),
(948, 'AIMPOL (ARIES Imaging Polarimeter)', 3, '', 'optical, ', 445.000000, 8, 658.000000, 8, '', '', 'linear polarisation in BVR bands', '2 arcmin', 0, '1024 x 1024', 0, 0, 1, 'Tektronics 1k CCD with 24 micron pixel size', 'Using the 104-cm telescope, AIMPOL can measure polarisation of a 13 magnitude star in a 2 minute exposure time with 0.18 percent accuracy. \r\nPerformance of this instrument is described by Rautela et al. (2002).'),
(949, 'ATCFP (ARIES Three Channel Fast Phototmeter)', 5, '', 'optical, ', 0.000000, 1, 0.000000, 1, '', '', '', '', 0, '', 0, 0, 1, '', 'For details on the instrument and science\r\nrefer to the theses by Joshi S. (2005), Girish V. (2005), Ashoka B. N. (2005)'),
(950, 'AIP (ARIES Infrared Photometer)', 5, '', 'infrared (IR), ', 0.000000, 1, 0.000000, 1, '', '', '', '', 0, '', 0, 0, 1, '', ''),
(951, 'ACS (ARIES CCD spectrograph)', 1, '', 'optical, ', 0.000000, 1, 0.000000, 1, '', '', '', '', 0, '1024 x 1024', 0, 0, 0, 'Tektronics 1k CCD with 24 micron pixel size', 'This HR-320 spectrograph is used with the Tek 1k CCD detector to take low resolution spectra of bright stars up to 12 mag. It uses circular aperture and is best suited for estimating continuum and broad (EW 10 angstrom or higher) emission features in stars or astronomical objects.'),
(963, 'EMIR', 1, '', 'microwave (EHF), submillimeter, ', 83.000000, 5, 348.000000, 5, '', '', 'H/V', '', 0, '', 0, 0, 0, '', 'Eight MIxer Receiver\r\nhttp://www.iram.es/IRAMES/mainWiki/EmirforAstronomers\r\nBand:\r\nE0 = 83-117  GHz\r\nE1 = 129-174 GHz\r\nE2 = 201-267 GHz\r\nE3 = 260-348 GHz'),
(964, 'MAMBO II', 5, '', 'microwave (EHF), ', 249.000000, 5, 251.000000, 5, '11 arcsec per pixel', '', '', '4 arcmin', 0, '117 pixel with 20 arcsec spacing', 0, 0, 0, '', 'Millimeter BOlometer Array\r\nhttp://www.mpifr-bonn.mpg.de/div/bolometer/#mambo'),
(965, 'ABCD dual polarisation receivers', 1, '', 'microwave (EHF), ', 75.000000, 5, 281.000000, 5, '', '', 'H/V', '', 0, '8x1 single pixel', 0, 0, 0, '', 'http://www.iram.es/IRAMES/mainWiki/AbcdforAstronomers\r\nBand:\r\nA/B(100) = 80.0-115.5 GHz\r\nC/D(150) = 130-183 GHz\r\nA/B(230) = 197-266 GHz\r\nC/D(270) = 241-281 GHz'),
(966, 'HERA', 7, '', 'microwave (EHF), ', 215.000000, 5, 272.000000, 5, '', '', 'H/V', '', 0, '3x3 pixel with 24 arcsec spacing', 0, 0, 0, '', 'HEterodyne Receiver Array\r\nhttp://www.iram.es/IRAMES/mainWiki/HeraforAstronomers'),
(973, 'Optec SSP-5A single channel photoelectric photometer', 6, '', '', 0.000000, 1, 0.000000, 1, '', '', '', '', 0, '', 0, 0, 0, 'Hamamatsu R1414 phototube', 'Johnson UBV filters'),
(974, 'DSI-2 Color CCD camera', 5, '', '', 0.000000, 1, 0.000000, 1, '', '', '', '', 0, '752x582 pixel', 0, 0, 0, 'Sony EXview HAD CCD, Sensor (ICX429AKL)', ''),
(975, 'Apogee ALTA U47+', 5, '', '', 322.000000, 6, 810.000000, 6, '', '', '', '', 0, '1024x1024 pixel', 0, 0, 0, 'E2V CCD47-10 back illuminated. 13 micron per pixel', 'OPTEC IFW filter wheel, Johnson UBVRI, Strömgren uvbyHbeta, RGB filters'),
(976, 'Apogee ALTA U47+', 5, '', '', 322.000000, 6, 810.000000, 6, '', '', '', '', 0, '1024x1024 pixel', 0, 0, 0, 'E2V CCD47-10 back illuminated. 13 micron per pixel', 'OPTEC IFW filter wheel, Johnson UBVRI, Strömgren uvbyHbeta, RGB filters'),
(977, 'HIRESr, HIRESb', 1, 'Nasmyth focus', 'optical, ', 0.300000, 9, 1.000000, 9, '', '', '', '', 0, '', 0, 0, 0, '', 'HIRES is a grating cross-dispersed, echelle spectrograph.\r\n\r\nFor further information:\r\nhttp://www2.keck.hawaii.edu/inst/hires/'),
(978, 'LRIS Low Resolution Imaging Spectrometer', 8, 'Cassegrain focus', 'optical, ', 0.000000, 1, 0.000000, 1, '0.135 arcsec per pixel', 'R~300-5000', '', '6 × 7.8 arcmin', 0, '', 0, 0, 0, '', 'http://www2.keck.hawaii.edu/inst/lris/\r\n\r\nBeamsplitters separate the light between two arms. The red and blue cameras may be operated simultaneously, and together they may acquire spectra covering a 3200-10,000 Angstroms wavelength range.\r\n\r\nThe field of view in both modes of operation is 6×7.8 arcmin. The red camera uses a mosaic of two LBNL 2k x 4k fully depleted, high resistivity CCD detectors. The blue camera has a mosaic of 2 2Kx4K Marconi CCDs.\r\n\r\nThe standard imaging filters include the UBVGRI passbands plus a small number of narrowband imaging filters.\r\n\r\nSpectroscopy can be performed using a standard complement of longslits of various widths, or in multi-object mode, by using designed slitmasks which are milled on-site. An assortment of gratings (red side) and grisms (blue side) yield resolutions ranging from R=300-5,000, with peak system efficiencies of ~50%.\r\n\r\nAn optional polarimeter module enables spectropolarimetry. \r\n\r\n'),
(979, 'OSIRIS near-infrared integral field spectrograph', 1, '', 'infrared (IR), ', 9.900000, 9, 25.000000, 9, '', 'R~3800', '', '', 0, '2048x2048', 0, 0, 0, '', 'http://www2.keck.hawaii.edu/inst/osiris/\r\n\r\nThe instrument uses a lenslet array to sample a small rectangular patch of the sky at resolutions approaching the diffraction limit of the 10-m Keck Telescope. \r\n\r\nOSIRIS will provide moderate spectral resolution (R~3800), and full broadband (z, J, H, and K) spectral coverage at over 1000 spatial locations in the AO-corrected field. \r\n\r\nThe integral field design makes optimal use of new large-format (2048x2048) infrared arrays, and is well matched to the compact nature of AO targets.'),
(980, 'DEIMOS DEep Imaging Multi-Object Spectrograph', 1, 'Nasmyth focus', 'optical, ', 4000.000000, 7, 9000.000000, 7, '', 'up to R~6000', '', '81.5 X 81.5 arcmin', 0, '8000X8000', 0, 0, 0, '', 'http://www2.keck.hawaii.edu/inst/deimos/\r\n\r\nDEIMOS (DEep Imaging Multi-Object Spectrograph) is a visible-wavelength, faint-object, multi-slit imaging spectrograph.\r\n\r\nAvailable observing modes include direct imaging, long-slit spectroscopy (generous slit length spanning 16.6 arcmin on sky), and multi-slit spectroscopy of 100+ resolved targets per mask in conventional mode or 1000+ point-source targets per mask with narrow-band filters.'),
(981, 'NIRC-2 near-infrared instrument', 8, 'Left Nasmyth platform', 'Near-infrared (NIR)', 1.000000, 9, 5.000000, 9, '0.00994/0.01982/0.03968 arcsec per pixel', '', '', '10x10/20x20/40x40 arcsec', 0, '1024x1024', 0.25, 0, 0, 'InSb Aladdin-3 array', 'http://www2.keck.hawaii.edu/inst/nirc2/\r\n\r\nNIRC2 has imaging, spectrographic and coronagraphic capabilities.\r\n\r\nFilters: J,H,K,Ks,Kp,Lp,Ms,H2,FeII\r\nSlits: 10,20,30,40,60,80,120,and 160 milliarcsec\r\nCoronagraphic spots: circular: 100,150,200,300,400,600,800,1000,1500,2000 mas'),
(982, 'NIRSPEC- Near-Infrared Spectrometer', 1, '', 'Near-infrared (NIR)', 0.950000, 9, 5.500000, 9, '', 'R~25000/10800/2500', '', '', 0, '1024x1024', 0, 0, 0, '', 'http://www2.keck.hawaii.edu/inst/nirspec/\r\n\r\nNIRSPEC is a cyrogenic cross-dispersed echelle spectrograph designed for Keck II. It can be used with or without AO. The instrument is optimized as a high-resolution spectrograph with resolving power R (=λ/Δλ) =25,000 (12 km/s) for a slit width of 0.43 arcseconds (3 pixels).\r\n\r\nNIRSPEC has 3 detectors: a standard CCD camera for acquisition and offset guiding, a 1-2.5 μm near-infrared "slit-viewing" camera - the SCAM, and the primary 1024 x 1024 IR array for the spectrograph itself. '),
(983, 'ESI multi-mode spectrograph and imager', 8, 'Cassegrain focus', 'optical, ', 0.390000, 9, 1.100000, 9, '0.1542 arcsec per pixel', '', '', '3 arcminutes', 0, '2048x4096', 0, 0, 0, 'MIT-Lincoln Labs', 'http://www2.keck.hawaii.edu/inst/esi/\r\n\r\nThere are two distinct spectroscopic modes: a medium-resolution echellette mode with prism cross dispersion; and a high-throughput mode using prism dispersion only. The spectrograph modes will cover the full wavelength range (3900 to 11,000 Å) in a single exposure with a velocity resolution of ~10-15 km/sec/pixel. \r\n\r\nThe low-resolution, prism-only mode provides the same spectral range, multi-object capability, and high throughput. \r\n\r\nESI also provides an imaging mode with a field of view of 3.0 arc-minutes. \r\n\r\nAn Epps refracting camera and a single 2K x 4K detector are used for all three modes.'),
(1030, 'SSP-5 Photoelectric Fotometer', 9, '', '', 0.000000, 1, 0.000000, 1, '', '', '', '', 0, '', 0, 0, 0, '', '- Computer Controlled\r\n- UBVRI Johnson filters\r\n- Focal Length: 25 mm\r\n- Optical Design: Ramsden\r\n- Field of View: 0.4 degree in 2000 mm focal length'),
(1031, 'CCD Camera', 5, '', '', 0.000000, 1, 0.000000, 1, '', '', '', '', 0, '657 x 495', 0, 0, 0, '', ''),
(1034, 'Wide Format CCD Camera', 5, '', '', 0.000000, 1, 0.000000, 1, '', '', '', '', 0, '3032 x 2016', 0, 0, 0, 'Sony Super HAD CCD 6.15meg', ''),
(1037, 'SBIG 1100', 5, '', '', 0.000000, 1, 0.000000, 1, '', '', '', '', 0, '', 0, 0, 0, '', ''),
(1043, 'Orion Starshoot DSI II', 5, '', '', 0.000000, 1, 0.000000, 1, '', '', '', '', 1, '582 x 752', 0.001, 5000, 1, '', ''),
(1048, 'QHY8 color ', 5, '', '', 0.000000, 1, 0.000000, 1, '', '', '', '', 0, '3032 x 2016', 0, 0, 0, '6 Megapixel ICX413AQ super HAD chip', ''),
(1049, 'SBIG ST-7', 5, '', '', 0.000000, 1, 0.000000, 1, '', '', '', '', 0, '', 0, 0, 0, '', ''),
(1062, 'OSIRIS', 8, 'Nasmyth-B', 'optical', 0.365000, 9, 1.050000, 9, '', '', '', '468 x 510', 0, '', 0, 0, 0, '', 'Further information on this instrument available under: http://www.gtc.iac.es/en/pages/instrumentation/osiris.php'),
(1063, 'CanariCam', 8, 'Nasmyth', 'mid-infrared', 7.500000, 9, 25.000000, 9, '', '', '', '26 x 19', 0, '', 0, 0, 0, '', 'Further information on this instrument available under: http://www.gtc.iac.es/en/pages/instrumentation/canaricam.php'),
(1064, 'CIRCE - Canary InfraRed Camera Experiment', 5, '', 'infrared, ', 1.000000, 9, 2.500000, 9, '', '', '', '', 0, '', 0, 0, 0, '', 'Further information available under: http://www.gtc.iac.es/en/pages/instrumentation/circe.php'),
(1065, 'EMIR', 1, '', 'infrared', 0.000000, 1, 0.000000, 1, '', '', '', '', 0, '', 0, 0, 0, '', 'Future instrument - Further information available under: http://www.gtc.iac.es/en/pages/instrumentation/emir.php'),
(1066, 'FRIDA - inFRared Imager and Dissector for Adaptive optics', 8, '', 'near-infrared', 0.000000, 1, 0.000000, 1, 'up to 0.01', '30,000', '', '', 0, '', 0, 0, 0, '', 'Further information available under: http://www.gtc.iac.es/en/pages/instrumentation/frida.php'),
(1067, 'MEGARA', 6, '', '', 0.000000, 1, 0.000000, 1, '', '', '', '', 0, '', 0, 0, 0, '', 'Future instrument - further information available under: http://www.gtc.iac.es/en/pages/instrumentation/megara.php'),
(1068, 'MIRADAS', 1, '', 'near-infrared', 0.000000, 1, 0.000000, 1, '', '', '', '', 0, '', 0, 0, 0, '', 'Future instrument - further information available under: http://www.gtc.iac.es/en/pages/instrumentation/miradas.php'),
(1074, 'HARPS-North - High Accuracy Radial velocity Planet searcher', 8, '', '', 383.000000, 8, 690.000000, 8, '', '115000', '', '1', 0, '', 0, 0, 0, '', 'Further information on this instrument available under: http://www.tng.iac.es/instruments/harps/'),
(1075, 'SARG - The TNG High Resolution Spectrograph', 8, 'Nasmyth-B', '', 370.000000, 8, 1000.000000, 8, '', '', '', '', 0, '', 0, 0, 0, '', 'Further information on this instrument available under: http://www.tng.iac.es/instruments/sarg/'),
(1076, 'NICS - Near Infrared Camera Spectrometer', 8, '', '', 0.000000, 1, 0.000000, 1, '', '', '', '', 0, '', 0, 0, 0, '', 'Further information available under: http://www.tng.iac.es/instruments/nics/'),
(1077, 'DOLORES - Device Optimized for the LOw RESolution', 8, 'Nasmyth B', '', 0.000000, 1, 0.000000, 1, '', '', '', '', 0, '', 0, 0, 0, '', 'Further information on this instrument available under: http://www.tng.iac.es/instruments/lrs/'),
(1093, 'SEQUOIA', 7, '', '', 85.000000, 5, 116.000000, 5, '', '', '', '', 0, '', 0, 0, 0, '', '"SEQUOIA is a cryogenic focal-plane array of 32 pixels, arranged in dual-polarized 4x4 arrays, that operates in the range 85 - 116 GHz. The arrays which are feed by square horns separated by 2F\\lambda are cooled to 18K and use low-noise Indium Phosphide (InP) monolithic microwave integrated circuit (MMIC) preamplifiers designed at UMASS to provide a characteristic receiver noise of 55K in the range 85-107 GHz, increasing to 90K at 116GHz." (http://www.lmtgtm.org/instrument.html)'),
(1094, 'Redshift Search Receiver (RSR) System', 7, '', '', 75.000000, 5, 111.000000, 5, '', '', '', '', 0, '', 0, 0, 0, '', '"A novel MMIC-based receiver has been designed to maximize the instantaneous receiver bandwidth to cover the 90 GHz atmospheric window (75-111 GHz) in a single tuning. The receiver has four pixels arranged in a dual-beam, dual polarized configuration. Orthogonal polarizations are combined in waveguide-based orthomode transducers. Beam-switching on the sky is achieved with a fast Faraday rotation polarization switch and a wire-grid to interchange the reflected and transmitted beams to each receiver. This ultra-wideband receiver typically achieves noise temperatures < 50K between 75-111 GHz. Because of the fast beam-switch involving no moving mechanical parts, the Redshift Search Receiver will have exceptional baseline stability, well-suited to the detection of redshifted transitions of the CO ladder from star-forming galaxies at cosmological distances. An innovative wideband analog autocorrelator system which covers the full 36 GHz with 31 MHz (100 km/s at 90 GHz) resolution serves as the backend spectrometer." (http://www.lmtgtm.org/instrument.html)'),
(1095, '1 mm SIS Receiver', 7, '', '', 0.000000, 1, 0.000000, 1, '', '', '', '', 0, '', 0, 0, 0, '', '"A single-pixel dual-polarization SIS (superconductor-insulator-superconductor) receiver is under development to provide high-sensitivity in the 210-275 GHz atmospheric window. This receiver is to be used for initial commissioning and scientific use of the 1mm window. Using a sideband separation scheme to provide 8 GHz of instantaneous bandwidth in each sideband, this instrument will have a single-sideband system temperature of < 100K." (http://www.lmtgtm.org/instrument.html)'),
(1096, 'AzTEC', 5, '', '1.1 mm', 0.000000, 1, 0.000000, 1, '', '', '', '', 0, '', 0, 0, 0, '', '"AzTEC is a 144-pixel millimeter-wavelength camera that will operate at 1.1mm. Radiation is coupled to Si-Ni "spider-web" bolometers, arranged in a close-packed hexagonal pattern, with an array of conical feedhorns separated by 1.4 F&lambda. Scanning of the telescope or movements of the secondary mirror provide fully-sampled images. \r\nThe detector array is cooled to ~250 mK via a three-stage, closed-cycle3He refrigerator. The field-of-view of AzTEC on the LMT is 2.4 sq. arcmin and, with a per pixel sensitivity of ~3 mJy Hz-1/2 and FWHM beam-size of 6 arcsecs at 1.1mm, AzTEC will have an extremely fast mapping-speed of ~0.36 deg2/hr/mJy2." (http://www.lmtgtm.org/instrument.html)\r\n\r\nFurther information on this instrument is available under: http://www.astro.umass.edu/~aztec/'),
(1097, 'GAOES - Gunma Astronomical Observatory Echelle Spectrograph', 1, '', '', 360.000000, 8, 1000.000000, 8, '', '', '', '', 0, '', 0, 0, 0, '', 'Further information on this instrument available under: http://www.astron.pref.gunma.jp/e/inst_gaoes.html'),
(1098, 'GIRCS - Gunma InfrRed Camera & Spectrograph', 8, '', '', 0.000000, 1, 0.000000, 1, '', '', '', '', 0, '', 0, 0, 0, '', 'Further information on this isntrument available under: http://www.astron.pref.gunma.jp/e/inst_ircam.html'),
(1099, 'GLOWS - Gunma LOW resolution Spectrograph and imager', 8, '', '', 400.000000, 8, 800.000000, 8, '', '', '', '', 0, '', 0, 0, 0, '', 'Further information on this instrument available under: http://www.astron.pref.gunma.jp/e/inst_ldsi.html'),
(1100, 'CCD Camera', 5, '', '', 0.000000, 1, 0.000000, 1, '', '', '', '', 0, '', 0, 0, 0, '', 'Further information on this instrument available under: http://www.astron.pref.gunma.jp/e/inst_ccd.html'),
(1102, 'SBIG ST-8E', 5, '', '', 0.000000, 1, 0.000000, 1, '', '', '', '', 0, '1530 x 1020', 0.12, 3600, 0, '', ''),
(1121, 'LN CCD', 5, '', '', 0.000000, 1, 0.000000, 1, '0.28', '', '', '~300', 0, '1024 x 1024', 0, 0, 0, '', 'Further information on this instrument available under: http://www.astro.noa.gr/helmos/lnccd.html'),
(1122, 'MES-AT - Manchester Echelle Spectrometer-Aristarchos Telescope', 1, '', '', 0.000000, 1, 0.000000, 1, '', '', '', '', 0, '', 0, 0, 0, '', 'Further information on this instrument available under: http://www.astro.noa.gr/helmos/mesat.html'),
(1123, 'VEC - Vernikos-Eugenides Optical CCD Imaging Camera', 5, '', '', 0.000000, 1, 0.000000, 1, '', '', '', '~600', 0, '4096 x 4096', 0, 0, 0, '', 'Further information on this instrument available under: http://www.astro.noa.gr/helmos/vec.html'),
(1124, 'RISE2', 5, '', '', 0.000000, 1, 0.000000, 1, '', '', '', '', 0, '1024 x 1024', 0, 0, 0, '', 'Further information on this instrument available under: http://www.astro.noa.gr/helmos/rise2.html'),
(1130, 'AZT-8', 5, '', '', 0.000000, 1, 0.000000, 1, '', '', '', '', 1, '', 1, 300, 0, 'FLI PL1001E', ''),
(1131, 'Canon 20D', 5, '', '', 0.000000, 1, 0.000000, 1, '', '', '', '', 0, '', 0, 0, 0, '', ''),
(1175, 'Orion Starshoot', 5, '', '', 0.000000, 1, 0.000000, 1, '', '', '', '', 0, '', 0, 0, 0, '', ''),
(1191, 'Bench Spectrograph', 1, '', 'optical, ', 350.000000, 8, 950.000000, 8, '', '', '', '', 0, '', 0, 0, 0, '', 'http://www.wiyn.org/Instruments/wiyninstrument_current.html#bench\r\n\r\nRecent upgrades to the instrument and further specifications can be found in Bershady et. al, "WIYN bench upgrade: a revitalized spectrograph" (http://www.wiyn.org/Instruments/bershady_bench_spie08.pdf)'),
(1192, 'Hydra Spectrograph', 1, '', '', 0.000000, 1, 0.000000, 1, '', '', '', '', 0, '', 0, 0, 0, '', 'http://www.wiyn.org/Instruments/wiyninstrument_current.html#hydra\r\n\r\nHydra is a multi-object spectrometer that utilizes fiber optics placed in the focal plane to simultaneously transmit the light from numerous objects to a bench-mounted spectrograph that records the spectrum of each object onto a CCD detector. '),
(1193, 'MiniMo', 5, '', 'optical, ', 3000.000000, 7, 8400.000000, 7, '', '', '', '', 0, '', 0, 0, 0, 'Two SITe 4096x2048 chips', 'http://www.wiyn.org/Instruments/wiyninstrument_current.html#mimo\r\n\r\nThe WIYN Mini-Mosaic Imager consists of two SITe 4096x2048 chips separated by a tiny gap mounted in a dewar. \r\n\r\nThe CCDs have excellent cosmetics, high quantum efficiency, and allow good sampling (0.14"/pixel) and a large field of view (9.6x9.6 arcmin). Each of the two CCDs is read out through 2 amplifiers.'),
(1194, 'SparsePak', 6, '', '', 0.000000, 1, 0.000000, 1, '', '', '', '', 0, '', 0, 0, 0, '', 'http://www.wiyn.org/Instruments/wiyninstrument_current.html#spsk\r\n\r\nSparsePak is a sparsely packed fiber optics bundle with nearly-integral core that has a special fiber geometry designed to optimize performance for the specific scientific goal of studying the spatial distribution of the internal motions of gas and stars in nearby galaxies, but is also useful in general for the study of galactic and extra- galactic nebulae. SparsePak mounts into WIFOE.'),
(1195, 'WHIRC (+ WTTM)', 5, '', 'Near infrared', 1.000000, 9, 2.500000, 9, '', '', '', '', 0, '', 0, 0, 0, '', 'http://www.wiyn.org/Instruments/wiyninstrument_current.html#whirc\r\n\r\nThe WIYN High Resolution Infrared Camera (WHIRC) is a joint project between the WIYN partners, and STScI. WHIRC is a 2K x 2K near-infrared imager that can be used with the WIYN Tip-Tilt Module (WTTM). WHIRC + WTTM provides a powerful combination of high spatial resolution, high sensitivity, and a moderately wide FOV (3.3''x3.4''). \r\n\r\nIn good conditions WTTM can be expected to improve image quality, reducing the FWHM of point sources by ~0.1" or more.\r\n\r\nIt is a general purpose instrument for a wide range of science, offering the standard broadband filters (JHK), as well as a number of narrowband filters.'),
(1251, 'SBIG ST10', 5, '', '', 0.000000, 1, 0.000000, 1, '', '', '', '', 0, '', 0, 0, 0, '', ''),
(1291, 'RATCam', 5, '', 'optical, infrared', 0.000000, 1, 0.000000, 1, '0.135', '', '', '276 x 276', 0, '2048 x 2048', 0, 0, 0, '', 'Further information on this instrument available under: http://telescope.livjm.ac.uk/Info/TelInst/Inst/RATCam/'),
(1292, 'RINGO2', 3, '', '', 0.000000, 1, 0.000000, 1, '', '', '', '240 x 240', 0, '', 0, 0, 0, '', 'Further information on this instrument available under: http://telescope.livjm.ac.uk/Info/TelInst/Inst/RINGO2/'),
(1293, 'FRODOspec', 1, '', 'optical', 3900.000000, 7, 9400.000000, 7, '', '', '', '', 0, '', 0, 0, 0, '', 'Further information on this instrument available under: http://telescope.livjm.ac.uk/Info/TelInst/Inst/FRODOspec/'),
(1294, 'RISE', 5, '', 'optical', 0.000000, 1, 0.000000, 1, '0.54', '', '', '552 x 552', 0, '', 0.8, 0, 0, '', '- Mainly used for the precision measurement of transiting exoplanet timing\r\n- Further information on this ninstrument available udner: http://telescope.livjm.ac.uk/Info/TelInst/Inst/RISE/'),
(1295, 'SupIRCam', 5, '', 'near infrared', 0.000000, 1, 0.000000, 1, '0.413', '', '', '102', 0, '256 x 256', 0, 0, 0, '', 'Further information on this instrument available under: http://telescope.livjm.ac.uk/Info/TelInst/Inst/SupIRCam/'),
(1296, 'Meaburn Spectrograph', 1, '', '', 0.000000, 1, 0.000000, 1, '', '', '', '', 0, '', 0, 0, 0, '', 'Further information on this instrument available under: http://telescope.livjm.ac.uk/Info/TelInst/Inst/Meaburn/'),
(1297, 'SkyCam', 5, '', '', 0.000000, 1, 0.000000, 1, '', '', '', '', 0, '', 0, 0, 0, '', 'Further information on this instrument available under: http://telescope.livjm.ac.uk/Info/TelInst/Inst/SkyCam/'),
(1300, 'CoMP-S - Coronal Multi-Channel Polarimeter', 3, '', '', 0.000000, 1, 0.000000, 1, '', '', '', '', 0, '', 0, 0, 0, '', '- The polarimeter can be installed at both identical coronographs\r\n- Further information on this instrument available under: http://www.astro.sk/LSO/COMP-S/status.html'),
(1314, 'Lumenera SKYnyx', 5, '', '', 0.000000, 1, 0.000000, 1, '', '', '', '', 100, '640 x 480', 0.001, 3600, 1, 'Sony ICX424', ''),
(1357, 'QHY8', 5, '', '', 0.000000, 1, 0.000000, 1, '', '', '', '', 0, '', 0, 0, 0, 'Sony ICX453AQ', 'Framesize: 23.4mm(h) x 15.6mm(v)'),
(1368, 'MOPS - Mopra Spectrometer', 1, '', '', 0.000000, 1, 0.000000, 1, '', '', '', '', 0, '', 0, 0, 0, '', 'MOPS offers two configurations:\r\n- Wideband Mode\r\n- Zoom Mode'),
(1369, 'SIS ALMA Type 1.3mm', 7, '', '', 0.000000, 1, 0.000000, 1, '', '', '', '', 0, '', 0, 0, 0, '', 'Further information on this instrument available under http://aro.as.arizona.edu/smt_docs/receivers/1.3mm_ALMA/1.3mmALMA.htm'),
(1370, 'SIS 2mm', 7, '', '', 0.000000, 1, 0.000000, 1, '', '', '', '', 0, '', 0, 0, 0, '', 'For VLBI observations only.'),
(1371, 'SIS 0.8mm', 7, '', '', 315.000000, 5, 365.000000, 5, '', '', '', '', 0, '', 0, 0, 0, '', ''),
(1372, 'SIS Alma Type 0.4mm', 7, '', '', 600.000000, 5, 720.000000, 5, '', '', '', '', 0, '', 0, 0, 0, '', 'Further information on this instrument available under http://aro.as.arizona.edu/smt_docs/receivers/0.4mmsis/0.4mmsis.htm'),
(1373, 'AOS - Acousto-Optical-Spectrometers', 1, '', '', 0.000000, 1, 0.000000, 1, '', '', '', '', 0, '', 0, 0, 0, '', 'Two 1 GHz bandwidth Spectrometers:\r\n- AOSA: Mean resolution 934 kHz\r\n- AOSB: Mean resolution 913 kHz\r\n\r\n250 MHz bandwidth spectrometer:\r\n- AOSC: Mean resolution 370 kHz\r\n\r\nFurther information on these instruments are available under: http://aro.as.arizona.edu/smt_docs/smt_backends.htm'),
(1374, 'CTS - Chirp Transform Spectrometers', 1, '', '', 0.000000, 1, 0.000000, 1, '', '', '', '', 0, '', 0, 0, 0, '', 'Spectrometers with a bandwidth of ~215 MHz\r\n\r\nFurther information on these instruments available under http://aro.as.arizona.edu/smt_docs/smt_backends.htm'),
(1385, 'CCD Camera', 5, 'Cassegrain focus', '', 0.000000, 1, 0.000000, 1, '0.41', '', '', '840', 0, '2048 x 2048', 0, 0, 0, '', 'Available filter sets include UBVRI, Stromgren 4-color, and DDO, as well as filters for selected spectral features'),
(1386, 'Illinois "White" Spectrograph', 8, 'Cassegrain focus', '', 0.000000, 1, 0.000000, 1, '', '', '', '', 0, '', 0, 0, 0, '', '- CCD: Lick3 2660X448 CCD as its imaging detector\r\n- Three camera configurations (38 and 31 cm Nikon, and 15 cm Bowen Schmidt)\r\n- Four gratings (300, 400, 831, and 1200 line per mm)\r\n- Most frequently used dispersion: 0.4 and 0.2 Angstrom'),
(1387, 'Automated Single-Channel Photoelectric Photometer', 9, 'Cassegrain focus', '', 0.000000, 1, 0.000000, 1, '', '', '', '', 0, '', 0, 0, 0, '', 'Most frequently used filters: Stromgren uvby and customized near-infrared'),
(1388, 'NIRIM - Near-InfraRed IMager', 5, '', '', 0.000000, 1, 0.000000, 1, '', '', '', '', 0, '', 0, 0, 0, '', '- Rockwell 256x256 NICMOS3 array detector\r\n- Resolution 0.5 - 2.0 arcsec/pixel\r\n- Field of vew up to 510 arcseconds/pixel\r\n- Spectral sensitivity range: 0.8 to 2.5 microns'),
(1389, 'High-Speed Camera', 5, '', '', 0.000000, 1, 0.000000, 1, '', '', '', '', 0, '', 0, 0, 0, '', 'Currently under development'),
(1390, 'Pulse-counting photoelectric photometer', 9, '', '', 0.000000, 1, 0.000000, 1, '', '', '', '', 0, '', 0, 0, 0, '', 'Standard UBVRI, Stromgren 4-color, and DDO filter sets are available'),
(1391, 'SBIG CCD Camera', 5, 'Cassegrain', '', 0.000000, 1, 0.000000, 1, '', '', '', '', 0, '', 0, 0, 0, '', ''),
(1411, 'Starlight Xpress MX7C', 5, '', '', 0.000000, 1, 0.000000, 1, '', '', '', '', 0, '', 0, 0, 0, 'Sony EXview', ''),
(1412, ' SBIG ST 10 XM', 5, '', '', 0.000000, 1, 0.000000, 1, '', '', '', '', 0, '2184 x 1472', 0, 0, 0, '', ''),
(1413, 'Starlight Xpress', 5, '', '', 0.000000, 1, 0.000000, 1, '', '', '', '', 0, '', 0.001, 120, 1, '', ''),
(1414, 'SBIG STL 11000', 5, '', '', 0.000000, 1, 0.000000, 1, '', '', '', '', 0, ' 4008x2672', 0, 0, 1, 'KAI-11002M', ''),
(1415, 'Cámara Directa', 5, 'Cassegrain', '', 0.000000, 1, 0.000000, 1, '', '', '', '', 0, '', 0, 0, 0, '', 'Further information on this instrument available (in spanish) under: http://astro.inaoep.mx/observatorios/cananea/camara_directa/ '),
(1416, 'LFOSC', 8, '', '', 0.000000, 1, 0.000000, 1, '', '', '', '', 0, '', 0, 0, 0, '', 'Further information on this instrument available (in spanish) under: http://astro.inaoep.mx/observatorios/cananea/lfosc/'),
(1417, 'Boller & Chivens Spectrograph', 1, '', '', 0.000000, 1, 0.000000, 1, '', '', '', '', 0, '', 0, 0, 0, '', 'Further information on this instrument available (in spanish) under: http://astro.inaoep.mx/observatorios/cananea/boller/'),
(1418, 'CANICA - Cananea Near Infrared Camera', 5, '', 'near-infrared', 0.000000, 1, 0.000000, 1, '', '', '', '', 0, '', 0, 0, 0, '', 'Further information on this instrument available (in spanish) under: http://astro.inaoep.mx/observatorios/cananea/canica/'),
(1425, 'CCD Starlight MX 516', 5, '', '', 0.000000, 1, 0.000000, 1, '', '', '', '', 0, '', 0, 0, 0, '', ''),
(1426, 'Pulnix TM4200GE', 5, '', '', 0.000000, 1, 0.000000, 1, '', '', '', '', 6, '', 0.002, 0, 1, 'Kodak KAI4021', ''),
(1427, 'SBIG ST8300C', 5, '', 'optical, infrared, ', 0.000000, 1, 0.000000, 1, '', '', '', '', 0, '3326 x 2504 pixel', 0, 0, 0, 'Kodak KAF-8300', ''),
(1428, 'Starlight Xpress SXVF M8C ', 5, '', '', 0.000000, 1, 0.000000, 1, '', '', '', '', 0, '2312 x 1720', 0, 0, 0, 'Sony ICX406AQ SuperHAD CCD', ''),
(1442, 'FLI proline 16803', 5, '', '', 0.000000, 1, 0.000000, 1, '', '', '', '', 0, '', 0, 1800, 0, '', ''),
(1562, 'LFC - Large Format Camera', 5, 'Prime focus', 'optical', 0.000000, 1, 0.000000, 1, '', '', '', '1440', 0, '6 x 2048 x 4096', 0.6, 0, 0, '', 'Further information on this instrument available under http://www.astro.caltech.edu/palomar/200inch/lfc/lfc_spec.html'),
(1563, 'WIRC - Wide field IR Camera', 5, 'Prime focus', 'infrared', 0.000000, 1, 0.000000, 1, '0.2487', '', '', '', 0, '2048 x 2048', 0, 0, 0, '', 'Further information on this instrument available under http://www.astro.caltech.edu/palomar/200inch/WIRC/wirc_spec.html'),
(1564, 'Cosmic', 5, 'Prime focus', '', 0.000000, 1, 0.000000, 1, '0.2856 (Direct Imaging); 0.400 (Reimaging/Spectroscopy)', '582 (Direct Imaging); 816 (Reimaging/Spectroscopy)', '', '', 0, '2048 × 2048', 0, 0, 0, '', 'Further information available under http://www.astro.caltech.edu/palomar/200inch/cosmic/cosmic_spec.html'),
(1565, 'Double Spectrograph Specs (red camera)', 8, 'Cassegrain', 'optical, near infrared', 4700.000000, 7, 10000.000000, 7, '0.293', '', '', '', 0, '4096 × 2048', 0, 0, 0, '', 'Further information on this instrument available under http://www.astro.caltech.edu/palomar/200inch/dbl_spec/dbl_spec.html'),
(1566, 'Double Spectrograph Specs (blue camera)', 8, 'Cassegrain', 'optical, near UV', 3000.000000, 7, 7000.000000, 7, '0.389', '', '', '2048 x 4096', 0, '', 0, 0, 0, '', ''),
(1567, 'CWI - Cosmic Web Imager', 5, 'Cassegrain', 'optical', 405.000000, 8, 760.000000, 8, '', '5000', '', '60 x 40', 0, '4096 x 4096', 0, 0, 0, '', '- Contact: cmartin@srl.caltech.edu\r\n\r\n- Further information on this instrument available under http://www.astro.caltech.edu/palomar/200inch/cwi/'),
(1568, 'Triple Spectrograph Specs', 8, 'Cassegrain', '', 1.000000, 9, 2.500000, 9, '0.234', '2500 - 2700', '', '240 x 240', 0, '1024 x 1024', 0, 0, 0, '', 'Further information on this instrument available under http://www.astro.caltech.edu/palomar/200inch/TSpec/TSpec_spec.html'),
(1569, 'PHARO - Palomar High Angular Resolution Observer', 8, 'Cassegrain', 'infrared', 1.000000, 9, 2.500000, 9, '0.04 and 0.025', '', '', '', 0, '1024x1024', 0, 0, 0, '', 'Further information on this instrument available under http://www.astro.caltech.edu/palomar/200inch/palao/pharo_specs.html\r\nand http://www.astro.caltech.edu/observatories/palomar/200inch/palao/Pharo/pharo.html'),
(1570, 'SWIFT', 8, 'Cassegrain', 'optical, near infrared', 650.000000, 8, 1000.000000, 8, '0.235; 0.16; and 0.08', '', '', '10.3 x 20.9; 7.0 x 14.2; and 3.5 x 7.1', 0, '4000 x 2000', 0, 0, 0, '', '- Spectral resolving power: R ≡ λ ⁄Δλ = 3250 at 650 nm, rising linearly to 4400 at 1000 nm, 2 pixel spectral FWHM.\r\n\r\n- Further information on this instrument available under http://www.astro.caltech.edu/palomar/200inch/palao/swift/swift_specs.htm'),
(1571, 'EAE - East Arm Echelle', 8, '', 'optical', 3800.000000, 7, 8600.000000, 7, '', '', '', '', 0, '2048 x 2048', 0, 0, 0, '', 'Further information on this instrument available under http://www.astro.caltech.edu/palomar/200inch/echelle/eae_spec.html'),
(1572, 'Facility Optical Camera', 5, '', '', 0.000000, 1, 0.000000, 1, '0.378', '', '', '', 0, '2048 x 2048', 0, 0, 0, '', 'Further information on this instrument available under http://www.astro.caltech.edu/palomar/P60observers.html'),
(1573, 'Canon G15Hi', 5, '', '', 0.000000, 1, 0.000000, 1, '', '', '', '', 25, '', 0.04, 0, 1, '', ''),
(1577, 'Apogee Alta E42', 5, '', '', 0.000000, 1, 0.000000, 1, '', '', '', '', 0, '2048 x 2048', 0, 0, 0, '', ''),
(1579, ' Watec 120N+', 5, '', '', 0.000000, 1, 0.000000, 1, '', '', '', '', 25, '795 x 596', 0, 256, 1, '1/2inch chip, interline CCD transfer', ''),
(1689, 'SBIG ST8XME', 5, '', '', 0.000000, 1, 0.000000, 1, '', '', '', '', 0.4, '1530 x 1020', 0.11, 3600, 1, '', 'Time: 0.11 s<br>Color / BW Chip: BW<br>CCD Chip Type: KAF1602E'),
(1690, 'FLI CM-9', 5, '', '', 0.000000, 1, 0.000000, 1, '', '', '', '', 0, '512 x 512', 0, 0, 1, '', ''),
(1691, 'ATIK 2HS', 5, '', '', 0.000000, 1, 0.000000, 1, '', '', '', '', 0, '640 x 480', 0, 0, 1, 'Sony ICX-424AL', ''),
(1697, 'eCallisto highband', 1, '', 'radiowave 110-500Mhz, ', 110.000000, 4, 500.000000, 4, '', '', '', '', 0, '', 0, 0, 0, '', ''),
(1698, 'eCallisto lowband', 1, '', 'radiowave, ', 10.000000, 4, 90.000000, 4, '', '', '', '', 0, '', 0, 0, 0, '', ''),
(1699, 'DARO SuperSID', 6, '', 'radiowave, ', 5.000000, 3, 90.000000, 3, '', '', '', '', 0, '', 0, 0, 0, '', ''),
(1700, 'Starlight Xpress SXVF H16', 5, '', '', 0.000000, 1, 0.000000, 1, '', '', '', '', 0, '', 0.001, 0, 1, 'KAI 4021M - KodaK', ''),
(1701, 'SBIG ST8', 5, '', '', 0.000000, 1, 0.000000, 1, '', '', '', '', 0, '', 0, 0, 0, 'CCD Kodak Kaf1603', ''),
(1702, 'SBIG ST6', 5, '', '', 0.000000, 1, 0.000000, 1, '', '', '', '', 0, '375x242', 0.01, 3600, 1, 'TI TC-241', ''),
(1703, 'SBIG ST-7XME', 5, '', '', 0.000000, 1, 0.000000, 1, '', '', '', '', 4, '765 x 510', 0.12, 3600, 1, 'KAF-0402ME', 'BVR Custom Scientific Photometric filters (Johnson BV - Cousins R) and SBIG CFW9 Filter Wheel.'),
(1704, 'IMACS - Inamori Magellan Areal Camera and Spectrograph', 8, 'Magellan 1 - Baade Telescope - Instruments f/11', '', 0.000000, 1, 0.000000, 1, '', '', '', '', 0, '', 0, 0, 0, '', 'Furtherinformation on this instrument can be found under http://www.lco.cl/telescopes-information/magellan/instruments/imacs/ and http://www.lco.cl/telescopes-information/magellan/instruments/imacs/imacs-specs');
INSERT INTO `instruments` (`id`, `instrument_name`, `instrument_type`, `focal_position`, `wavelength`, `wavelength_begin`, `wavelength_b_unit`, `wavelength_end`, `wavelength_e_unit`, `spatial_resolution`, `spectral_resolution`, `polarisation`, `field_of_view`, `max_frames_per_sec`, `frame_size`, `min_exposure_time`, `max_exposure_time`, `color_bw_chip`, `ccd_chip_type`, `comments`) VALUES
(1705, 'FourStar', 5, 'Magellan 1 - Baade Telescope - Instruments f/11', 'near-infrared, ', 0.000000, 1, 0.000000, 1, '', '', '', '654x654', 0, '4096x4096', 0, 0, 0, '', 'Further information on this instrument available under http://instrumentation.obs.carnegiescience.edu/FourStar/'),
(1706, 'FIRE - Folded port InfraRed Echellette', 1, 'Magellan 1 - Baade Telescope - Instruments f/11', 'near-infrared, ', 0.800000, 9, 2.500000, 9, '', '', '', '', 0, '', 0, 0, 0, '', 'Further information on this instrument can be found under http://web.mit.edu/~rsimcoe/www/FIRE/'),
(1707, 'MIKE - Magellan Inamori Kyocera Echelle', 1, 'Magellan II - Clay Telescope - Instruments f/11', 'optical, ', 0.320000, 9, 1.000000, 9, '', '', '', '', 0, '', 0, 0, 0, '', 'Further information on this instrument can be found under http://www.lco.cl/telescopes-information/magellan/instruments/mike and http://www.lco.cl/telescopes-information/magellan/instruments/mike/mike-specs'),
(1708, 'MagE - Magellan Echellette', 1, 'Magellan II - Clay Telescope - Instruments f/11', 'optical, ', 0.310000, 9, 1.000000, 9, '', '', '', '', 0, '', 0, 0, 0, '', 'Further information on this instrument can be found under http://www.lco.cl/telescopes-information/magellan/instruments/mage and http://www.lco.cl/telescopes-information/magellan/instruments/mage'),
(1709, 'LDSS3 - Low Dispersion Survey Spectrograph', 1, 'Magellan II - Clay Telescope - Instruments f/11', 'optical, ', 0.360000, 9, 1.000000, 9, '', '', '', '', 0, '', 0, 0, 0, '', 'Further information on this instrument can be found under http://www.lco.cl/telescopes-information/magellan/instruments/ldss-3 and http://www.lco.cl/telescopes-information/magellan/instruments/ldss-3/ldss-3-specs/ldss-3-specs'),
(1710, 'MEGACAM', 5, 'Magellan II - Clay Telescope - Instruments f/5', 'optical, ', 0.000000, 1, 0.000000, 1, '0.08', '', '', '1440x1440', 0, '36x2048x4608', 0, 0, 0, 'E2V CCD42-90 CCDs', 'Large mosaic CCD camera (36 science CCDs and 2 guide CCDs)\r\n\r\nFurther information on this instrument can be found under http://hopper.si.edu/wiki/mmti/MMTI/Megacam/ObsManual'),
(1711, 'MMIRS - MMT and Magellan InfraRed Spectrograph', 8, 'Magellan II - Clay Telescope - Instruments f/5', 'near infrared, ', 0.000000, 1, 0.000000, 1, '', '', '', '414x414', 0, '2048x2048', 0, 0, 0, '', 'Further information on this instrument are available under http://hopper.si.edu/wiki/mmti/MMTI/MMIRS/ObsManual'),
(1712, 'PFS - Planet Finder Spectrograph', 1, 'Magellan II - Clay Telescope - Instruments f/11', 'optical, ', 0.388000, 9, 0.668000, 9, '', '', '', '', 0, '', 0, 0, 0, '', 'Further information on this instrument available under http://users.obs.carnegiescience.edu/crane/pfs/'),
(1713, 'SITe2K CCD', 5, 'Cassegrain', 'optical, ', 0.000000, 1, 0.000000, 1, '0.259', '', '', '531x531', 0, '2048x2048', 0, 0, 0, '', 'Further information on this instrument available under http://www.lco.cl/telescopes-information/lco/telescopes-information/irenee-du-pont/instruments/website/direct-ccd-manuals/direct-ccd-manuals-1 and http://www.lco.cl/telescopes-information/lco/telescopes-information/irenee-du-pont/instruments/specs/du-pont-telescope-direct-ccd-camera-ccd'),
(1714, 'WIRC - Wide Field Infrared Camera', 5, 'Cassegrain', 'infrared, ', 0.000000, 1, 0.000000, 1, '0.196', '', '', '201x201 (single detector)', 0, '4x1024x1024', 0, 0, 0, '', 'Four 1024 x 1024 Hawaii HgCdTe arrays\r\n\r\nFurther information on this instrument available under http://www.lco.cl/telescopes-information/lco/telescopes-information/irenee-du-pont/instruments/website/wide-field-infrared-camera-wirc-manuals and http://www.lco.cl/telescopes-information/lco/telescopes-information/irenee-du-pont/instruments/specs/du-pont-telescope-wide-field-ir-camera-wirc'),
(1715, 'WFCCD - Wide Field CCD', 5, 'Cassegrain', 'optical, ', 0.380000, 9, 0.760000, 9, '0.484', '', '', '1500x1500', 0, '4064x4064', 0, 0, 0, '', 'Further information on this instrument available under http://www.lco.cl/telescopes-information/lco/telescopes-information/irenee-du-pont/instruments/website/wfccd/wfccd-manuals and http://www.lco.cl/telescopes-information/lco/telescopes-information/irenee-du-pont/instruments/specs/du-pont-telescope-wide-field-reimaging-ccd-camera-wfccd'),
(1716, 'Boller & Chivens Spectrograph', 1, 'Cassegrain', 'optical, ', 0.310000, 9, 1.000000, 9, '0.7', '', '', '', 0, '', 0, 0, 0, '', 'Further information on this instrument available under http://www.lco.cl/telescopes-information/lco/telescopes-information/irenee-du-pont/instruments/website/boller-chivens-spectrograph-manuals/boller-chivens-spectrograph-manuals and http://www.lco.cl/telescopes-information/lco/telescopes-information/irenee-du-pont/instruments/specs/du-pont-telescope-boller-and-chivens-spectrograph '),
(1717, 'Echelle', 1, '', 'optical, ', 0.370000, 9, 0.700000, 9, '', '', '', '', 0, '', 0, 0, 0, '', 'Further information available under http://www.lco.cl/telescopes-information/lco/telescopes-information/irenee-du-pont/instruments/website/echelle-spectrograph-manuals/echelle-spectrograph-manuals'),
(1718, 'CAPSCam - Carnegie Astrometric Planet Search Camera', 5, 'Cassegrain', '', 0.000000, 1, 0.000000, 1, '0.194', '', '', '398x398', 0, '2048x2048', 0, 0, 0, '', 'Designed for an astrometric search of Jupiter-like planets around red dwarf stars.\r\n\r\nFurther information available under specialized astrometric camera designed for an astrometric search for Jupiter-like planets and http://www.lco.cl/telescopes-information/irenee-du-pont/instruments/specs/carnegie-astrometic-planet-search-camera-capscam'),
(1719, 'RetroCam', 5, '', 'near infrared, ', 0.000000, 1, 0.000000, 1, '0.201', '', '', '204x204', 0, '1024x1024', 0, 0, 0, '', 'Built especialy for the Carnegie Supernova Program, but also general available for users.\r\n\r\nFurther information on this instrument available under http://www.lco.cl/telescopes-information/irenee-du-pont/instruments/website/retrocam and http://www.lco.cl/telescopes-information/henrietta-swope/telescopes-information/henrietta-swope/instruments/specs/d'),
(1720, 'Direct CCD', 5, '', '', 0.000000, 1, 0.000000, 1, '0.435', '', '', '888x1368', 0, '2048x3150', 0, 0, 0, '', 'Further information on this telescope available under http://www.lco.cl/telescopes-information/henrietta-swope/lco/telescopes-information/irenee-du-pont/instruments/website/direct-ccd-manuals/direct-ccd-manuals-1 and http://www.lco.cl/telescopes-information/henrietta-swope/lco/telescopes-information/henrietta-swope/instruments/specs/direct-ccd-camera-ccd/direct-ccd-camera-ccd'),
(1721, 'OGLE-IV - "Third generation" mosaic camera', 5, '', '', 0.000000, 1, 0.000000, 1, '0.26', '', '', '', 0, '32x2048x4096', 0, 0, 0, '', ''),
(1722, 'SBIG', 5, '', '', 0.000000, 1, 0.000000, 1, '', '', '', '', 1, '765x510', 0.11, 3600, 1, 'Kodak KAF-0402ME', ''),
(1723, 'SBIG ST2000XCM', 5, '', '', 0.000000, 1, 0.000000, 1, '', '', '', '', 0, '1600 x 1200', 0.001, 3600, 0, ' Kodak KAI-2020CM + TI TC-237H', ''),
(1724, 'CRIRES', 1, '', '0.92–5.2 um, ', 0.000000, 1, 0.000000, 1, '0.086 arcseconds per pixel', 'R<100000', '', '', 0, '3 * 1024x1024 ', 0, 0, 0, 'mosaic of 3 x Aladdin III InSb arrays. Each array has 1024 x 1024 pixels', 'Cryogenic high-resolution InfraRed Echelle Spectrograph [Mounted on UT1]\r\n\r\nScience goals: search for exoplanets, Solar System objects, stellar evolution and abundances, star forming regions, active galactic nuclei'),
(1725, 'MIDI ', 2, '', '8–13 um, ', 0.000000, 1, 0.000000, 1, '', 'R=30–230', '', '', 0, '320x240', 0, 0, 0, '320 x 240 pixel Raytheon Si:As Impurity Band Conduction (IBC) array', 'MID-infrared Interferometric instrument, combining two beams, either from the UTs or from the ATs.\r\n\r\nScience goals: dust rings around black holes at the centres of quasars, circumstellar discs of forming stars, dust in the atmospheres of giant stars'),
(1726, 'X-shooter', 1, '', '300–2500 nm (split in 3 arms), ', 0.000000, 1, 0.000000, 1, '0.16(blue, red), 0.21(near-infrared) arcsec per pixel', 'R=4000–14000', '', '', 0, '4096x2048', 0, 0, 0, '4k x 2k pixel E2V CCD (blue), 4k x 2k pixel MIT/LL CCD (red), 2k x 1k pixel Hawaii-2RG infrared array (NIR)', 'Multi-wavelength medium resolution spectrograph [Mounted on UT2]\r\n\r\nScience goals: gamma-ray bursts, as well as spectra of low-metallicity stars, X-ray binaries, distant quasars and galaxies, nebulae '),
(1727, 'VISIR', 5, '', '8–13, 16.5–24.5 um, ', 0.000000, 1, 0.000000, 1, '0.075, 0.127 arcsec per pixel', 'R=350–25000', '', '19.2x19.2, 32.3x32.3 arcsec', 0, '256x256', 0, 0, 0, 'DRS (formerly Boeing) 256 x 256 BIB detectors', 'VLT Imager and Spectrometer for mid-Infrared [Mounted on UT3]\r\n\r\nScience goals: warm dust and gas; comets, circumstellar discs, star formation, quasars'),
(1728, 'VIMOS', 1, '', '360–1000 nm, ', 0.000000, 1, 0.000000, 1, '0.205 arcsec per pixel', 'R=180–2500', '', '4 quadrants, à 7x8 arcmin (2-arcmin gap)', 0, '4 * 2048x2048', 0, 0, 0, '4 * 2k x 2k pixel EEV CCD', 'VIsible MultiObject Spectrograph [Mounted on UT3]\r\n\r\nScience goals: deep spectroscopic survey of distant galaxies, galaxy evolution'),
(1729, 'UVES', 1, '', '300–500 nm (blue), 420–1100 nm (red), ', 0.000000, 1, 0.000000, 1, '0.22(blue), 0.16(red) arcsec per pixel', 'R=40 000–with a narrow slit up to 80 000 (blue) and 110 000 (red)', '', '', 0, '2048x4096', 0, 0, 0, 'blue CCD: 2k x 4k pixel thinned EEV CCD-44, red CCD mosaic: EEV CCD-44 + MIT/LL CCID-20 chip', 'Ultraviolet and Visual Echelle Spectrograph [Mounted on UT2]\r\n\r\nScience goals: chemical abundances in galactic and extragalactic stars, interstellar clouds, quasar absorption lines'),
(1730, 'SINFONI', 1, '', '1.1–2.45 um, ', 0.000000, 1, 0.000000, 1, '0.25, 0.1, 0.025 arcsec per pixel', 'R=2000, 3000, 4000 in J, H, K, respectively, and 1500 in H+K', '', '8x8, 3x3, 0.8x0.8 arcsec', 0, '2048x2048', 0, 0, 0, '2k x 2k pixel Hawaii-2RG infrared array detector', 'Spectrograph for Integral Field Observations in the Near Infrared [Mounted on UT4]\r\n\r\nScience goals: Galactic Centre, high-redshift galaxies, active galactic nuclei, starburst galaxies'),
(1731, 'NACO', 5, '', '0.45–2.5 um, ', 0.000000, 1, 0.000000, 1, '54, 27, 13, 17 milliarcseconds per pixel ', '400 in J, 500–1500 in H, 700–1400 in K, 700–1100 in L, 550 in SHK (1.3–2.6 microns)', '', '56x56, 28x28, 14x14, 8x8 arcsec', 0, '1024x1024', 0, 0, 0, '1024x1024 pixel Aladdin-InSb infrared array detector', 'Nasmyth Adaptive Optics System (NAOS) Near-Infrared Imager and Spectrograph (CONICA) [Mounted on UT4]\r\n\r\nScience goals: galactic: outflows and discs in young stellar objects, low-mass/substellar companions of nearby stars, T Tauri stars, red giants envelopes; extragalactic: quasars and host galaxies, obscured quasars, search for black holes in the centres of galaxies'),
(1732, 'ISAAC', 5, '', '1–2.5, 2.5-5 um, ', 0.000000, 1, 0.000000, 1, '0.148, 0.071 arcsec per pixel', 'R=200–11500, 180–10000', '', '2.5x2.5, 1.25x1.25 arcmin', 0, '1024x1024', 0, 0, 0, '1024x1024 pixel InSb-Aladdin array (LongWavelength), 1024x1024 pixel Hawaii-Rockwell array (ShortWavelength)', 'Infrared Spectrometer And Array Camera [Mounted on UT3]\r\n\r\nScience goals: faint outer Solar System bodies, brown dwarfs and low-mass stars, high-redshift galaxies'),
(1733, 'HAWK-I', 5, '', '0.85–2.5 um, ', 0.000000, 1, 0.000000, 1, '0.106 arcsec per pixel', '', '', '7.5x7.5 arcmin', 0, '4 * 2048x2048', 0, 0, 0, 'mosaic of 4 * 2048x2048 pixel HAWAII-2RG infrared array detectors', 'High Acuity Wide field K-band Imager [Mounted on UT4]\r\n\r\nScience goals: high-redshift galaxies and photometric redshift determination, star-forming regions'),
(1734, 'FORS2', 1, '', '330–1100 nm, ', 0.000000, 1, 0.000000, 1, '0.25, 0.125 arcsec per pixel ', 'R=100-400', '', '6.8x6.8, 4.25x4.25 arcmin', 0, '2 * 2048x4096', 0, 0, 0, 'mosaic of 2 x 2k x 4k pixel MIT CCDs', 'Visual and near-UV FOcal Reducer and low dispersion Spectrograph v.2 [Mounted on UT1]\r\n\r\nScience goals: faint distant stars, planetary nebulae and Delta Cephei stars for distance determination, spectroscopy of field galaxies, galactic environment of quasars'),
(1735, 'FORS1', 1, '0.25, 0.125 arcsec per pixel', '330–1100 nm, ', 0.000000, 1, 0.000000, 1, '', 'R=100, 400', '', '6.8x6.8, 4.25x4.25 arcmin', 0, '2 * 2048x4096', 0, 0, 0, 'mosaic of 2 x 2k x 4k pixel E2V CCDs', 'Visual and near-UV FOcal Reducer and low dispersion Spectrograph v.1 [Decommissioned, with some observing modes moved to FORS2]\r\n\r\nScience goals: aint distant stars, planetary nebulae and Delta Cephei stars for distance determination, spectroscopy of field galaxies, galactic environment of quasars'),
(1736, 'FLAMES', 1, '', '370–950 nm, ', 0.000000, 1, 0.000000, 1, '0.3–0.15 arcseconds per pixel', 'R=5600–46000', '', '25 arcmin (diameter)', 0, '2048x4096', 0, 0, 0, 'GIRAFFE, medium–high resolution spectrograph, equipped with a 2k x 4k pixel EEV CCD', 'Fibre Large Array Multi-Element Spectrograph, a multi-object, intermediate and high resolution spectrograph [Mounted on UT2]\r\n\r\nScience goals:\r\nstellar evolution, dwarf galaxies in the local group, high-redshift galaxies, Lyman-alpha emitting galaxies'),
(1737, 'OmegaCAM', 5, 'Cassegrain focus', 'UV to near-infrared, ', 0.300000, 9, 1.000000, 9, '0.21', '', '', '3600 x 3600', 0, '32 arrays with 2048 x 4096 pixels', 0, 0, 0, '32-CCDs of thinned, blue-sensitive, 3-edge buttable CCD44-82 devices from e2v', 'See also: http://www.eso.org/sci/facilities/paranal/instruments/omegacam/inst/'),
(1738, ' Apogee Alta U6', 5, '', '', 0.000000, 1, 0.000000, 1, '', '', '', '', 0, '', 0.02, 10980, 1, 'Kodak Blue Plus sensor', ''),
(1739, 'HIDES - HIgh Dispersion Echelle Spectrograph', 8, '', 'optical, ', 360.000000, 8, 1000.000000, 8, '', '', '', '', 0, '2048 x 4096', 0, 0, 0, '', 'Further information on this instrument available under http://www.oao.nao.ac.jp/~hides/wiki/index.php?English'),
(1740, 'ISLE', 8, 'Cassegrain', 'near infrared, ', 1.000000, 9, 2.500000, 8, '', '', '', '', 0, '', 0, 0, 0, '', 'Further information on this instrument available under http://www.oao.nao.ac.jp/~isle/'),
(1741, 'KOOLS - Kyoto Okayama Optical Low-dispersion Spectrograph', 8, 'Cassegrain', 'optical, ', 400.000000, 8, 800.000000, 8, '0.334', '', '', '300 x 264', 0, '2048 x 4096', 0, 0, 0, 'SITe ST-002A', 'Further information on this instrument available under http://www.oao.nao.ac.jp/~kools/'),
(1742, 'HBS', 8, '', 'optical, ', 360.000000, 8, 900.000000, 8, '', '', '', '', 0, '', 0, 0, 0, '', 'Further information (in Japanese only) available under http://1601-031.a.hiroshima-u.ac.jp/hbs/'),
(1743, 'Observatory in-house developed mosaic CCD camera', 5, '', 'optical, ', 360.000000, 8, 900.000000, 8, '', '', '', '', 1, '3 x 2048 x 4096', 1, 1800, 0, 'E2V CCD', ''),
(1744, 'Sbig ST-7-ME', 5, '', '', 0.000000, 1, 0.000000, 1, '', '', '', '', 0, ' 765x510', 0, 0, 1, 'kodak kaf-400', ''),
(1745, 'CCD-camera Photometrics CE200A', 5, '', '', 0.000000, 1, 0.000000, 1, '', '', '', '', 0, '1024 x 1024', 0, 0, 1, '', ''),
(1746, 'CCD-camera VersArray 1300 B', 5, '', '', 0.000000, 1, 0.000000, 1, '', '', '', '', 0.25, '1340 x 1300', 1, 1200, 1, 'E2V CCD 36-40', ''),
(1747, 'FoReRo 2', 6, '', '', 0.000000, 1, 0.000000, 1, '', '', '', '', 0, '', 0, 0, 1, '', 'Two-channel focal reducer'),
(1748, 'Coudé-Spectrograph', 1, '', '', 0.000000, 1, 0.000000, 1, '', '', '', '', 0, '', 0, 0, 1, '', ''),
(1749, 'CCD-camera FLI  PL 9000', 5, '', '', 0.000000, 1, 0.000000, 1, '', '', '', '', 0, '3056x3056', 0, 0, 0, '', ''),
(1750, 'CCD-camera FLI  PL 16803', 5, '', '', 0.000000, 1, 0.000000, 1, '', '', '', '', 0, '4096x4096', 0, 0, 0, '', ''),
(1751, 'CCD-camera SBIG STL-11000M', 5, '', '', 0.000000, 1, 0.000000, 1, '', '', '', '', 0, '4008x2672', 0, 0, 0, '', ''),
(1752, 'Vers Array CCD Camera', 5, '', 'optical, ', 300.000000, 8, 1000.000000, 8, '', '', '', '', 0, '1340 x 1300', 0, 0, 0, '', 'Further information on this instrument available under http://mao.tfai.vu.lt/mao/en/content/vers-array-ccd-camera'),
(1753, 'CORAVEL - Radial Velocity Instrument', 6, '', '', 0.000000, 1, 0.000000, 1, '', '', '', '', 0, '', 0, 0, 0, '', 'Further information on this instrument available under http://mao.tfai.vu.lt/mao/en/content/radial-velocity-instrument-coravel'),
(1754, 'Three-Channel Genera-Purpose Astrophotometer', 9, '', 'optical, ', 185.000000, 8, 850.000000, 8, '', '', '', '', 0, '', 0, 0, 0, '', 'Further information on this instrument available under http://mao.tfai.vu.lt/mao/en/content/three-channel-general-purpose-astrophotometer'),
(1755, 'LRS - Marcario Low Resolution Spectrograph', 8, 'Prime focus', '', 0.000000, 1, 0.000000, 1, '', '', '', '', 0, '', 0, 0, 0, '', 'Further information on this instrument available under: http://hydra.as.utexas.edu/?a=help&h=10'),
(1756, 'MRS - Medium Resolution Spectrograph', 1, '', '', 0.000000, 1, 0.000000, 1, '', '', '', '', 0, '', 0, 0, 0, '', 'Further information on this instrument available under: http://hydra.as.utexas.edu/?a=help&h=13'),
(1757, 'HRS - High Resolution Spectrograph', 8, '', '', 390.000000, 8, 1100.000000, 8, '', '', '', '', 0, '', 0, 0, 0, '', 'Further information on this instrument available under: http://hydra.as.utexas.edu/?a=help&h=11'),
(1758, 'DIAFI - Direct Imaging Auxiliary Functions Instrument', 5, 'Cassegrain f/8.8 Ritchey-Chretien focus', '', 300.000000, 8, 1050.000000, 8, '', '', '', '', 0, '', 0, 0, 0, '', '- Several different detectors. For a detailed view of the instrument visit http://www.as.utexas.edu/mcdonald/facilities/2.7m/diafi.html'),
(1759, 'VIRUS-P - Visible Integral-field Replicable Unit Spectrograph - Prototype', 1, 'Cassegrain f/8.8 Ritchey-Chretien focus', '', 340.000000, 8, 685.000000, 8, '', '', '', '169.2', 0, '', 0, 0, 0, '', 'Further information on this instrument available under: http://www.as.utexas.edu/mcdonald/facilities/2.7m/virus-p.html'),
(1760, 'CCD WHT Camera', 5, 'Cassegrain f/8.8 Ritchey-Chretien focus', '', 0.000000, 1, 0.000000, 1, '', '', '', '', 0, '1024 x 1024', 0, 0, 0, '', 'Further information on this instrument available under: http://www.as.utexas.edu/mcdonald/facilities/2.7m/2.7ccdwht.html'),
(1761, 'IGI - Imaging Grism Instrument', 8, 'Cassegrain f/8.8 Ritchey-Chretien focus', '', 400.000000, 8, 1000.000000, 8, '', '', '', '', 0, '', 0, 0, 0, '', 'Further information on this instrument available under: http://www.as.utexas.edu/mcdonald/facilities/2.7m/2.7igi.html'),
(1762, 'TS1 - Tull Spectrograph', 8, 'Coudé f/32.5 focus', '', 0.000000, 1, 0.000000, 1, '', '', '', '', 0, '', 0, 0, 0, '', 'Further information on this instrument available under: http://www.as.utexas.edu/mcdonald/facilities/2.7m/cs1.html'),
(1763, 'TS2 - Cross-Dispersed Echelle Spectrograph', 5, 'Coudé f/32.5 focus', '', 340.000000, 8, 1090.000000, 8, '', '', '', '', 0, '2048 x 2048', 0, 0, 0, '', 'Further information on this instrument available under: http://www.as.utexas.edu/mcdonald/facilities/2.7m/cs2.html'),
(1764, 'Argos', 5, 'Prime f/3.9 focus', '', 0.000000, 1, 0.000000, 1, '', '', '', '', 0, '', 0, 0, 0, '', 'Further information on this instrument available under: http://www.as.utexas.edu/mcdonald/facilities/2.1m/argos.html'),
(1765, 'SES - Sandiford Cassegrain Echelle Spectrometer', 8, 'Cassegrain f/13.7 focus', '', 370.000000, 8, 1100.000000, 8, '', '', '', '', 0, '', 0, 0, 0, '', 'Further information on this instrument available under: http://www.as.utexas.edu/mcdonald/facilities/2.1m/ce.html'),
(1766, 'es2 - Cassegrain Spectrometer', 8, 'Cassegrain f/13.7 focus', '', 300.000000, 8, 1250.000000, 8, '', '', '', '', 0, '', 0, 0, 0, '', 'Further information on this instrument available under: http://www.as.utexas.edu/mcdonald/facilities/2.1m/es2.html'),
(1767, 'CCD WHT Camera', 5, 'Cassegrain f/13.7 focus', '', 0.000000, 1, 0.000000, 1, '', '', '', '', 0, '1024 x 1024', 0, 0, 0, '', 'Further information on this instrument available under: http://www.as.utexas.edu/mcdonald/facilities/2.1m/2.1ccdwht.html'),
(1768, 'IGI - Imaging Grism Instrument', 5, 'Cassegrain f/13.7 focus', '', 400.000000, 8, 1000.000000, 8, '', '', '', '', 0, '', 0, 0, 0, '', 'Further information on this instrument available under: http://www.as.utexas.edu/mcdonald/facilities/2.1m/2.1igi.html'),
(1769, 'CQUEAN - Camera for QUasars in EArly uNiverse', 5, 'Cassegrain f/13.7 focus', '', 700.000000, 8, 1100.000000, 8, '0.276', '', '', '282 x 282', 0, '', 0, 0, 0, '', 'Further information on this instrument availabele under: http://www.as.utexas.edu/mcdonald/facilities/2.1m/cquean.html'),
(1770, 'CCD Monochrome Camera', 5, '', '', 0.000000, 1, 0.000000, 1, '', '', '', '', 0, '1392 x 1040', 0.01, 999, 1, 'Sony ICX285AL', ''),
(1771, 'NESSI - New Mexico Tech Extrasolar Spectroscopic Survey Instrument', 1, '', 'near infrared, ', 0.000000, 1, 0.000000, 1, '', '', '', '', 0, '', 0, 0, 0, '', 'Further information on the instrument available under: http://www.mro.nmt.edu/about-mro/nessi/'),
(1772, 'LMI - The Monolithic Imager', 5, 'Ritchey-Chretien', '', 0.000000, 1, 0.000000, 1, '', '', '', '', 0, '', 0, 0, 0, '', 'Further information on this instrument available under: http://www.lowell.edu/dct_instruments_lmi.php'),
(1773, 'NIHTS - The Near-Infrared High-Throughout Spectrograph', 1, 'Ritchey-Chretien', '', 0.000000, 1, 0.000000, 1, '', '', '', '', 0, '', 0, 0, 0, '', 'Further information available under: http://www.lowell.edu/dct_instruments_nihts.php'),
(1774, 'The DeVeny Spectrograph', 1, '', '', 0.000000, 1, 0.000000, 1, '', '', '', '', 0, '', 0, 0, 0, '', 'Further information on this instrument available under: http://www.lowell.edu/dct_instruments_deveny.php'),
(1775, 'PFCam - Prime Focus Camera', 5, 'Prime focus', 'optical, ', 0.000000, 1, 0.000000, 1, '', '', '', '', 0, '', 0, 0, 0, '', 'Further information on this instrument available under: http://mthamilton.ucolick.org/techdocs/instruments/PFCam/'),
(1776, 'KAST Spectrograph', 1, 'Cassegrain focus', 'optical, ', 0.000000, 1, 0.000000, 1, '', '', '', '', 0, '', 0, 0, 0, '', '- Further information on this instrument available under: http://mthamilton.ucolick.org/techdocs/instruments/kast/'),
(1777, 'IRCAL', 5, 'Cassegrain focus', 'near infrared, ', 0.000000, 1, 0.000000, 1, '', '', '', '', 0, '', 0, 0, 0, '', 'Further information on this instrument available under: http://mthamilton.ucolick.org/techdocs/instruments/ircal/'),
(1778, 'Gemini', 8, 'Cassegrain focus', 'near infrared, ', 0.000000, 1, 0.000000, 1, '', '', '', '', 0, '', 0, 0, 0, '', 'Further information on this instrument available under: http://mthamilton.ucolick.org/techdocs/instruments/gemini/'),
(1779, 'Hamilton - Echelle Spectrometer', 1, 'Coudé focus', 'optical, ', 3400.000000, 7, 9000.000000, 7, '', '', '', '', 0, '', 0, 0, 0, '', ''),
(1780, 'Direct Imaging Camera', 5, 'Cassegrain focus', 'optical, ', 0.000000, 1, 0.000000, 1, '', '', '', '', 0, '', 0, 0, 0, '', 'Further information on this instrument available under: http://mthamilton.ucolick.org/techdocs/instruments/nickel_direct/intro/'),
(1781, 'Nickel Spectrograph', 1, 'Cassegrain focus', '', 0.000000, 1, 0.000000, 1, '', '', '', '', 0, '', 0, 0, 0, '', 'Further information on this instrument available under: http://mthamilton.ucolick.org/techdocs/instruments/nickel_spect/intro/'),
(1782, 'CCD Camera', 5, '', '', 0.000000, 1, 0.000000, 1, '', '', '', '', 0, '1340 x 1300', 0, 0, 0, '', 'Further information on this instrument available under: http://www.casleo.gov.ar/instrumental/js-ccdd-en.php'),
(1783, 'REOSC Spectrograph', 8, '', '', 3500.000000, 7, 7500.000000, 7, '', '', '', '', 0, '1024 x 1024', 0, 0, 0, '', 'Further information on this telescope: http://www.casleo.gov.ar/instrumental/js-reosc-en.php'),
(1784, 'EBASIM Bench Stectrograph', 1, '', '', 0.000000, 1, 0.000000, 1, '', '', '', '', 0, '', 0, 0, 0, '', '- User-manual (Spanish): http://www.casleo.gov.ar/instrumental/varios/manualebasim.pdf\r\n- Instrument website (under construction): http://www.casleo.gov.ar/instrumental/js-ebasim-en.php'),
(1785, 'CASPROF Photopolarimeter', 6, '', '', 0.000000, 1, 0.000000, 1, '', '', '', '', 0, '', 0, 0, 0, '', '- Photopolarimeter\r\n- Further information on this instrument available under: http://www.casleo.gov.ar/instrumental/js-casprof-en.php'),
(1786, '11000M CCD SBIG', 5, 'Primary Focus', 'around 550nm, ', 0.000000, 1, 0.000000, 1, '', '', '', '5868 x 3912', 0, '4008 x 2672', 0, 0, 0, '', ''),
(1787, 'Apogee Alta U16 CCD', 5, 'Primary Focus', '', 0.000000, 1, 0.000000, 1, '', '', '', '1860 x 1860', 0, '4096 x 4096', 0, 0, 0, '', ''),
(1788, 'Starlight Xpress SXVR-H18', 5, 'Prime', 'Optical, ', 400.000000, 8, 900.000000, 8, '3.75', '', '', '12580 x 9460', 0.05, '3326 x 2504', 0.2, 90, 1, 'KAF 8300M', 'Mechanical shutter\r\n'),
(1789, 'SXV H9', 5, 'Prime', 'optical, ', 400.000000, 8, 900.000000, 8, '0.49', '', '', '', 0, '1392 x 1040', 0.001, 40, 1, 'Sony Exview ICX285AL', 'Generally use camera binned 2x2\r\nFilter wheel with B V g'' r'' and i'' filters'),
(1790, 'Atik 314L+', 5, '', '', 0.000000, 1, 0.000000, 1, '', '', '', '', 1, '1391 x 1039', 0.001, 10000, 1, 'Sony ICX285AL', ''),
(1791, 'Photometrics S300', 5, '', '', 0.000000, 1, 0.000000, 1, '', '', '', '', 1, '1024 x 1024', 0.001, 999, 1, 'SITe 003B', ''),
(1792, 'SBIG ST-8', 5, '', '', 0.000000, 1, 0.000000, 1, '', '', '', '', 0, '1530 x 1020', 0, 0, 0, '', ''),
(1793, 'Faint-object Nasmyth Spectrograph', 8, '', '', 0.000000, 1, 0.000000, 1, '0.53', '', '', '1024 x 800', 0, '', 0, 0, 0, '', 'Further information on this instrument can be found under: http://www.tls-tautenburg.de/tls_d.php?category=nasmyth_d'),
(1794, 'Coudé Echelle Spectrograph', 1, '', '', 0.000000, 1, 0.000000, 1, '', '', '', '', 0, '', 0, 0, 0, '', 'Further information on this instrument available under: http://www.tls-tautenburg.de/tls_d.php?category=echelle_d'),
(1795, 'Apogee AP-16', 5, '', '', 0.000000, 1, 0.000000, 1, '1.9', '', '', '4096 x 4096', 0, '', 0, 0, 0, '', ''),
(1796, 'SBIG/ ST10XME', 5, '', '', 0.000000, 1, 0.000000, 1, '', '', '', '', 0, '2184 x 1472 at 6.8 microns', 0.01, 0, 1, 'KAF-3200ME', ''),
(1797, 'SBIG CCD', 5, '', '', 0.000000, 1, 0.000000, 1, '', '', '', '', 0, '1530 x 1020', 0.001, 0, 1, 'KAF 1603E', ''),
(1798, 'Littrow Design Spectra L-200 Spectrograph', 1, '', '', 0.000000, 1, 0.000000, 1, '', '', '', '', 0, '', 0, 0, 1, '', ''),
(1799, 'Zeiss-1000', 5, '', '', 0.000000, 1, 0.000000, 1, '', '', '', '', 0, '', 0, 0, 0, '', ''),
(1800, 'Princeton Instruments VersArray 1024B', 5, '', '', 0.000000, 1, 0.000000, 1, '', '', '', '5 arcmin', 0, '1024x1024', 0, 0, 0, 'SITeAB, back-illuminated, Grade 1', ''),
(1801, 'RISE2 Andor DW435', 5, '', '', 0.000000, 1, 0.000000, 1, '', '', '', '10 arcmin', 0, '1024x1024', 0, 0, 0, 'E2V CCD47-20 back-illuminated', ''),
(1802, 'Astronomical Research Cameras, Inc, GENIII', 5, '', '', 0.000000, 1, 0.000000, 1, '', '', '', '10 arcmin', 0, '4096x4096', 0, 0, 0, 'Fairchild Imaging CCD486, back-illuminated, Grade 1 ', ''),
(1803, 'Manchester Echelle Spectrometer', 1, '', '390nm - 750nm, ', 0.000000, 1, 0.000000, 1, '', '<=105', '', '', 0, '', 0, 0, 0, '', ''),
(1804, 'SOPHIE echelle spectrograph', 1, 'Cassegrain', 'optical, ', 3872.000000, 7, 6943.000000, 7, '', '', '', '', 0, '', 0, 0, 0, '', 'Further information on this instrument available under: http://www.obs-hp.fr/guide/sophie/sophie-eng.shtml'),
(1805, 'AURELIE', 8, '', '', 0.000000, 1, 0.000000, 1, '', '', '', '', 0, '', 0, 0, 0, '', 'Further information on this instrument is available under: http://www.obs-hp.fr/guide/aurelie/aurelie.shtml'),
(1806, 'ANDOR DW436', 5, '', '', 0.000000, 1, 0.000000, 1, '', '', '', '420 x 420', 0, '2048 x 2048', 0, 0, 0, '', 'Further information on this camera available under: http://www.obs-hp.fr/guide/camera-80.html'),
(1807, ' Watec 120N+', 5, '', '', 0.000000, 1, 0.000000, 1, '', '', '', '', 29.97, '', 0, 0, 1, ' interline CCD transfer', ''),
(1808, 'SBIG ST8-XME', 5, '', '', 0.000000, 1, 0.000000, 1, '', '', '', '1530 x 1020', 0, '', 0.1, 0, 1, 'Kodak KAF 1603', ''),
(1809, 'ST9', 5, '', '', 0.000000, 1, 0.000000, 1, '', '', '', '', 0, '', 0.1, 1200, 1, 'KAF-0261E', ''),
(1810, 'ST-8XME', 5, '', '', 0.000000, 1, 0.000000, 1, '', '', '', '', 0, '', 0, 0, 0, '', ''),
(1811, 'SBIG STL11000M', 5, '', '', 0.000000, 1, 0.000000, 1, '', '', '', '', 1, '', 0.1, 3600, 1, 'CCD Chip Type: KAF11002', ''),
(1812, 'CCD Camera', 5, '', '', 0.000000, 1, 0.000000, 1, '', '', '', '', 0, '1024x1024', 0, 0, 0, 'SITEe Chip (SI033B)', 'Filters: UBVRI'),
(1813, 'Camera SBIG ST-9', 5, '', '', 0.000000, 1, 0.000000, 1, '', '', '', '', 0, '', 0, 0, 0, 'Kaf-0261', ''),
(1814, 'SBIG ST-7XME', 5, '', '', 0.000000, 1, 0.000000, 1, '', '', '', '', 0, '765 x 510', 0.12, 3600, 1, 'CCD Chip Type: Kodak KAF-0402ME +   TI TC-237', ''),
(1815, 'Apogee AP7', 5, '', '', 0.000000, 1, 0.000000, 1, '', '', '', '648', 0.1, '', 0.01, 3600, 1, '512 x 512 x 24 micron', 'Both telescopes are equipped with this CCD camera.'),
(1816, 'LAICA - Large Area Imager for Calar Alto', 5, 'Prime Focus K3 corrector ', 'Atmospheric cutoff to 1 micron, ', 0.000000, 1, 0.000000, 1, '0.225', '', '', '2661.6 x2661.6', 0, '', 0, 0, 0, '', '- LAICA uses 4 CCDs with 4096*4096 pixels\r\n\r\n- Further information on the instrument: http://www.caha.es/CAHA/Instruments/LAICA/index.html'),
(1817, 'MOSCA', 8, 'RC focus', 'optical, ', 0.000000, 1, 0.000000, 1, '', '', '', '', 0, '', 0, 0, 0, '', '- Mosca is a focal-reducer designed to work with a CCD detector at the RC focus of the 3.5 telescope in Calar Alto observatory.\r\n\r\n- Contact: coords@caha.es\r\n\r\n- Further information on the instrument: http://www.caha.es/CAHA/Instruments/MOSCA/mosca.html'),
(1818, 'PMAS - Potsdam MultiAperture Spectrophotometer', 1, 'Cassegrain focus', 'optical, ', 0.000000, 1, 0.000000, 1, '', '', '', '', 0, '', 0, 0, 0, '', '- Further information on the instrument available under: http://www.caha.es/pmas/PMAS_OVERVIEW/pmas_overview.html#IFU'),
(1819, 'TWIN', 1, 'Cassegrain focus', 'optical, ', 3200.000000, 7, 10000.000000, 7, '', '3000-14000', '', '', 0, '', 0, 0, 0, '', '- Further informationon this instrument available under: http://www.caha.es/CAHA/Instruments/TWIN/index.html'),
(1820, 'Omega-2000', 5, 'Prime focus', 'infrared, ', 0.000000, 1, 0.000000, 1, '', '', '', '', 0, '', 0, 0, 0, '', '- Designed for survey observations\r\n- Further information on this instrument available under: http://www.caha.es/CAHA/Instruments/O2000/index.html'),
(1821, 'BUSCA - Bonn University Simultaneous CAmera', 5, '', 'optical, ultraviolet, ', 0.000000, 1, 0.000000, 1, '', '', '', '', 0, '4096 x 4096', 0, 0, 0, '3x CCD485 Lockheed Martin', '- Further information on this instrument available under: http://www.caha.es/CAHA/Instruments/BUSCA/busca.html'),
(1822, 'CAFOS', 8, 'RC focus', 'optical, ', 0.000000, 1, 0.000000, 1, '', '', '', '', 0, '', 0, 0, 0, '', '- Further information on this instrument available under: http://www.caha.es/CAHA/Instruments/CAFOS/index.html'),
(1823, 'AstraLux', 5, 'Cassegrain focus', 'optical, ', 0.000000, 1, 0.000000, 1, '', '', '', '', 0, '', 0, 0, 0, '', '- Further information available under: http://www.caha.es/CAHA/Instruments/ASTRALUX/'),
(1824, 'CAFE', 1, 'Cassegrain focus', 'optical, ', 0.000000, 1, 0.000000, 1, '', '', '', '', 0, '', 0, 0, 0, '', '- Further information on this instrument available under: http://www.caha.es/CAHA/Instruments/CAFE/index.html'),
(1825, 'MAGIC', 8, '', 'infrared, ', 0.000000, 1, 0.000000, 1, '', '', '', '', 0, '', 0, 0, 0, '', '- Further information on this instrument available under: http://www.caha.es/CAHA/Instruments/IRCAM/MAGIC/index.html'),
(1826, '1.23m CCD Camera', 5, 'Cassegrain focus', 'optical, ', 0.000000, 1, 0.000000, 1, '', '', '', '', 0, '', 0, 0, 0, '', '- Further information on this instrument available under: http://www.caha.es/CAHA/Instruments/IA123/index.html'),
(1827, 'CCD ST-6', 5, '', '', 0.000000, 1, 0.000000, 1, '', '', '', '', 0, '375x242 pixel', 0, 0, 1, 'TI 241', 'http://www.company7.com/sbig/products/st6.html'),
(1828, 'Spectrograph UAGS (Zeiss)', 1, '', '', 0.000000, 1, 0.000000, 1, '', '', '', '', 0, '', 0, 0, 0, '', ''),
(1829, 'Photopolarimeter', 3, '', '', 0.000000, 1, 0.000000, 1, '', '', '', '', 0, '', 0, 0, 0, '', ''),
(1830, 'Iris photometer ASCOIRIS', 6, '', '', 0.000000, 1, 0.000000, 1, '', '', '', '', 0, '', 0, 0, 0, '', ''),
(1831, 'Two-Star Photometer', 6, '', '', 0.000000, 1, 0.000000, 1, '', '', '', '', 0, '', 0, 0, 0, '', ''),
(1843, 'Marconi EEV CCD', 5, '', '', 0.000000, 1, 0.000000, 1, '', '', '', '0.9x0.6 degree', 0, '540x380', 0, 0, 0, 'EEV-CCD02-06-1-206,', ''),
(1844, 'Finger Lake Instruments', 5, '', '', 0.000000, 1, 0.000000, 1, '', '', '', '42x42 arcmin', 0, '1024x1024', 0, 0, 0, '', ''),
(1845, 'Finger Lake Instruments', 5, '', '', 0.000000, 1, 0.000000, 1, '', '', '', '22x22 arcmin', 0, '1024x1024', 0, 0, 0, '', ''),
(1846, 'Princeton Instruments VersArray 1300B', 5, '', '', 0.000000, 1, 0.000000, 1, '', '', '', '', 0, '1340x1300', 0, 0, 0, 'EEV CCD36-40', ''),
(1847, 'Photometrics AT200 CCD Camera', 5, '', '', 0.000000, 1, 0.000000, 1, '', '', '', '', 0, '1536x1024', 0, 0, 0, 'Kodak KAF-1600, UV coated', ''),
(1848, 'Andor iXon + 888 back-illuminated EMCCD ', 5, '', '', 0.000000, 1, 0.000000, 1, '', '', '', '', 8.9, '1024x1024', 0, 0, 0, 'e2V CCD201-20', 'Omega Optical Bessell U, B, V, R, I and Clear Filters'),
(1849, 'Apogee Alta U16', 5, '', '', 0.000000, 1, 0.000000, 1, '', '', '', '', 0, '4096x4096', 0, 0, 0, 'Kodak KAF-16801E', 'Optec IFW 3" filter wheel, Bessell 1990 BVRI filters'),
(1851, 'SBIG ST-10XME', 5, '', '', 0.000000, 1, 0.000000, 1, '', '', '', '', 0, '', 0.12, 7200, 1, 'KAF3200E', ''),
(1852, 'AFOSC - Asiago Faint Object Spectrograph and Camera', 8, 'Cassegrain Focus', 'optical, ', 330.000000, 8, 1100.000000, 8, '0.473', '5316', '0, 90, 45 and 135 degrees polarization directions', '488.4x488.4', 0, '', 0, 0, 0, 'E2V CCD42-40 AIMO', 'Further information on this instrument available under: http://www.pd.astro.it/asiago/2000/2300/2310.html'),
(1853, 'Echelle Spectrometer', 1, '', '', 0.000000, 1, 0.000000, 1, '', '28600', '', '', 0, '', 0, 0, 0, '', 'Further information on this instrument available under: http://www.pd.astro.it/asiago/2000/2300/2320.html'),
(1854, 'SCAM-1 Camera', 5, '', '', 0.000000, 1, 0.000000, 1, '1.437', '', '', '3000x3000', 0, '2000x2000', 0, 0, 0, 'LORAL Thick Front illuminated', 'Further information available under: http://www.pd.astro.it/asiago/3000/3200.html# and http://www.pd.astro.it/asiago/5000/5200/techrep19.pdf'),
(1855, 'CCD Camera Apogee Ap8', 5, '', '', 0.000000, 1, 0.000000, 1, '', '', '', '', 0, '1024x1024', 1.8, 624, 0, 'SITe SI003A', ''),
(1856, 'GMOS - Gemini Multi-Object Spectrograph', 8, '', 'optical, ', 360.000000, 8, 940.000000, 8, '0.073 arcsec per pixel', '', '', '330 arcsec x 330 arcsec', 0, '', 0, 0, 0, '', 'GMOS is a multi-object, long-slit and IFU spectrograph and imager. \r\n\r\nThree types of spectroscopy are possible with its selection of gratings:\r\n-Long-slit spectroscopy, which covers the full extent of the CCD package (3 x 2048 pixels) with two small gaps.\r\n-Multi-object spectroscopy, which uses custom-designed, laser-milled masks.\r\n-Integral field spectroscopy, which uses 0.2 arcsec fibers covering a 35 square arcsec field of view.\r\n\r\nGMOS can perform broad band imaging (using the SDSS filter system) or narrow-band imaging using select filters. For imaging, the field of view is 5.5 arcmin x 5.5 arcmin. \r\n\r\nFor further details about this instrument see: http://www.gemini.edu/node/10625'),
(1857, 'T-ReCS - Thermal-Region Camera Spectrograph', 8, '', 'Mid-infrared (MIR), ', 8.000000, 9, 26.000000, 9, '0.09 arcsec per pixel', 'R~100-1000', '', '', 0, '', 0, 0, 0, '', 'T-ReCS is a mid-infrared imager and long-slit spectrograph. When combined with Gemini''s fast tip/tilt compensating secondary mirror, T-ReCS will yield nearly diffraction-limited 10-µm images under most natural seeing conditions. \r\n\r\nT-ReCS is capable of imaging in the 8–26 µm range as follows:\r\n-Broad-band (N, Q) and Narrow-band Filter Imaging\r\n-Pixel size = 0.09" (fixed)\r\n-Field of view = 28.8"×21.6"\r\n-Number of filters: currently 20, capacity for 24\r\n-Occulting bar available for imaging (2" wide)\r\n\r\nT-ReCS is capable of spectroscopy with R~100 - 1000 in the 8–26 µm range as follows:\r\n-Low resolution long-slit spectroscopy: R ~ 100 near 10 µm, R ~ 80 near 20 µm\r\n-Medium long-slit spectroscopy: R ~ 1000 near 10 µm\r\n-Pixel size in spatial direction = 0.09" (fixed)\r\n-Slit length = 21.6"\r\n-Slit widths = 0.21" to 1.32"\r\n-Low-Res Dispersion at 10 µm = 0.02213 µm/pix, delta lambda = 7.1 µm (entire N band) across detector\r\n-Low-Res Dispersion at 20 µm = 0.033 µm/pix, delta lambda = 10.6 µm (entire Q band)\r\n-Hi-Res Dispersion at 10 µm = 0.0019 µm/pix, delta lambda = 0.6 µm\r\n\r\nFor further details about this instrument see:\r\nhttp://www.gemini.edu/sciops/instruments/trecs'),
(1858, 'NICI - Near-Infrared Coronagraphic Imager', 6, '', 'Near-infrared (NIR), ', 1.000000, 9, 5.000000, 9, '18 mas per pixel', '', '', '18 arcsec x 18 arcsec', 0, '1024 x 1024', 0, 0, 0, '1024x1024 ALADDIN InSb array', 'NICI combines an 85-element curvature adaptive optics system, a dedicated Lyot coronagraph, and a specialized dual-channel camera into a single instrument optimized to detect large Jovian-type planets around nearby stars.\r\n\r\nFor further details about this instrument, see:\r\nhttp://www.gemini.edu/sciops/instruments/nici/?q=sciops/instruments/nici'),
(1859, 'Starlight Xpress SXVR-H36', 5, '', '', 0.000000, 1, 0.000000, 1, '', '', '', '', 0, '4904x3280', 0, 0, 0, 'Kodak KAI16000M', 'Filters: Starlight Xpress + Astronomik LRGB 50mm'),
(1861, 'Vacuum fibre-fed Échelle spectrograph', 1, '', '370nm - 890nm, ', 0.000000, 1, 0.000000, 1, '', '', '', '', 0, '', 0, 0, 0, '', ''),
(1862, 'Direct Camera / Camera with Spectrometer', 5, '', '', 0.000000, 1, 0.000000, 1, '', '', '', '', 0, '4000x4000', 60, 12000, 0, '', 'Filters: UG1 2mm; GG385 2mm; GG495 2mm; RG610 3mm'),
(1863, 'SBIG ST-9XE', 5, '', '', 0.000000, 1, 0.000000, 1, '', '', '', '', 0, '512x512', 0, 0, 0, 'Kodak KAF-0261E + TI TC-237', ''),
(1864, 'SBIG ST-8XME', 5, '', '', 0.000000, 1, 0.000000, 1, '', '', '', '', 0, '1530x1020', 0, 0, 0, 'Kodak KAF-1603ME + TI TC-237', ''),
(1865, '', 1, '', '', 0.000000, 1, 0.000000, 1, '', '', '', '', 0, '', 0, 0, 0, '', ''),
(1866, 'Schmidt Camera 40cm CCD', 5, '', '', 0.000000, 1, 0.000000, 1, '', '', '', '', 0, '', 0, 0, 0, '', ''),
(1867, 'SBIG ST-7', 5, '', '', 0.000000, 1, 0.000000, 1, '', '', '', '', 0, '765x510', 0, 0, 0, 'Kodak KAF-0402ME + TI TC-237', ''),
(1868, 'CCD ST-7', 5, '', '', 0.000000, 1, 0.000000, 1, '', '', '', '', 0, '765x510', 0, 0, 1, 'CCD KAF0400', 'SBIG CFW-8 Color Filter Wheel'),
(1869, 'CCD 2000XCM', 5, '', '', 0.000000, 1, 0.000000, 1, '', '', '', '', 0, '1600x1200', 0, 0, 1, 'Kodak KAI-2020CM + TI TC-237', 'SBIG CFW-8 Color Filter Wheel'),
(1870, 'HEROS Heidelberg Extended Range Optical Spectrograph', 8, '', 'optical (350-560nm - red channel; 580-880 - red channel), ', 0.000000, 1, 0.000000, 1, '', '20000', '', '', 0, '', 0, 0, 0, '', 'Further information available under: http://www.lsw.uni-heidelberg.de/projects/instrumentation/Heros/'),
(1876, 'SBIG STL11000M', 5, '', '', 0.000000, 1, 0.000000, 1, '', '', '', '', 0, '', 0, 0, 0, '', ''),
(1972, 'AZT-14', 5, '', '', 0.000000, 1, 0.000000, 1, '', '', '', '', 0, '', 0, 0, 0, '', ''),
(2037, 'High-Resolution ASP-14 Spectrograph', 8, 'Coudé Focus', '', 0.000000, 1, 0.000000, 1, '', '', '', '', 0, '', 0, 0, 0, '', 'User Manual: http://www.crao.crimea.ua/~dshakh/doc/asp14_manual.pdf'),
(2038, 'Low-Resolution SPEM Spectrograph', 1, 'Nasmyth Focus', '', 0.000000, 1, 0.000000, 1, '0.78', '7.5', '', '', 0, '', 0, 0, 0, '', 'Further information on this instrument available under http://lerga.crao.crimea.ua/Instr/ztsh_en.html'),
(2039, 'SPEC-10 CCD Camera', 5, 'Nasmyth Focus', '', 0.000000, 1, 0.000000, 1, '', '', '', '1340x100', 0, '', 0, 0, 0, '', 'Further information on this instrument available under http://lerga.crao.crimea.ua/Instr/ztsh_en.html'),
(2040, 'Fast modulation Polarimeter', 3, 'Cassegrain Focus', '', 0.000000, 1, 0.000000, 1, '', '', '', '', 0, '', 0, 0, 0, '', ''),
(2041, 'Primary Focus Imaging', 5, 'Primary Focus', '', 0.000000, 1, 0.000000, 1, '', '', '', '', 0, '', 0, 0, 0, '', 'Primary Focus Imaging is conditionally active, depending on the CCD availability.'),
(2042, 'SPECHCOU', 1, '', '', 0.000000, 1, 0.000000, 1, '', '', '', '', 0, '', 0, 0, 0, '', 'High-Resolution echelle spectrograph to replace ASP-14 at Coude focus.'),
(2043, 'Five-Channel UBVRI Photometer-Polarimeter', 10, '', '', 0.000000, 1, 0.000000, 1, '', '', '', '', 0, '', 0, 0, 0, '', ''),
(2044, 'Spectrophotometer', 1, '', '', 3000.000000, 7, 7900.000000, 7, '', '', '', '', 0, '', 0, 0, 0, '', ''),
(2047, 'Apogee CCD Camera', 5, '', '', 0.000000, 1, 0.000000, 1, '', '', '', '1476x1488', 0, '1024x1024', 0, 0, 0, '', ''),
(2048, 'CCD Camera', 5, '', '', 0.000000, 1, 0.000000, 1, '', '', '', '', 0, '', 0, 0, 0, '', ''),
(2049, 'FLAMINGOS - Florida Infrared Imaging Multi-object Spectrograph', 8, '', 'infrared, ', 0.900000, 9, 2.500000, 9, '0.316', 'R ~ 1000-1900', '', '600 x 600', 0, '2048 x 2048', 0, 0, 0, 'HgCdTe', 'http://www.noao.edu/kpno/manuals/flmn/flmn.user.html\r\n\r\nFLAMINGOS is a wide-field IR imager and multi-slit spectrometer. \r\nThe imaging mode is provided by a fairly conventional optical train, consisting of a refractive collimator, filters, cold stop and a camera, which images the focal plane onto a 2K x 2K HgCdTe detector.\r\nThe filters available for imaging are J, H, K and Ks.\r\n\r\nThe spectroscopic mode is provided by a cold slit mask placed at the telescope focal plane, and by a grism placed after the cold stop. The slit masks are mounted in a wheel in a separate MOS dewar in front of the camera section at the telescope focal plane. The MOS wheel can accommodate 11 slit masks (enough for 2 - 3 nights of typical observing), in addition to permanently-mounted long slits. At present, there are two grisms covering the JH and HK atmospheric windows which provide two-pixel R ~ 1000 - 1800, depending on the wavelength and filter/grism combination. \r\n\r\nSingle or multi-slit capability with the 4-m Mayall Telescope.\r\n\r\nInstr. Support: Dick Joyce, Rm. 159, x8323, (520) 318-8323, rjoyce@noao.edu\r\n\r\nInstr. Support: Ron Probst, Rm. 49, x8268, (520) 318-8268, rprobst@noao.edu'),
(2050, 'R-C CCD Spectrograph', 8, 'Ritchey-Chrétien', '', 550.000000, 7, 4700.000000, 7, '0.69', 'R ~ 300-5000', '', '324', 0, '', 0, 0, 0, 'T2KA/LB1A CCD', 'http://www.noao.edu/kpno/manuals/l2mspect/'),
(2051, 'CCD Echelle Spectrograph', 1, '', 'ultraviolet, optical, ', 0.000000, 1, 0.000000, 1, '', '', '', '', 0, '', 0, 0, 0, '', 'http://www.noao.edu/kpno/manuals/echman/\r\n\r\nThe Kitt Peak 4-meter echelle spectrograph is a versatile instrument capable of high resolution (<= 80,000 or >= 0.07Å) over a wide range of wavelengths. Its two-dimensional format (cover figure) is ideal for array detectors. Cross dispersion gratings are available (table 6) to provide efficient spectral coverage from 3000 to 10,000 Å. The echelle spectrograph is used with CCDs to obtain spectra of stars as faint as mv ~ 15 or even fainter, depending on the resolution and signal to noise required.'),
(2052, 'MARS - Multi-Aperture Red Spectometer', 1, '', '', 3400.000000, 7, 10000.000000, 7, '', '8-30 Å', '', '', 0, '', 0, 0, 0, '', 'http://www.noao.edu/kpno/manuals/mars/mars_man2.html'),
(2053, 'FLAMINGOS - Florida Infrared Imaging Multi-object Spectrograph', 8, '', 'infrared, ', 0.900000, 9, 2.500000, 9, '0.606', 'R ~ 1000-1800', '', '1200 x 1200', 0, '2048 x 2048', 0, 0, 0, 'HgCdTe', 'http://www.noao.edu/kpno/manuals/flmn/flmn.user.html\r\n\r\nFLAMINGOS is a wide-field IR imager and multi-slit spectrometer. \r\nThe imaging mode is provided by a fairly conventional optical train, consisting of a refractive collimator, filters, cold stop and a camera, which images the focal plane onto a 2K x 2K HgCdTe detector.\r\nThe filters available for imaging are J, H, K and Ks.\r\n\r\nThe spectroscopic mode is provided by a cold slit mask placed at the telescope focal plane, and by a grism placed after the cold stop. The slit masks are mounted in a wheel in a separate MOS dewar in front of the camera section at the telescope focal plane. The MOS wheel can accommodate 11 slit masks (enough for 2 - 3 nights of typical observing), in addition to permanently-mounted long slits. At present, there are two grisms covering the JH and HK atmospheric windows which provide two-pixel R ~ 1000 - 1800, depending on the wavelength and filter/grism combination. \r\n\r\nLong-slit capability only with the 2.1-m Telescope.\r\n\r\n\r\nInstr. Support: Dick Joyce, Rm. 159, x8323, (520) 318-8323, rjoyce@noao.edu\r\n\r\nInstr. Support: Ron Probst, Rm. 49, x8268, (520) 318-8268, rprobst@noao.edu\r\n'),
(2210, 'ST9XE', 5, 'Prime focus', 'optical, ', 0.000000, 1, 0.000000, 1, '1.45', '', '', '745x745', 0, '512x512', 1, 1200, 0, 'KAF-0261E', ''),
(2212, '90Prime', 5, '', 'optical, ', 0.000000, 1, 0.000000, 1, '0.45', '', '', '4176 x 4176', 0, '', 0, 0, 0, 'Four 4k x 4k CCDs', 'http://cameras.itl.arizona.edu/index.html?90Prime.html\r\n\r\n90Prime is a prime focus wide-field facility imager for the Steward Observatory 90" telescope. \r\n\r\nThe optical design includes a four element corrector and six position filter wheel. \r\n\r\nThe focal plane array is a mosaic of four 4k x 4k CCDs which have been processed for back illumination by the University of Arizona Imaging Technology Laboratory. The camera provides an imaging area of 1.0 square degree on the four CCDs. The edge-to-edge field-of-view including the inter-CCD spacing is 1.16° x 1.16° with a plate scale of 30.2"/mm or 0.45"/pixel.'),
(2229, 'SALTICAM - SALT Imaging Camera', 5, '', '', 320.000000, 8, 950.000000, 8, '', '', '', '480', 0, '', 0, 0, 0, '', 'Further information on this instrument available under http://www.salt.ac.za/telescope/instrumentation/salticam/ '),
(2230, 'RSS - The Robert Stobie Spectrograph', 8, '', 'ultraviolet, ', 0.000000, 1, 0.000000, 1, '', '12000', '', '480', 0, '6144×4096', 0, 0, 0, '', 'Further information on this instrument available under http://www.salt.ac.za/telescope/instrumentation/rss/'),
(2231, 'SALT-HRS - SALT High Resolution Spectrograph', 8, '', '', 370.000000, 8, 890.000000, 8, '', '16500-65000', '', '', 0, '2000x4000 (370nm-560nm blue region) & 4000x4000 (560nm-870nm red region)', 0, 0, 0, '', 'Further information on this instrument available under http://www.salt.ac.za/telescope/instrumentation/hrs/'),
(2232, 'BVIT - Berkeley Visible Imaging Tube', 9, '', '', 0.000000, 1, 0.000000, 1, '0.14', '', '', '114', 0, '', 0, 0, 0, '', 'Further information on this instrument available under http://www.salt.ac.za/technical-info/instruments/bvit/'),
(2233, 'Grating Spectrograph with SITe CCD', 8, 'Cassegrain Focus', 'optical, near infrared, ', 350.000000, 8, 1000.000000, 8, '', '', '', '', 0, '266x1798', 0, 0, 0, '', '- Further information on this instrument available under: http://www.saao.ac.za/facilities/instruments/grating-spectrograph/'),
(2234, 'GIRAFFE: Fibre-fed Échelle', 8, '', 'optical, near infrared, ', 382.000000, 8, 1040.000000, 8, '', '39000', '', '', 0, '', 0, 0, 0, '', 'Further information available under http://www.saao.ac.za/facilities/instrumentation/giraffe/'),
(2235, 'HIPPO - HIgh speed Photo POlarimeter', 10, 'Cassegrain Focus', '', 0.000000, 1, 0.000000, 1, '', '', '', '', 0, '', 0, 0, 0, '', 'Further information on  this instrument available under http://www.saao.ac.za/~sbp/HIPPO/user_man.html'),
(2236, 'SHOC - Sutherland High-speed Optical Camera', 5, 'Cassegrain Focus', 'optical, ', 0.000000, 1, 0.000000, 1, '', '', '', '78x78', 0, '2048x1024', 0, 0, 0, '', '- There are two identical instruments named SHOC, which are usable at the 1.9m,  1.0, and 0.75m telescopes. The fields of view for the other telescopes are:\r\n* 1.0m telescope: 174x174 arcsec\r\n* 0.75m telescope: 222x222 arcsec\r\n\r\n- Further information on this instrument available under http://www.saao.ac.za/facilities/instruments/shoc/'),
(2237, 'UCT CCD Photometer', 5, 'Cassegrain Focus', '', 0.000000, 1, 0.000000, 1, '0.13', '', '', '50x34', 0, '576x420', 0, 0, 0, '', '- Available for use also on the 1.0m and 0.75m telescopes with the following specifications of the field of view:\r\n* 1.0m telescope: 109x74 arcsec\r\n* 0.75m telescope: 142x97 arcsec\r\n\r\n- Further information on this instrument available under http://www.saao.ac.za/facilities/instruments/uct-ccd/'),
(2238, 'SAAO CCD Camera (STE3/STE4)', 5, '', '', 0.000000, 1, 0.000000, 1, '0.14', '', '', '146x146', 0, '1024x1024 (STE4) & 512x512 (STE3)', 0, 0, 0, '', '- The instrument is also available for the 1.0m telescope (see entry for the 1.0m for the specifications)\r\n\r\n- Filters available: Halpha, BG38, Z\r\n\r\n- Further information on this instrument available under http://www.saao.ac.za/facilities/instruments/saao-ccd/'),
(2239, 'SAAO CCD Camera (STE3/STE4)', 5, '', '', 0.000000, 1, 0.000000, 1, '0.31', '', '', '317x317', 0, '1024x1024 (STE4) & 512x512 (STE3)', 0, 0, 0, '', '- The instrument is also available for the 1.9m telescope (see entry for the 1.9m for the specifications)\r\n\r\n- Filters available: Halpha, BG38, Z\r\n\r\n- Further information on this instrument available under http://www.saao.ac.za/facilities/instruments/saao-ccd/');
INSERT INTO `instruments` (`id`, `instrument_name`, `instrument_type`, `focal_position`, `wavelength`, `wavelength_begin`, `wavelength_b_unit`, `wavelength_end`, `wavelength_e_unit`, `spatial_resolution`, `spectral_resolution`, `polarisation`, `field_of_view`, `max_frames_per_sec`, `frame_size`, `min_exposure_time`, `max_exposure_time`, `color_bw_chip`, `ccd_chip_type`, `comments`) VALUES
(2240, 'Infrared Photometer MKII', 9, '', '', 0.000000, 1, 0.000000, 1, '', '', '', '', 0, '', 0, 0, 0, '', 'Further information on this instrument available under http://www.saao.ac.za/facilities/instrumentation/infrared-photometer-mk-ii/'),
(2241, '0.5m Telescope Modular Photometer', 9, '', '', 0.000000, 1, 0.000000, 1, '', '', '', '', 0, '', 0, 0, 0, '', 'Further information on this instrument available under http://www.saao.ac.za/facilities/instruments/modular-photometer/'),
(2242, 'Apogee Alta U16M ', 5, '', '', 0.000000, 1, 0.000000, 1, '23', '', '', '', 0, '4096x4096', 0, 0, 0, '', ''),
(2243, 'Sinistro', 5, '', '', 0.000000, 1, 0.000000, 1, '0.39', '', '', '1596', 0, '4096x4097', 0, 0, 0, 'Fairchild CCD486 BI', 'Further information on this instrument available under http://lcogt.net/blog/rross/first-photons-sinistro'),
(2244, 'NRES - Network of Robotic Echelle Spectrographs', 1, '', 'optical, ', 380.000000, 8, 860.000000, 8, '', '53000', '', '', 0, '', 0, 0, 0, '', 'Further information on this instrument available under http://lcogt.net/network/instrumentation/nres'),
(2245, '2.3m Imager', 5, 'f/18 Nasmyth focus', '', 0.000000, 1, 0.000000, 1, '', '', '', '6.62 arcmin', 0, '', 0, 0, 0, 'SITe thinned CDD with 24micron pixels', ''),
(2246, 'CCD Camera Rolera MGi', 5, '', 'Optic and near IR, ', 350.000000, 8, 1000.000000, 8, '', '', '', '7.2 arcmin', 30, '512*512', 1, 0, 1, 'e2v L3Vision CCD97, back-illuminated', 'Using Reducer/Corrector f/6.3 Field of View is 10.65 arcmin '),
(2247, 'ALFOSC - Andalucia Faint Object Spectrograph and Camera', 8, '', 'UV-optical, ', 280.000000, 8, 2250.000000, 8, '0.19', '', 'linear and/or circular modes available', '6''.4 x 6''.4', 0, '2048 x 2048(+4)', 0, 0, 0, 'E2V 2kx2k CCD42-40 nimo back illuminated', 'http://www.not.iac.es/instruments/alfosc/\r\nALFOSC can be used for UV-optical imaging, polarimetry and low-resolution spectroscopy.\r\n\r\nALFOSC spectroscopy 	from 3200-11000Å, with dispersion (Å/pixel) of 0.26-13.7 for long slit (5''), and 0.4 in echelle mode (slit length 8"). Spectropolarimetry and Multi Object (MOS) mode also available.\r\n\r\nFor polarimetry:\r\nALFOSC FAPOL+ calcite: Various optical filters, FoV 140" diameter, modes: linear and/or circular (also for spectropolarimetry)\r\nALFOSC polaroid: Various optical filters, FoV 6''.4 x 6''.4, mode: linear, for extended targets.\r\nALFOSC +WeDoWo: Various optical filters, mode: linear 	'),
(2248, 'NOTCam - Nordic Optical Telescope near-infrared Camera and spectrograph', 8, '', 'infrared, ', 0.800000, 9, 2.500000, 9, '', '', '', '', 0, '1024 x 1024', 0, 0, 0, 'HgCdTe', 'http://www.not.iac.es/instruments/notcam/\r\nNOTCam - NIR imaging and low-resolution spectroscopy \r\n\r\nNOTCam is capable of:\r\nWide field imaging (4''×4'' @ 0.234"/pixel)\r\nHigh resolution imaging (80"×80" @ 0.078"/pixel)\r\nLow-resolution (R = 2500) WF-cam spectroscopy (Y,J,H,K) \r\nMedium-resolution (R = 5500) HR-cam spectroscopy (J,H,K)\r\n\r\nIn the future, expected to upgrade NOTCam with Wollaston prisms for imaging polarimetry and spectro-polarimetry. '),
(2249, 'FIES - FIbre-fed Echelle Spectrograph ', 1, '', 'optical, ', 370.000000, 8, 730.000000, 8, '', '', '', '', 0, '', 0, 0, 0, '', 'http://www.not.iac.es/instruments/fies/\r\nFIES - High-resolution, high-stability optical spectroscopy\r\n\r\nThe currently installed fiber bundle contains a high-res 1.3 arcsec fibre offering a spectral resolution of R=67000. This bundle also provides two 1.3 arcsec fibres giving R=46000 (med-res), and a fibre with a larger entrance aperture of 2.5 arcsec but a lower spectral resolution (R=25000, low-res). '),
(2250, 'MOSCA - MOSaic CAmera ', 5, '', 'UV-optical, ', 0.000000, 1, 0.000000, 1, '0.217"/pixel on sky (2x2 binning)', '', '', '7''.7 x 7''.7', 0, '', 0.5, 0, 0, '4 2048x2048 Loral-Lesser thinned CCDs (CCD7/10/11/12)', 'http://www.not.iac.es/instruments/mosaic/\r\n\r\nMOSCA - High-resolution, high-efficiency UV-optical imaging\r\n\r\nFilters: Full field of view with 100 mm filter, 60mm round filter FOV about 5''25" (diameter) Available filters: (100 mm) Bessell UBVRI, SDSS u''g''r''i''z'';(90mm) Strömgren uvby, H-beta wide, narrow (see filters at NOT).'),
(2251, 'StanCam - Standby CCD Camera', 5, '', '', 0.000000, 1, 0.000000, 1, '0.176', '', '', '3'' x 3''', 0, '1024 x 1024', 0, 0, 0, 'TEK 1024x1024 back-side illuminated thinned CCD', 'http://www.not.iac.es/instruments/stancam/\r\n\r\nStanCam is mounted in a folded Cassegrain focus and kept cool using CryoTiger. It is used as an optical imaging instrument when ALFOSC or MOSCA is not mounted and also as a FIES fiber viewer.'),
(2252, 'Princeton Instruments VersArray 2048B', 5, '', '', 0.000000, 1, 0.000000, 1, '', '', '', '7.92x7.92 arcmin', 0, '2048x2048', 0, 0, 0, '', ''),
(2253, 'CCD photometer', 5, '', '', 0.000000, 1, 0.000000, 1, '0.275 x 0.366 arcsec per pixel', '', '', '143 x 212 arcsec', 0, '530 x 580 pixel', 0, 0, 0, '', ''),
(2254, 'CEGS', 1, 'coude focal plane (F/36)', '', 0.000000, 1, 0.000000, 1, '', 'R = ~3200 - ~10200 AA', '', '', 0, '1242 x 1152 pixel', 0, 0, 0, '', 'Coude Echelle/Grating Spectrometer\r\nhttp://w0.sao.ru/hq/coude/cegs.htm'),
(2255, 'WFCAM Wide Field Infrared Camera', 5, '', '', 0.000000, 1, 0.000000, 1, '', '', '', '', 0, '', 0, 0, 0, '', 'http://www.jach.hawaii.edu/UKIRT/instruments/wfcam'),
(2256, 'IRPOL Infra-Red Polarimetry facility', 3, '', '', 0.000000, 1, 0.000000, 1, '', '', '', '', 0, '', 0, 0, 0, '', 'http://www.jach.hawaii.edu/UKIRT/instruments/irpol/irpol.html'),
(2257, 'CGS4', 1, '', '1-5um, ', 0.000000, 1, 0.000000, 1, '0.41x0.90 arcsec per pixel', '', '', '', 0, '256x256 InSb array', 0, 0, 0, '', 'http://www.jach.hawaii.edu/UKIRT/instruments/cgs4/cgs4.html'),
(2258, 'UFTI UKIRT Fast-Track Imager', 5, '', '', 0.000000, 1, 0.000000, 1, '0.091 arcsec per pixel', '', '', '92 arcsec', 0, '1024x1024 HgCdTe array', 0, 0, 0, '', 'http://www.jach.hawaii.edu/UKIRT/instruments/ufti/ufti.html'),
(2259, 'UIST UKIRT 1-5 micron Imager Spectrometer', 1, '', '1-5 um, ', 0.000000, 1, 0.000000, 1, '0.12 or 0.06 arcsec per pixel', '', '', '2x2 or 1x1 arcminute', 0, '1024x1024 InSb array', 0, 0, 0, '', 'http://www.jach.hawaii.edu/UKIRT/instruments/uist/uist.html\r\nhttp://docs.jach.hawaii.edu/UKIRT/SPIE/5492/1160/Howatt_UIST_2004.pdf'),
(2260, 'SBIG ST-8XME', 5, '', '', 0.000000, 1, 0.000000, 1, '', '', '', '19x12.6 arcmin', 0, '1530x1020', 0, 0, 0, '', ''),
(2261, 'SBIG STL-6303E', 5, '', '', 0.000000, 1, 0.000000, 1, '', '', '', '18x24 arcmin', 0, '3072x2048', 0, 0, 0, 'KAF-6303E/LE', ''),
(2262, 'Apogee Alta U47 16Bit', 5, '', '', 0.000000, 1, 0.000000, 1, '', '', '', '55x55 arcmin', 0, '1024x1024', 0, 0, 0, '', ''),
(2263, 'Apogee Alta U900 camera', 5, '', '', 0.000000, 1, 0.000000, 1, '', '', '', '18x18 arcmin', 0, '3056x3056', 0, 0, 0, 'Kodak KAF-09000', ''),
(2264, 'Galway Ultra Fast Imager (GUFI)', 5, '', 'optical, ', 0.000000, 1, 0.000000, 1, '', '', '', '13 arcmin', 0, '', 0, 0, 0, 'L3CCD system, based on an Andor iXon back-illuminated CCD camera', 'The L3CCD system gives a readout time of only 2 ms, extremely high time resolutions of up to 400 images a second (subframed), and very low light level sensitivity.\r\n\r\nOn loan from NUI Galway, currently until June 2011.'),
(2265, 'VATT CCD Spectrograph (VATTSpec)', 1, '', 'optical, ', 360.000000, 8, 950.000000, 8, '', '', '', '', 0, '2688 x 512', 0, 0, 0, 'back illuminated, low noise CCD STA0520A CCD', 'This optical region spectrograph has AR coated refractive optics, with beam size at its camera of 125 mm, giving:\r\n-Slit length: 30 arcsec\r\n-Spectral coverage: 100 nm at 0.1 nm resolution. \r\n-Spectral resolutions: 0.1, 0.2, and 0.4 nm with 1 arcsec wide slit.'),
(2266, 'MegaPrime/MegaCam', 5, '', 'optical, near-infrared, ', 0.000000, 1, 0.000000, 1, '0.187 arcsecond per pixel', '', '', '1x1 degree', 0, '36 ccds (2048x4612)', 0, 0, 0, '', 'http://www.cfht.hawaii.edu/Instruments/Imaging/MegaPrime/'),
(2267, 'ESPaDOnS - Echelle SpectroPolarimetric Device for the Observation of Stars', 1, '', 'optical, ', 370.000000, 8, 1050.000000, 8, '', '', '', '', 0, '', 0, 0, 0, '', 'http://www.cfht.hawaii.edu/Instruments/Spectroscopy/Espadons/'),
(2268, 'WIRCam Wide-field InfraRed Camera', 5, '', 'near-infrared, ', 0.000000, 1, 0.000000, 1, '0.3 arcsecond per pixel', '', '', '20x20 arcminute', 0, '4 times (2048x2048) pixel', 0, 0, 0, 'HAWAII2-RG detectors', 'http://www.cfht.hawaii.edu/Instruments/Imaging/WIRCam/'),
(2269, 'SofI - Son of ISAAC', 1, 'Nasmyth A', '0.9-2.5 um, ', 0.000000, 1, 0.000000, 1, '0.144, 0.273, 0.288 arcsec per pixel', 'R=600-2200', '', '4.92 arcmin', 0, '1024x1024', 0, 0, 0, 'Hawaii HgCdTe 1024x1024 array', 'Infrared spectrograph and imaging camera.\r\nhttp://www.eso.org/sci/facilities/lasilla/instruments/sofi/'),
(2270, 'EFOSC2', 1, 'Nasmyth B', '305-1100 nm, ', 0.000000, 1, 0.000000, 1, '0.12x0.12 arcsec per pixel', '', '', '4.1x4.1 arcmin', 0, '2048x2048', 0, 0, 0, '2048x2048, Loral/Lesser, thinned, AR coated, UV flooded, MPP chip controlled by ESO-FIERA', 'ESO Faint Object Spectrograph and Camera (v.2) is a instrument for low resolution spectroscopy and imaging.\r\nhttp://www.eso.org/sci/facilities/lasilla/instruments/efosc/index.html'),
(2271, 'EMMI', 5, 'Nasmyth B', '300-1000 nm, ', 0.000000, 1, 0.000000, 1, '0.13, 0.37, 0.1665 arcsec per pixel', '', '', '', 0, '', 0, 0, 0, '', 'EMMI is a multipurpose instrument allowing observations in the visible wavelengths.\r\nhttp://www.eso.org/sci/facilities/lasilla/instruments/emmi/index.html'),
(2272, 'ISIS - Intermediate dispersion Spectrograph and Imaging System', 8, 'Cassegrain', '', 0.000000, 1, 0.000000, 1, '', '', '', '', 0, '4096 x 2048', 0, 0, 0, 'EEV12', 'Further information on this instrument available under: http://www.ing.iac.es/Astronomy/instruments/isis/index.html'),
(2273, 'LIRIS - Long-slit Intermediate Resolution Infrared Spectrograph', 1, 'Cassegrain', 'near-infrared, ', 0.800000, 9, 2.500000, 9, '0.25', '', '', '256.2', 0, '', 0, 0, 0, '', 'Further information on this instrument is available under: http://www.ing.iac.es/Astronomy/instruments/liris/index.html'),
(2274, 'ACAM - Auxiliary-port CAMera', 8, 'Cassegrain', '', 3500.000000, 7, 9400.000000, 7, '0.25', '', '', '480', 0, '', 0, 0, 0, '', 'Further information on this instrument available under: http://www.ing.iac.es/Astronomy/instruments/acam/index.html'),
(2275, 'PFIP - PrimeFocus Imaging Platform', 5, 'Prime focus', '', 0.000000, 1, 0.000000, 1, '0.24', '', '', '972', 0, '', 0, 0, 0, '', 'Further information on this instrumetn available under: http://www.ing.iac.es/Astronomy/instruments/pfip/index.html'),
(2276, 'AutoFib2+WYFFOS', 1, 'Prime focus', '', 0.000000, 1, 0.000000, 1, '', '', '', '', 0, '', 0, 0, 0, '', '- Multi-object, wide-field, fibre spectrograph\r\n\r\n- Further information on this instrument available under: http://www.ing.iac.es/Astronomy/instruments/af2/index.html'),
(2277, 'OASIS (optical integral-field spectrograph)', 1, 'Nasmyth', '', 0.000000, 1, 0.000000, 1, '', '', '', '', 0, '', 0, 0, 0, '', 'Further information on this instrument available under: http://www.ing.iac.es/Astronomy/instruments/oasis/index.html'),
(2278, 'INGRID - Isaac Newton Group Red Imaging Device', 5, 'near infrared', 'Nasmyth, ', 0.000000, 1, 0.000000, 1, '0.04', '', '', '40', 0, '', 0, 0, 0, '', 'Further information on this instrument available under: http://www.ing.iac.es/Astronomy/instruments/ingrid/index.html'),
(2279, 'WFC - Wide Field Camera', 5, '', '', 0.000000, 1, 0.000000, 1, '0.33', '', '', '', 0, '', 0, 0, 0, '', 'Further information on this instrument available under: http://www.ing.iac.es/astronomy/instruments/wfc/'),
(2280, 'IDS - Intermediate Dispersion Spectrograph', 8, 'Cassegrain', '', 0.000000, 1, 0.000000, 1, '', '', '', '', 0, '', 0, 0, 0, '', 'Further information on this instrument available under: http://www.ing.iac.es/astronomy/instruments/ids/'),
(2281, 'ARCES - ARC Echelle Spectrometer', 1, 'Nasmyth Port (NA1)', 'optical, infrared (IR), ', 320.000000, 8, 1000.000000, 8, '', '31.5', '', '1.6x3.2; 1.6x4.7; 1.6x1.6; 0.9x0.9', 0, '2048x2048', 0, 0, 0, '', '- CCD camera e2v (Marconi) CCD77-00 attached to this instrument (see http://www.apo.nmsu.edu/arc35m/Instruments/ARCES/ccd_77.pdf for further information)\r\n\r\n- Further information on the whole instrument can be found under: http://www.apo.nmsu.edu/arc35m/Instruments/ARCES/\r\n'),
(2282, 'DIS - Dual Imaging spectrograph', 1, 'Nasmyth port (NA2)', 'around 5350 Angstrom, ', 0.000000, 1, 0.000000, 1, '0.40 (blue channel); 0.42 (red channel)', '', '', '261.6 (broadband); 240 (narrowband)', 0, '', 0, 0, 0, '', '- The instrument currently uses two E2V 2048x1024 CCDs. \r\n\r\n- Further information on the whole instrument can be found under: http://www.apo.nmsu.edu/arc35m/Instruments/DIS/'),
(2283, 'SPIcam - Seaver Prototype Imaging camera', 5, '', 'optical, ', 400.000000, 8, 900.000000, 8, '0.14 or 0.28', '', '', '286.8', 0, '', 0, 0, 0, 'backside-illuminated SITe TK2048E 2048x2048 pixel CCD with 24 micron pixels', '- Several filter wheels available; the most common filters used are either the SDSS u''g''r''i''z'' filters or the MSSSO UBVRI filter set. Other filters are available. The full set of filters available at APO can be found under: http://filters.apo.nmsu.edu/\r\n\r\n- Further information on the whole instrument can be found under: http://www.apo.nmsu.edu/arc35m/Instruments/SPICAM/'),
(2284, 'NIC-FPS - Near-Infrared Camera & Fabry-Perot Spectrometer', 1, 'Nasmyth port (NA2)', 'infrared (IR), ', 0.000000, 1, 0.000000, 1, '', '', '', '', 0, '', 0, 0, 0, '', '- NICFPS reimages the telescope focal plane using cryongenic optics; it has three filter wheels hosting a set of 4 broadband and 12 narrow-band filters, plus a filter mask for dark frames. A Lyot stop is positioned in the telescope pupil plane. The cryongenic etalon can be positioned into the optical path for the Fabry-Perot mode (but has not yet become fully operational). The detector is a Rockwell Hawaii 1-RG 1024x1024 HgCdTe device with a 0.273 arsec/pixel scale and 4.58 arcmin sqaure, unvignetted field, and sensitivity from 0.85 to 2.4 microns. The instrument is designed for high throughput and 2 pixel (at 2 microns) sampling under good seeing conditions (~0.5 arcsec) at Apache Point.\r\n\r\n- NICFPS has two warm coronagraphic masks available for use\r\n\r\n- Further information on the whole instrument can be found under: http://www.apo.nmsu.edu/arc35m/Instruments/NICFPS/'),
(2285, 'AGILE', 5, 'TR2 port', '', 0.000000, 1, 0.000000, 1, '', '', '', '150', 0, '1024x1024', 0.5, 0, 0, '', ''),
(2286, 'TripleSpec', 1, '', 'infrared (IR), ', 0.950000, 9, 2.460000, 9, '0.52', '3500', '', '', 0, '', 0, 0, 0, '', '- Further information on the whole instrument can be found under: http://www.apo.nmsu.edu/arc35m/Instruments/TRIPLESPEC/\r\n\r\n- A precise description of this instrument gives a paper by Wilson et al.: http://adsabs.harvard.edu/abs/2004SPIE.5492.1295W'),
(2287, 'Imager', 5, '', '', 0.000000, 1, 0.000000, 1, '0.396', '', '', '', 0, '2048x1361', 0, 0, 0, '', '- 30 2048 × 2048 SITe/Tektronix 49.2 mm square CCDs, arranged in 6 columns parallel to the scan direction and 5 rows perpendicular to the scan direction\r\n\r\n- Further information on this imager are available under: http://www.sdss3.org/instruments/camera.php'),
(2288, 'APOGEE Spectrograph', 1, '', '', 1.520000, 9, 1.690000, 9, '', '', '', '2', 0, '', 0, 0, 0, '', 'Further information on this instrument available under: http://www.sdss3.org/instruments/apogee_spectrograph.php'),
(2289, 'BOSS Spectrograph', 1, '', '', 0.360000, 8, 1.000000, 8, '', '1560-2270 (blue channel); 1850-2650 (red channel)', '', '', 0, '', 0, 0, 0, '', '- CCDs: 4Kx4K fully-depleted LBNL CCDs with 15 micron pixels for the red side,\r\nblue-sensitive 4Kx4K e2V CCDs with 15 micron pixels for the blue side\r\n\r\n- Further information on this instrument available under: http://www.sdss3.org/instruments/boss_spectrograph.php'),
(2290, 'MARVELS Spectrograph', 1, '', '', 0.000000, 1, 0.000000, 1, '', '', '', '', 0, '', 0, 0, 0, '', '- Further information on this instrument available under: http://www.sdss3.org/instruments/marvels_spectrograph.php'),
(2291, 'Optical CCD', 5, 'Nasmyth focus', '', 0.000000, 1, 0.000000, 1, '', '', '', '', 0, '2048x2048', 0, 0, 0, '', ''),
(2362, 'Dark Energy Camera (DECam)', 5, '', '.32-1.1 (micron), ', 0.000000, 1, 0.000000, 1, '0.27', '', '', '132 x 132 (arcmin)', 0, '', 0, 0, 0, '', 'A wide field optical imager.\r\nMore Information here: http://www.ctio.noao.edu/noao/content/instruments-telescope#blanco'),
(2363, 'ISPI Infrared Side Port Imager', 5, '', '1.0 - 2.4 (micron), ', 0.000000, 1, 0.000000, 1, '0.3', '', '', '10.25 x 10.25', 0, '', 0, 0, 0, '', 'More information here:\r\nhttp://www.ctio.noao.edu/noao/content/instruments-telescope#blanco'),
(2364, 'Hydra Spectrograph', 1, '', '0.32 - 0.90 (micron), ', 0.000000, 1, 0.000000, 1, '<50,000', '', '', '40, 140 fibers', 0, '', 0, 0, 0, '', 'More information here:\r\nhttp://www.ctio.noao.edu/noao/content/instruments-telescope#blanco'),
(2365, 'SOAR Optical Imager', 5, '', '.031-1.05 (micron), ', 300.000000, 8, 1000.000000, 8, '0.077', '', '', '5.25 x 5.25 (arcmin)', 0, '', 0, 0, 0, '', 'weblink: \r\nhttp://www.soartelescope.org/observing/soar-optical-imager'),
(2366, 'Goodman High Throughput Spectrograph', 8, '', '.32 - .85, ', 0.000000, 1, 0.000000, 1, '.15', '', '', '5.0 x 5.0 (arcmin)', 0, '', 0, 0, 0, '', 'weblink: http://www.soartelescope.org/observing/goodman-high-throughput-spectrograph'),
(2367, 'Spartan Infrared Camera', 5, '', '1.0-2.2, ', 0.000000, 1, 0.000000, 1, '0.073 and 0.043', '', '', '5.0 x 5.0 and 3.0 x 3.0', 0, '', 0, 0, 0, '', 'weblink:\r\nhttp://www.soartelescope.org/observing/spartan-infrared-camera'),
(2368, 'Ohio State Infrared Imager/Spectrometer', 8, '', '0.9 - 2.4 micron (different on the main instruments page), ', 0.000000, 1, 0.000000, 1, '0.32 and 0.13', '', '', '3.3 x 3.3 and 1.3 x 1.3', 0, '', 0, 0, 0, '', 'weblink;\r\nhttp://www.soartelescope.org/observing/osiris'),
(2369, 'SFIS', 1, '', '0.32 - 0.85, ', 0.000000, 1, 0.000000, 1, '', '', '', '7.8 x 15 @ 0.3" and 3.9 x 7.5 @ 0.15"', 0, '', 0, 0, 0, '', 'weblink given does not work'),
(2370, 'Phoenix', 1, '', '1.0 - 5.0, ', 0.000000, 1, 0.000000, 1, '', '~50000 - 75000', '', '', 0, '', 0, 0, 0, '', 'weblink: \r\nhttp://www.soartelescope.org/observing/phoenix\r\n\r\nInstrument still at Gemini South but will be delivered to SOAR eventually'),
(2371, '1.5 m R-C Spectrograph', 1, '', '0.32 - 0.90 micron, ', 0.000000, 1, 0.000000, 1, '', '<10000', '', 'single slit 1.5', 0, '', 0, 0, 0, '', 'weblink:\r\nhttp://www.ctio.noao.edu/noao/content/15-m-R-C-Spectrograph'),
(2372, 'CHIRON', 1, '', '0.41 - 0.87, ', 410.000000, 8, 879.000000, 8, '', '<80000', '', 'one star', 0, '', 0, 0, 0, '', 'weblink: \r\nhttp://www.ctio.noao.edu/noao/content/CHIRON'),
(2373, 'ANDICAM Optical Imager', 5, '', 'BVRI, ', 0.000000, 1, 0.000000, 1, '0.274', '', '', '2.4 x 2.4 arcmin', 0, '', 0, 0, 0, '', 'weblink: \r\nhttp://www.ctio.noao.edu/noao/content/andicam'),
(2374, 'ANDICAM IR imager', 5, '', 'YJHK, ', 0.000000, 1, 0.000000, 1, '0.369', '', '', '6.0 x 6.0 arcmin', 0, '', 0, 0, 0, '', 'weblink:\r\nhttp://www.ctio.noao.edu/noao/content/andicam'),
(2375, 'Y4K CAM', 5, '', 'BVRcIc SDSS ugriz U+CuSO4, ', 0.000000, 1, 0.000000, 1, '0.289', '', '', '20.0 x 20.0 (arcmin)', 0, '', 0, 0, 0, '', 'weblink:\r\nhttp://www.astronomy.ohio-state.edu/Y4KCam/index.html'),
(2376, 'CFCCD 2K', 5, '', '0.31 - 1.00, ', 0.000000, 1, 0.000000, 1, '0.401', '', '', ' 13.6 x 13.6 arcmin', 0, '', 0, 0, 0, '', 'weblink:\r\nhttp://www.ctio.noao.edu/noao/content/cfccd');

-- --------------------------------------------------------

--
-- Tabellenstruktur für Tabelle `instrument_types`
--

CREATE TABLE IF NOT EXISTS `instrument_types` (
  `id` int(10) unsigned NOT NULL AUTO_INCREMENT,
  `name` text NOT NULL,
  PRIMARY KEY (`id`)
) ENGINE=InnoDB  DEFAULT CHARSET=utf8 AUTO_INCREMENT=11 ;

--
-- Daten für Tabelle `instrument_types`
--

INSERT INTO `instrument_types` (`id`, `name`) VALUES
(1, 'Spectrograph'),
(2, 'Interferometer'),
(3, 'Polarimeter'),
(4, 'Riometer'),
(5, 'Camera'),
(6, 'Other'),
(7, 'Heterodyne Receiver'),
(8, 'Spectrograph & Camera'),
(9, 'Photometer'),
(10, 'Photometer & Polarimeter');

-- --------------------------------------------------------

--
-- Tabellenstruktur für Tabelle `observatories`
--

CREATE TABLE IF NOT EXISTS `observatories` (
  `id` int(10) unsigned NOT NULL AUTO_INCREMENT,
  `name` text NOT NULL,
  `iau_code` varchar(10) DEFAULT NULL,
  `founded` int(11) DEFAULT NULL,
  `institution` text,
  `web_address` text,
  `address` text,
  `country_id` int(10) unsigned NOT NULL,
  `phone` varchar(22) DEFAULT NULL,
  `email` text NOT NULL,
  `latitude` double(10,6) DEFAULT NULL,
  `longitude` double(10,6) DEFAULT NULL,
  `approx_position` text,
  `sealevel_m` int(11) DEFAULT NULL,
  `precipitation` int(10) unsigned DEFAULT NULL,
  `clear_nights` int(10) unsigned DEFAULT NULL,
  `timezone` int(10) unsigned DEFAULT NULL,
  `observatory_status` text,
  `partner_observatories` text,
  `user_id` int(11) NOT NULL DEFAULT '0',
  `creation_date` datetime NOT NULL,
  `modification_date` datetime DEFAULT NULL,
  `approved` tinyint(1) DEFAULT '0',
  `saved_for_later` tinyint(1) DEFAULT '0',
  `last_saved_by` int(11) DEFAULT '0',
  PRIMARY KEY (`id`),
  KEY `country_id` (`country_id`),
  KEY `precipitation_id` (`precipitation`),
  KEY `clear_nights_id` (`clear_nights`),
  KEY `timezone_id` (`timezone`)
) ENGINE=InnoDB  DEFAULT CHARSET=utf8 AUTO_INCREMENT=286 ;

--
-- Daten für Tabelle `observatories`
--

INSERT INTO `observatories` (`id`, `name`, `iau_code`, `founded`, `institution`, `web_address`, `address`, `country_id`, `phone`, `email`, `latitude`, `longitude`, `approx_position`, `sealevel_m`, `precipitation`, `clear_nights`, `timezone`, `observatory_status`, `partner_observatories`, `user_id`, `creation_date`, `modification_date`, `approved`, `saved_for_later`, `last_saved_by`) VALUES
(1, 'IRAM 30m telescope', NULL, 1984, 'Institut de Radioastronomie Millimétrique (IRAM)', 'http://www.iram-institute.org', 'Avenida Divina Pastora 7, 18012, Granada', 192, '+34-958-80-5454', 'info@iram.fr', 37.068414, -3.398753, 'Pico Veleta, Sierra Nevada Andalusia', 2850, 7, 8, 2, '', 'Plateau de Bure Interferometer (also operated by IRAM), ', 1, '2011-02-25 14:10:58', '2012-03-20 13:58:06', 1, 0, 6),
(2, 'ULO - University of London Observatory', '998', 1929, 'University College London', 'http://www.ulo.ucl.ac.uk/', '553 Watford Way, Mill Hill London NW7 2QS', 217, '+44-203-108-1613', 'kathryn.goldsmith@ucl.ac.uk', 51.600000, -0.233331, '', 78, 7, 8, 1, '', '', 1, '2011-02-25 14:50:57', '2012-11-23 13:08:53', 1, 0, 9),
(3, 'A81 Balzaretto Observatory', 'A81', 2005, 'Privately owned', 'http://digilander.libero.it/A81_Observatory/', 'Via Giuseppe Balzaretto 184, 00163 Rome', 103, '+39-6-664-11076', 'lor_franco@libero.it', 41.869992, 12.403306, '', 70, 6, 8, 2, '', '', 1, '2011-02-25 15:10:01', '2012-11-12 13:59:49', 1, 0, 6),
(4, 'Armagh Observatory', '981', 1790, 'Armagh Observatory', 'http://www.arm.ac.uk', 'College Hill, Armagh BT61 9DG', 217, '+44-2837-522928', 'info@arm.ac.uk', 54.353056, -6.649717, '', 60, 6, 2, 1, '', '', 1, '2011-02-25 15:19:53', '2012-11-14 15:23:00', 1, 0, 6),
(5, 'Abre Los Ojos', NULL, 2008, 'Privately owned', 'http://www.AbreLosOjos.be', '', 192, '', 'info@AbreLosOjos.be', 0.000000, 0.000000, 'Nearest airport: Alicante', 50, 7, 8, 2, '', '', 1, '2011-02-25 15:29:48', '2012-03-08 15:54:38', 1, 0, 6),
(6, 'EISCAT - European Incoherent Scatter Facility, Tromso', '', 0, 'EISCAT', 'http://www.eiscat.se/', 'Ramfjordmoen, N‐9027 Ramfjordbotn', 155, '', '', 69.583331, 19.233331, 'Tromso', 86, 1, 1, 1, '', 'EISCAT Kiruna, EISCAT Sodankylä, EISCAT Longyearbyen, ', 1, '2011-02-26 15:47:58', '2012-11-23 13:00:31', 1, 0, 9),
(7, 'EISCAT - European Incoherent Scatter Facility, Kiruna', '', 0, 'EISCAT', 'http://www.eiscat.se/', 'P.O. Box 812, 98128 Kiruna', 199, '', '', 67.866667, 20.433331, '', 418, 1, 1, 1, '', 'EISCAT Tromso, EISCAT Sodankylä, EISCAT Longyearbyen, ', 1, '2011-02-26 15:57:57', '2012-11-23 12:58:03', 1, 0, 9),
(8, 'EISCAT - European Incoherent Scatter Facility, Longyearbyen', '', 0, 'EISCAT', 'http://www.eiscat.se/', 'Postboks 432, 9171 Longyearbyen, Svalbard', 155, '', '', 78.150000, 16.016667, '', 445, 1, 1, 1, '', 'EISCAT Kiruna, EISCAT Sodankylä, EISCAT Tromso, ', 1, '2011-02-26 16:05:34', '2012-11-23 12:59:09', 1, 0, 9),
(9, 'EISCAT - European Incoherent Scatter Facility, Sodankylä', '', 0, 'EISCAT', 'http://www.eiscat.se/', 'Tähteläntie 54B, 99600 Sodankylä', 72, '', '', 67.366667, 26.633331, '', 197, 1, 1, 1, '', 'EISCAT Kiruna, EISCAT Tromso, EISCAT Longyearbyen, ', 1, '2011-02-26 16:09:52', '2012-11-23 12:59:46', 1, 0, 9),
(10, 'Brorfelde', NULL, 0, '', '', '', 57, '', '', 0.000000, 0.000000, '', 0, 1, 1, 1, '', '', 10, '2011-02-26 17:16:33', '2012-02-17 11:21:17', 0, 1, 6),
(11, 'Abastumani Astrophysical Observatory', '119', 1932, 'Abastumani Astrophysical Observatory', 'http://www.oato.inaf.it/blazars/webt/abastumani.html', 'Abastumani Observatory, 383762, Abastumani, Georgia', 80, '+996-955-367', 'user@abao.kheta.ge', 41.753889, 42.818889, 'Abastumani, Georgia', 1700, 7, 4, 5, '', 'Whole Earth Blazar Telescope (WEBT), ', 1, '2011-02-26 17:24:19', '2012-11-13 15:53:02', 1, 0, 6),
(12, 'Observatorium Kanzelhöhe', NULL, 1943, 'Institute for Physics/IGAM, University of Graz', 'http://www.kso.ac.at/', 'Kanzelhöhe 19, 9521 Treffen am Ossiacher See', 14, '+43 4248 2717', '', 46.677778, 13.901667, '', 0, 6, 1, 2, '', 'Hvar Observatory, http://www.goefr.hr  BBSO, NJIT, http://www.bbso.njit.edu/Research/Halpha/  SIDC, http://sidc.oma.be', 1, '2011-02-26 17:28:50', '2012-07-23 14:44:09', 1, 0, 6),
(13, 'CroAstro - Zvjezdarnica Observatory', NULL, 1999, 'private - Andjelko Glivar', 'http://www.croastro.com/', 'Donja Stubica, Croatia', 54, '', 'ag@croastro.com', 45.983606, 15.950278, 'Croatia, 20 km North of Zagreb', 265, 7, 8, 2, '', '', 1, '2011-02-26 17:33:48', '2012-07-23 14:51:36', 1, 0, 6),
(14, 'Nyrölä Observatory', '174', 1997, 'Sirius ry', 'http://www.ursa.fi/yhd/sirius/nytt/nytt_info.html', 'Vertaalantie 449, Nyrölä', 72, '', 'sirius@ursa.fi', 62.342217, 25.513056, 'Jyväskylän', 0, 1, 1, 1, '', '', 1, '2011-02-26 17:38:47', '2012-11-14 14:46:40', 1, 0, 6),
(15, 'Pises observatory', '122', 0, '', 'http://pisesobservatoire.free.fr/', 'Bd de l’observatoire 34000  Montpellier', 73, '04 67 66 12 14', 'ste.astro.montpellier@modulonet.fr', 44.039442, 3.503608, 'Parc National des Cévennes', 0, 1, 1, 1, '', '', 1, '2011-02-26 17:49:39', '2012-11-14 15:46:10', 1, 0, 6),
(16, 'Hamburg-Bergedorf', '029', 1912, 'Universität Hamburg - Department Physik', 'http://www.hs.uni-hamburg.de/', 'Hamburg Observatory, Gojenbergsweg 112, 21029 Hamburg ', 81, '', 'sternwarte@hs.uni-hamburg.de', 53.480556, 10.241108, '', 0, 1, 1, 1, '', '', 1, '2011-02-26 17:57:32', '2012-11-14 15:45:43', 1, 0, 6),
(17, 'BHO - Beersel Hills Observatory', '200', 1998, 'Privately owned', 'http://users.skynet.be/bho/index.htm', 'Beersel', 21, '', 'paulvancauteren@skynet.be', 50.760117, 4.303492, 'Beersel is a village appoximately 10km southwest of Brussels.', 0, 7, 8, 2, '', '', 1, '2011-02-28 17:21:02', '2012-11-23 12:55:32', 1, 0, 9),
(18, 'Belogradchik', NULL, 0, 'Institute of Astronomy and National Astronomical Observatory Rozhen, Bulgarian Academy of Sciences', 'http://www.astro.bas.bg/~aobel', 'Astronomical Observatory, 3900 Belogradchik', 33, '', '', 0.000000, 0.000000, '', 0, 1, 1, 1, '', '', 1, '2011-02-28 17:33:33', '2012-02-29 15:26:53', 1, 0, 6),
(19, 'Turku-Kevola Observatory', '064', 1963, 'Turun Ursa ry', 'http://www.ursa.fi/yhd/TurunUrsa/', 'Kevola, Paimio', 72, '', 'turun-ursa@googlegroups.com', 60.420000, 22.765000, 'Some 35 km east from Turku', 0, 1, 1, 1, '', 'Iso-Heikkilä Observatory, ', 9, '2011-02-28 17:35:34', '2012-11-13 15:55:23', 1, 0, 6),
(20, 'BAO - Byurakan Astrophysical Observatory', '123', 1946, '', 'http://www.bao.am/', 'Byurakan Astrophysical Observatory, Byurakan 378433, Aragatzotn province Armenia', 11, '', 'director@bao.sci.am', 40.350831, 44.241667, '', 1709, 1, 1, 5, '', '', 1, '2011-02-28 21:47:22', '2012-11-23 16:19:56', 1, 0, 9),
(21, 'Sondrestrom Research Facility', NULL, 1983, 'SRI International; National Science Foundation; Denmark Meteorological Institute', 'http://isr.sri.com/', '3910 Kangerlussuaq', 85, '+650-859-5343', 'sandie.avlakeotes@sri.com', 66.986667, 309.050556, 'About 15km west of Kangerlussuaq', 219, 7, 8, 16, '', 'SVALBARD, EISCAT, Arecibo, Millstone Hill, ', 1, '2011-02-28 21:58:27', '2012-03-20 12:02:49', 1, 0, 6),
(22, 'Yebes Astronomical Centre (Centro Astronomico de Yebes)', '491', 0, 'National Astronomical Observatory, Spanish Grand Scientific Facility', 'http://www.fomento.es/MFOM/LANG_CASTELLANO/DIRECCIONES_GENERALES/INSTITUTO_GEOGRAFICO/Astronomia/instalaciones/cay/', 'Guadalajara, Yebes', 192, '', '', 40.516667, -3.083331, '', 980, 7, 8, 2, '', '', 1, '2011-02-28 22:07:40', '2012-11-14 15:44:41', 1, 0, 6),
(23, 'Madrid Deep Space Communications Complex', NULL, 0, 'NASA Deep Space Network, Instituto Nacional de Tecnica Aerospacial', 'http://insa.org/node/112', 'Robledo de Chavela, Madrid', 192, '+34-91-867-7000', '', 40.428389, -4.250892, '60 km west of Madrid at Robledo de Chavela', 865, 7, 8, 2, '', 'Canberra DSCC, Goldstone DSCC, ', 1, '2011-02-28 22:32:05', '2012-03-09 13:35:25', 1, 0, 9),
(24, 'Observatori Fabra', '006', 1904, 'Reial Academia de Ciencies I Arts de Barcelona', 'http://www.fabra.cat', 'Camí de l''Observatori, s/n 08035 Barcelona', 192, '', 'secretaria@racab.com', 41.418331, 2.124167, '', 415, 1, 1, 2, '', '', 1, '2011-02-28 22:38:06', '2012-11-14 15:38:20', 1, 0, 6),
(25, 'Observatorio Monte Deva', '945', 0, '', 'http://www.observatoriomontedeva.com/', 'Monte Deva, Gijon', 192, '+34-985-096-630', '', 43.483331, -5.599992, '', 423, 7, 8, 2, '', '', 1, '2011-02-28 22:47:38', '2012-11-14 15:37:50', 1, 0, 6),
(26, 'E Pozuelo Observatory', '956', 0, '', 'http://www.nto.org/observatorio.html', 'Pozuelo, Madrid', 192, '', '', 40.433331, 0.000000, '', 730, 7, 8, 2, '', '', 1, '2011-02-28 22:53:49', '2012-11-14 15:37:31', 1, 0, 6),
(27, 'Piera Observatory', '165', 0, '', 'http://www.astrogea.org/jguarro/index.html', 'Piera, Anoia', 192, '', '', 0.000000, 0.000000, '', 0, 1, 1, 2, '', '', 1, '2011-02-28 22:59:33', '2012-11-14 15:37:07', 1, 0, 6),
(28, 'Observatorio del Teide', NULL, 1964, 'Instituto de Astrofisica de Canarias', 'http://www.iac.es/eno.php?op1=3&lang=en', 'Instituto de Astrofisica de Canarias, Via Lactea, 38200 - La Laguna (Tenerife)', 192, '+34-922-329-110', 'teide@iac.es', 28.300000, -16.509717, 'Tenerife, La Orotava, Fasnia, Güímar', 2390, 7, 8, 2, '', 'European Nothern Observatory Network, ', 1, '2011-02-28 23:09:42', '2012-03-20 12:25:16', 1, 0, 6),
(29, 'Chilbolton Observatory', NULL, 1967, 'Chilbolton Group of RAL Space, STFC Rutherford Appleton Laboratory', 'http://www.chilbolton.rl.ac.uk/facilities.htm', 'Chilbolton Observatory Drove Road, Chilbolton, Nr Stockbridge, Hants SO20 6BJ', 217, '+44-1264-860-391', '', 51.133331, -1.433331, '', 82, 1, 1, 1, '', '', 1, '2011-02-28 23:16:48', '2012-02-29 15:58:18', 1, 0, 6),
(30, 'Glasgow University Observatory', '988', 0, 'University of Glasgow', 'http://www.astro.gla.ac.uk/observatory/observ.shtml', 'Acre Road (main observatory) / Cochno (outstation); Glasgow, Edinburgh', 217, '+44-141-581-4322/3', '', 55.899992, -4.299992, '', 50, 1, 1, 1, '', '', 1, '2011-02-28 23:25:01', '2012-11-13 16:17:21', 1, 0, 6),
(32, 'Keele Observatory', NULL, 1962, 'Keele University', 'http://www.astro.keele.ac.uk/~obs/', 'Keele University, Newcastle-under-Lyme', 217, '', 'obsvisits@phys.keele.ac.uk', 53.000000, -2.266667, '', 202, 1, 1, 1, '', '', 1, '2011-02-28 23:41:54', '2012-02-29 16:01:17', 1, 0, 6),
(33, 'Seething Observatory', NULL, 0, 'Norwich Astronomical Society', 'http://www.norwich.astronomicalsociety.org.uk/', 'Toad Lane, Thwaite St Mary, NR35 2EQ Norfolk', 217, '+44-1953-602624', 'drbalcombe@tiscali.co.uk', 52.500000, 1.416667, '', 0, 1, 1, 1, '', '', 1, '2011-02-28 23:53:39', '2012-02-29 16:02:10', 1, 0, 6),
(34, 'Zimmerwald Observatory', '026', 1956, 'Universitat Bern', 'http://www.aiub.unibe.ch/content/zimmerwald/index_eng.html', 'Waldhof, Zimmerwald (Bern)', 200, '+31-631-8594', '', 46.866667, 7.450000, '', 897, 1, 1, 2, '', '', 1, '2011-03-01 00:13:57', '2012-11-14 15:36:00', 1, 0, 6),
(35, 'Observatoire Astronomique Jurassien-Vicques (Jura Observatory)', '185', 0, 'Jura Astronomical Society', 'http://www.jura-observatory.ch/', 'Béridier 30, 2800 Delémont CH-Switzerland', 200, '+41-32-423-3286', 'info@jura-observatory.ch', 47.350000, 7.416667, '', 505, 7, 8, 2, '', '', 1, '2011-03-01 00:19:55', '2012-11-14 15:35:32', 1, 0, 6),
(36, 'Observatoire d''Arbaz', NULL, 1991, 'Astronomical Society of Valais (SAVAR)', 'http://obs-arbaz.com', 'Anzère', 200, '+41-27-398-5812', 'borgillioz@bluewin.ch', 46.283331, 7.366667, '', 1440, 7, 8, 2, '', '', 1, '2011-03-01 00:26:09', '2012-02-29 16:07:54', 1, 0, 6),
(37, 'Observatory of Geneva', '517', 0, 'Universite De Geneve; Laboratoire d''Astrophysique de l''EPFL ', 'http://www.unige.ch/sciences/astro/an/', 'Sauverny, Versoix, Geneva', 200, '', '', 46.316667, 6.133331, '', 455, 1, 1, 2, '', 'El Roque de los Muchachos Observatory (Spain), ', 1, '2011-03-01 00:30:25', '2012-11-14 15:34:56', 1, 0, 6),
(38, 'Observatoire de Verossaz', NULL, 1995, '', 'http://www.verobservatoire.ch/', 'Verossaz', 200, '+41-79-206-3157', 'info@verobservatoire.ch', 46.216667, 7.000000, '', 730, 7, 8, 2, '', '', 1, '2011-03-01 00:35:28', '2012-03-20 12:29:41', 1, 0, 6),
(39, 'Sternwarte Eschenberg', '151', 1979, 'Astronomischen Gessellschaft Winterthur', 'http://eschenberg.ch/', '', 200, '', '', 47.466667, 8.750000, 'Winterthur', 542, 1, 1, 2, '', '', 1, '2011-03-01 00:37:50', '2012-11-13 16:13:33', 1, 0, 6),
(40, 'Sternwarte Rotgrueb', NULL, 1996, 'Swiss Astronomical Society', 'http://ruemlang.astronomie.ch/', 'Rümlang region', 200, '+41-44-817-2813', '', 47.439442, 8.524442, '', 495, 1, 1, 2, '', '', 1, '2011-03-01 00:41:21', '2012-02-29 16:24:12', 1, 0, 6),
(41, 'Sternwarte Uitikon-Waldegg', NULL, 0, '', 'http://www.andreasfaisst.ch/STU/stu.php?view=home', 'Uitikon/Waldegg', 200, '', '', 47.366667, 8.449994, '', 600, 1, 1, 2, '', '', 1, '2011-03-01 00:44:19', '2012-02-29 16:25:00', 1, 0, 6),
(42, 'Ankara University Observatory', NULL, 1963, 'Ankara University', 'http://rasathane.ankara.edu.tr/en/index.php', 'İncek Bulvarı 06837, Ahlatlıbel, Ankara', 210, '+90-312-490-7919', 'rasathane@ankara.edu.tr', 39.843606, 32.769717, '20km south-west of Ankara', 1260, 7, 8, 3, '', '', 1, '2011-03-01 00:49:39', '2012-03-20 14:01:54', 1, 0, 6),
(43, 'Istanbul University Observatory', NULL, 1936, 'Istanbul University', 'http://www.istanbul.edu.tr/fen/en/gozlemevi.php', 'Beyazit, Istanbul', 210, '+90-212-440-0000/10294', '', 41.016667, 28.966667, '', 410, 7, 8, 3, '', '', 1, '2011-03-01 00:55:25', '2012-03-01 15:57:39', 1, 0, 6),
(44, 'ARIES - Aryabhatta Research Institute of Observational Sciences', NULL, 1954, 'Department of Science and Technology, Government of India', 'http://www.aries.res.in/', 'Manora Peak, Nainital-263 129, Uttarakhand 263002, India', 99, '+91-5942-233734', 'acs@aries.res.in', 29.399992, 79.500000, 'Nainital, Uttarakhand, India', 1958, 7, 8, 6, '', 'Additional site ~60km away at Devasthal hosts the 1.3-m DFOT telescope and will be the site of the new 3.6-m telescope., ', 9, '2011-03-01 01:01:22', '2012-03-20 13:49:54', 1, 0, 6),
(45, 'Crni Vrh Observatory', '106', 1975, 'University of Ljublana', 'http://www.observatorij.org', 'Predgrize 29a, 5274 Crni Vrh nad Idrijo', 187, '+386-5-377-7380', '', 45.950000, 14.066667, '', 726, 7, 8, 2, '', '', 1, '2011-03-01 01:06:43', '2012-11-13 16:00:47', 1, 0, 6),
(46, 'Bayfordbury Observatory', 'J33', 0, 'University of Hertfordshire', 'http://www.herts.ac.uk/courses/schools-of-study/physics-astronomy-and-mathematics/observatory.cfm', 'Near Hatfield Campus, Hatfield', 217, '+44-170-728-4426', 'bayfordbury@herts.ac.uk', 51.783331, -0.100000, 'Hatfield Campus', 57, 7, 8, 1, '', '', 1, '2011-03-01 01:11:28', '2012-11-14 15:31:15', 1, 0, 6),
(47, 'Huairou Solar Observing Station', NULL, 0, '', 'http://sun.bao.ac.cn/', 'Located on a small island near the north bank of Huairou Reservoir', 96, '+86-10-648-55805/88716', '', 40.000000, 117.000000, '', 62, 5, 8, 9, '', '', 1, '2011-03-01 01:18:35', '2012-03-01 16:00:04', 1, 0, 6),
(48, 'Kodaikanal Observatory', NULL, 1899, 'Indian Institute of Astrophysics', 'http://www.iiap.res.in/centers/kodai', 'Located in the Palani hill range, southern India; 624 103 Kodaikanal', 99, '+91-4542-240218', 'sundar@iiap.res.in', 10.216667, 77.466667, '', 2343, 7, 8, 6, '', '', 1, '2011-03-01 01:23:22', '2012-03-01 16:01:03', 1, 0, 6),
(49, 'La Canada Observatory', 'J87', 2002, '', 'http://www.lacanada.es/', 'La Canada, Avila, Spain', 192, '', '', 40.600000, -4.500000, '', 1400, 1, 1, 2, '', '', 1, '2011-03-01 01:27:44', '2012-11-14 15:27:53', 1, 0, 6),
(50, 'Mt John University Observatory', '474', 0, 'University of Canterbury', 'http://www.phys.canterbury.ac.nz/research/mt_john/index.shtml', 'P O Box 56, Lake Tekapo 7945', 148, '+64-3-680-6000', '', -43.983331, 170.466667, '', 1029, 7, 8, 13, '', '', 1, '2011-03-01 01:36:01', '2012-11-14 15:26:46', 1, 0, 6),
(51, 'Mt Pleasant Observatory', '746', 0, 'University of Tasmania', 'http://www-ra.phys.utas.edu.au/physics_mt_pleasant.html', 'Located 20km east of Hobart, Tasmania', 13, '+61-3-6226-2447', '', -42.799992, 147.433331, '', 43, 1, 1, 11, '', '', 1, '2011-03-01 01:39:42', '2012-11-14 15:27:21', 1, 0, 6),
(52, 'Siding Spring Observatory', '260', 0, 'Research School of Astronomy and Astrophysics (RSAA)', 'http://www.mso.anu.edu.au/info/sso/', '', 13, '+61-2-684-26211', 'ssovc@mso.anu.edu.au', -31.250000, 149.066667, 'Located 20 minutes from Coonabarabran National Park Road, New South Wales', 1130, 7, 8, 11, '', '', 1, '2011-03-01 01:44:52', '2012-11-23 12:53:51', 1, 0, 9),
(53, 'OSN - Sierra Nevada Observatory', 'J86', 1976, 'Instituto de Astrofisica de Andalucia', 'http://www.osn.iaa.es/osn_eng.html', 'Instituto de Astrofisica de Andalucia (CSIC) c/ Camino Bajo de Huetor, 50 PO Box 3004, 18080 Granada', 192, '+34-958-121-311', '', 37.066667, -3.383331, '', 2896, 7, 8, 2, '', '', 1, '2011-03-01 01:48:02', '2012-11-23 13:06:45', 1, 0, 9),
(54, 'Caltech Submillimeter Observatory CSO (Mauna Kea)', NULL, 1988, 'Caltech', 'http://www.submm.caltech.edu/cso/', 'Caltech Submillimeter Observatory Office, 111 Nowelo St., Hilo, Hawaii 96720', 218, '+1-808-935-1909', 'webmaster@www.submm.caltech.edu', 19.822500, -155.475831, '', 0, 4, 8, 23, '', 'Mauna Kea Observatory, ', 1, '2011-03-01 15:11:52', '2012-03-01 16:53:29', 1, 0, 6),
(55, 'CFHT - Canada-France-Hawaii Telescope (Mauna Kea)', '', 1979, 'National Research Council of Canada, Centre National de la Recherche Scientifique of France, University of Hawaii', 'http://www.cfht.hawaii.edu/', 'CFHT Corporation 65-1238 Mamalahoa Hwy Kamuela, Hawaii 96743', 218, '+1-808-885-7944', 'info@cfht.hawaii.edu', 19.825278, -155.469167, '', 4200, 4, 8, 23, '', 'Mauna Kea Observatory, ', 9, '2011-03-01 15:34:15', '2012-11-23 16:03:55', 1, 0, 9),
(56, 'Gemini Observatory - South', 'I11', 2000, 'Gemini Observatory', 'http://www.gemini.edu/', 'Gemini Observatory Southern Operations Center c/o AURA, Casilla 603 La Serena', 43, '+56-51-205-600', 'iks@astro.ox.ac.uk', -30.240742, -70.736931, 'Summit of Cerro Pachon', 2722, 1, 3, 17, '', 'Gemini Observatory - North (Mauna Kea), ', 1, '2011-03-01 15:58:17', '2012-11-14 14:53:30', 1, 0, 6),
(57, 'Gemini Observatory - North (Mauna Kea)', NULL, 2000, 'Gemini Observatory', 'http://www.gemini.edu/', 'Gemini Observatory Northern Operations Center 670 N. A, Hilo, Hawaii 96720', 218, '+1-808-974-2500', 'iks@astro.ox.ac.uk', 19.843092, -155.470592, 'Near the summit of Mauna Kea on the island of Hawaii', 4213, 4, 8, 23, '', 'Mauna Kea Observatory, Gemini Observatory - South, ', 1, '2011-03-01 16:06:02', '2012-03-09 13:23:20', 1, 0, 9),
(58, 'MIT Haystack Observatory', '254', 1964, 'MIT', 'http://www.haystack.mit.edu/', 'MIT Haystack Observatory Off Route 40 Westford, MA 01886-1299', 218, '+1-781-981-5400', 'info@haystack.mit.edu', 42.623300, -71.488200, 'Massachusettes', 131, 1, 1, 18, '', 'Millstone Hill Observatory, ', 1, '2011-03-01 16:37:37', '2012-11-13 15:19:43', 1, 0, 6),
(59, 'JCMT - James Clerk Maxwell Telescope (Mauna Kea)', '', 1987, 'Science and Technology Facilities Council, the National Research Council Canada, and the Netherlands Organisation for Scientific Research', 'http://www.jach.hawaii.edu/JCMT/', 'Joint Astronomy Centre 660, N. A''ohoku Place, University Park Hilo, Hawaii 96720', 218, '', '', 19.825831, -155.479717, '', 4092, 4, 8, 23, '', 'Mauna Kea Observatory, ', 1, '2011-03-01 16:50:08', '2012-11-23 13:01:30', 1, 0, 9),
(60, 'National Observatory of Athens', '066', 1842, 'The Institute of Astronomy and Astrophysics (IAA) ', 'http://www.noa.gr/indexen.html', 'P.O. BOX 20048 - THISSIO - 11810 - ATHENS - GREECE ', 84, '+30-210-349-0000', '', 37.973331, 23.719994, '', 2340, 1, 3, 3, '', 'Chelmos Observatory, Aristarchos & Astronomical Station Kryoneri, ', 1, '2011-03-03 18:37:31', '2012-11-13 15:19:19', 1, 0, 6),
(61, 'Konkoly Observatory', '053', 1871, 'Hungarian Academy of Sciences', 'http://www.konkoly.hu/index_en.shtml', 'h-1121 Budapest, Konkoly Thege Miklós út 15-17. ', 97, '+36-1-391-9360 ', 'abraham@konkoly.hu', 47.500000, 18.966667, '', 935, 7, 8, 2, '', 'Heliophysical Observatory, ', 1, '2011-03-03 18:54:34', '2012-11-13 16:07:38', 1, 0, 6),
(62, 'Medicina Radiotelescopes', NULL, 1963, 'Institute of Radio Astronomy (IRA) of the National Institute for Astrophysics (INAF)', 'http://www.med.ira.inaf.it/index_EN.htm', 'Via Fiorentina n. 3513, 40059 Fiorentina di Medicina (Bologna) ', 103, '+39-51-696-5811 ', 's.mariotti@ira.inaf.it', 44.520292, 11.646917, '', 28, 7, 8, 2, '', 'SKA (Square Kilometre Array), EVN (European Very Long Baseline Interferometry Network), ', 1, '2011-03-03 19:03:50', '2012-03-20 12:36:33', 1, 0, 6),
(63, 'Astronomical Observatory of Bologna', NULL, 1986, 'National Institute for Astrophysics (INAF)', 'http://www.bo.astro.it/', 'Osservatorio Astronomico di Bologna, Via Ranzani 1, 40127 Bologna, Italy', 103, '+39-051-209-5701', 'flavio.fusipecci@oabo.inaf.it', 44.500000, 11.349992, 'Stazione di Loiano, 37km south of Bologna', 800, 6, 8, 2, '', 'Loiano Observatory, ', 1, '2011-03-03 19:17:15', '2012-03-01 17:11:24', 1, 0, 6),
(64, 'Vatican Observatory', NULL, 1891, 'Vatican Observatory Research Group (VORG)', 'http://vaticanobservatory.org/', 'Vatican Observatory, 00040 Caster Gandolfo, Rome', 103, '+39-6-698-85266 ', '', 41.747217, 12.650556, '', 430, 7, 8, 2, '', 'Mount Graham International Observatory, ', 1, '2011-03-03 19:30:20', '2012-03-01 17:11:52', 1, 0, 6),
(65, 'Astronomical Observatory of the Autonomous Region of Aosta Valley (OAVdA)', NULL, 2003, '', 'http://www.oavda.it/english/index.htm', 'Saint-Barthélemy · Loc. Lignan, 39 11020 Nus (AO)', 103, '+39-165-770-050', 'info@oavda.it', 45.750000, 7.466667, 'Aosta Valley', 1600, 7, 8, 1, '', '', 1, '2011-03-03 19:52:17', '2012-03-08 17:33:08', 1, 0, 9),
(66, 'Catania Astrophysical Observatory', 'B25', 0, 'National Institute for Astrophysics, INAF ', 'http://www.ct.astro.it/index_en.html', 'Via S.Sofia 78, 95123 Catania', 103, '+39-957-332-111 ', 'protocollo_oact@pec.it', 37.528806, 15.071492, '', 3340, 7, 8, 2, '', '', 1, '2011-03-03 20:19:52', '2012-11-13 15:44:32', 1, 0, 6),
(67, 'Osservatorio Astronomico di Torino', NULL, 1759, 'Observatory of Torino ', 'http://www.to.astro.it/en/index.html', 'Via Osservatorio, 20, 10025 Pino Torinese (TO)', 103, '+39-118-101-900 ', 'antonucci@oato.inaf.it', 45.033331, 7.766667, '', 622, 1, 1, 2, '', 'European Southern Observatory,  National Optical Astronomy Observatories,  Steward Observatory, ', 1, '2011-03-03 20:34:42', '2012-03-01 17:18:32', 1, 0, 6),
(68, 'SAO - Special Astrophysical Observatory', '', 1966, 'Russian Academy of Science (RAS)', 'http://www.sao.ru/Doc-en/index.html', 'Special Astrophysical Observatory of RAS, Nizhny Arkhyz, Karachay-Cherkessia Republic 369167, Russia', 171, '+7-87878-46436', 'admsao@sao.ru', 43.826167, 41.586681, 'Bolshoi Zelenchuk Valley of the Greater Caucasus near the village of Nizhny Arkhyz', 970, 6, 2, 5, '', 'European Southern Observatory,  National Optical Astronomy Observatories,  Steward Observatory, ', 1, '2011-03-03 20:56:32', '2012-11-23 13:07:20', 1, 0, 9),
(69, 'LOFAR', NULL, 0, 'Netherlands Institute for Radio Astronomy', 'http://www.lofar.org/about-lofar/system/introduction', 'Oude Hoogeveensedijk, 4 7991 PD Dwingeloo, The Netherlands', 145, '+31-521-595-100 ', '', 52.813331, 6.396667, 'Spread Across Europe', 0, 7, 8, 2, '', '', 1, '2011-03-03 21:08:10', '2012-03-20 11:38:53', 1, 0, 6),
(70, '88-inch Telescope (Mauna Kea)', NULL, 1970, 'University of Hawaii', 'http://www.ifa.hawaii.edu/88inch/', 'Summit of Mauna Kea, Hilo, Hawaii 96720-2700', 218, '+1-808-932-2300', 'feedback2@ifa.hawaii.edu', 19.822792, -155.469431, '', 4214, 7, 8, 23, '', 'Manau Kea Observatories, ', 1, '2011-06-14 17:13:13', '2012-03-06 11:15:06', 1, 0, 6),
(71, 'UKIRT - United Kingdom Infrared Telescope (Mauna Kea)', '', 1978, 'United Kingdom Science and Technology Facilities Council', 'http://www.jach.hawaii.edu/UKIRT/', 'Joint Astronomy Centre 660, N. A''ohoku Place, University Park Hilo, Hawaii 96720', 218, '+1-808-961-3756', '', 19.825606, -155.473217, '', 4199, 4, 8, 23, '', 'Mauna Kea Observatory, ', 1, '2011-06-14 17:46:35', '2012-11-23 13:08:01', 1, 0, 9),
(72, 'IRTF - Infrared Telescope Facility (Mauna Kea)', NULL, 1979, 'NASA', 'http://irtfweb.ifa.hawaii.edu', '640 N. Aohoku Place, #209 Hilo, HI 96720', 218, '+1-808-974-4209', '', 19.826389, -155.472217, '', 4200, 4, 8, 23, '', 'Mauna Kea Observatory, ', 9, '2011-06-15 13:13:44', '2012-05-23 12:56:12', 1, 0, 9),
(73, 'W. M. Keck Observatory (Mauna Kea)', NULL, 1985, 'California Association for Research in Astronomy; University of California, Caltech, NASA', 'http://www.keckobservatory.org', '65-1120 Mamalahoa Hwy, Kamuela, HI 96743', 218, '+1-808-885-7887', 'ayeager@keck.hawaii.edu', 19.826389, -155.474717, '', 4200, 4, 8, 23, '', 'Mauna Kea Observatory, ', 9, '2011-06-15 16:53:01', '2012-03-20 14:04:47', 1, 0, 6),
(74, 'Subaru Telescope (Mauna Kea)', NULL, 1999, 'National Astronomical Observatory of Japan', 'http://www.naoj.org/', '650 North A''ohoku Place Hilo, 96720, Hawaii', 218, '+1-808-934-7788', '', 19.825503, -155.476017, '', 4163, 4, 8, 23, '', 'Mauna Kea Observatory, ', 1, '2011-06-21 17:15:54', '2012-03-08 15:41:09', 1, 0, 6),
(75, 'VLT - Very Large Telescope array (Paranal Observatory)', '309', 1998, 'European Southern Observatory', 'http://www.eso.org/public/teles-instr/vlt.html', 'Cerro Paranal', 43, '', '', -24.627217, -70.404167, '', 2635, 1, 8, 17, '', '', 9, '2011-06-27 14:16:55', '2012-11-12 15:34:03', 1, 0, 6),
(76, 'La Silla Observatory', '', 1960, 'European Southern Observatory', 'http://www.eso.org/public/teles-instr/lasilla.html', '', 43, '+56-2-464-4100', '', -29.254167, -70.739442, 'Chilean Atacama Desert, 600 km north of Santiago de Chile', 2400, 1, 8, 17, '', '', 1, '2011-06-27 17:27:22', '2012-11-23 16:04:53', 1, 0, 9),
(77, 'VLBA - Very Long Baseline Array (Mauna Kea)', NULL, 1993, 'NRAO', 'http://www.vlba.nrao.edu/', 'NRAO Lopezville Road,,87801-0387, Socorro NM', 218, '+1-575-835-7000', 'info@nrao.org', 19.801381, -155.455503, 'Mauna Kea', 4150, 4, 8, 23, '', '', 1, '2011-08-25 14:41:58', '2012-03-20 12:42:35', 1, 0, 6),
(78, 'Submillimetre Array (Mauna Kea)', NULL, 2003, 'Smithsonian Astrophysical Observatory, Academia Sinica Institute of Astronomy and Astrophysics', 'http://www.cfa.harvard.edu/sma/', '645 North A''ohoku Place Hilo, Hilo, Hawaii 96720', 218, '+1-808-961-2920', 'sma_oc@sma.hawaii.edu', 19.824278, -155.477967, 'Mauna Kea', 4080, 4, 8, 23, '', 'Mauna Kea Observatory, ', 1, '2011-08-25 16:05:42', '2012-03-08 15:41:35', 1, 0, 6),
(79, 'APEX - Atacama Pathfinder EXperiment', NULL, 2005, 'Max Planck Institut für Radioastronomie (MPIfR), European Southern Observatory (ESO), Onsala Space Observatory (OSO)', 'http://www.apex-telescope.org/', 'San Pedro de Atacama, Antofagasta Region 1410000, Chile', 43, '+56-55-448200', 'apex@apex-telescope.org', -23.005778, -67.759167, 'Llano de Chajnantor 50 Km east of San Pedro de Atacama', 5105, 1, 8, 17, '', '', 1, '2011-08-29 15:28:53', '2012-03-08 15:42:55', 1, 0, 6),
(80, 'ALMA - Atacama Large Millimeter/Submillimeter Array', NULL, 2011, 'National Radio Astronomy Observatory (NRAO), European Southern Observatory (ESO), National Astronomical Observatory of Japan (NAOJ)', 'http://www.almaobservatory.org/', 'Llano de Chajnantor, Antofagasta Region, Chile', 43, '', '', -23.019281, -67.753181, 'Llano de Chajnantor 50 Km east of San Pedro de Atacama', 5060, 1, 8, 17, 'currently under construction', '', 1, '2011-08-29 16:44:30', '2012-03-20 12:44:11', 1, 0, 6),
(81, 'Paranal Observatory', NULL, 2005, 'European Southern Observatory (ESO)', 'http://www.vista.ac.uk/', 'Cerro Paranal, Antofagasta, Chile', 43, '', '', -24.615831, -70.397492, 'Atacama desert, Chile', 2635, 2, 8, 17, '', '', 1, '2011-08-30 13:19:11', '2012-03-20 12:44:39', 1, 0, 6),
(82, 'E-ELT - European Extremely Large Telescope', NULL, 2005, 'European Southern Observatory (ESO)', 'http://www.eso.org/sci/facilities/eelt/', 'Cerro Armazones, Sierra Vicuña Mackenna, Chile', 43, '', '', -24.588889, -70.192217, 'Cerro Armazones, Sierra Vicuña Mackenna, Chile', 3060, 1, 8, 17, 'Planned completion: 2022 first light', '', 1, '2011-08-30 14:42:14', '2012-03-20 12:45:03', 1, 0, 6),
(83, 'OGS - Optical Ground Station', '', 1997, 'European Space Agency', 'http://sci.esa.int/science-e/www/object/index.cfm?fobjectid=36520', 'Izana, Tenerife', 192, '', '', 28.301106, -16.511942, 'Tenerife', 2390, 7, 4, 2, 'operational', 'Instituto Astrofisico di Canaries (IAC), La Teide Observatory, ', 10, '2012-01-04 16:44:03', '2012-11-23 13:04:58', 1, 0, 9),
(84, 'VATT - Vatican Advanced Technology Telescope', '', 1993, 'Vatican Observatory Research Group (VORG)', 'http://vaticanobservatory.org/VATT/index.php', 'Steward Observatory, University of Arizona, Tuscon, Arizona 85721', 218, '', '', 32.701225, -109.891981, 'Driving time from Tucson : 3.5 hours in good conditions', 3191, 7, 8, 20, '', 'Vatican Observatory, Mount Graham International Observatory  (MGIO), ', 9, '2012-01-09 18:27:53', '2012-11-23 13:09:22', 1, 0, 9),
(85, 'PIRATE - Physics Innovations Robotic Astronomical Telescope Explorer', '', 2010, 'The Open University (OU) and the Observatori de Astronomic de Mallorca (OAM)', 'http://pirate.open.ac.uk/', 'Camí de l''Observatori , s/n 07144 Costitx, Mallorca, Illes Balears', 192, '', '', 39.642828, 2.950889, '', 162, 7, 8, 2, '', '', 9, '2012-01-27 16:50:15', '2012-11-23 13:05:38', 1, 0, 9),
(86, 'George Abell Observatory', NULL, 0, 'The Open University (OU)', 'http://observatory.open.ac.uk/', 'Department of Physical Sciences, The Open University, Walton Hall, Milton Keynes MK7 6AA', 217, '+44 (0)1908 659457', 'a.j.norton@open.ac.uk', 52.024442, -0.706389, '', 0, 7, 8, 1, '', '', 9, '2012-01-27 17:44:56', '2012-03-08 15:54:04', 1, 0, 6),
(87, 'KIT - Kyiv Internet Telescope', '', 2008, 'Main Astronomical Observatory of NASU', 'http://www.mao.kiev.ua', '27 Acad. Zabolotnoho Street, Kyiv, 03680', 215, '+38067-6609001', 'director@mao.kiev.ua', 50.364167, 30.496667, 'South Kyiv border', 121, 7, 2, 3, 'Active in research', 'Our partner Taras Shevchenko National University of Kyiv, ', 11, '2012-02-14 16:00:23', '2012-11-23 13:02:13', 1, 0, 9),
(88, 'Iso-Heikkilä Observatory', NULL, 1937, 'Turun Ursa ry', 'http://www.ursa.fi/yhd/TurunUrsa/english.html', '', 72, '', 'turun-ursa@googlegroups.com', 0.000000, 0.000000, 'Turku', 0, 7, 8, 1, 'Mainly used during public stargazing shows', 'Turku-Kevola Observatory, ', 6, '2012-02-14 16:15:23', '2012-03-20 11:54:07', 1, 0, 6),
(89, 'Algonquin Radio Observatory', NULL, 1965, 'Thoth Technology', 'http://www.arocanada.com/', 'Thoth Technology Inc.,16845 Jane St RR1, L0G1J0 ,Kettleby ON', 38, '(905) 713-2884', 'aro@thoth.ca', 45.955503, 281.926942, 'Province of Ontario', 260, 7, 8, 18, 'operational', 'Parkes Observatory, Australia, ', 6, '2012-02-14 17:31:53', '2012-03-09 15:50:47', 1, 0, 9),
(90, 'Observatory Lustbühel', NULL, 1943, 'Institute for Physics/Igam, University of Graz', 'http://www.uni-graz.at/en/igamwww/igamwww_ob_lustbuehel.htm?=', 'Lustbühelstraße 46, 8042 Graz', 14, '43 316 / 380 - 5255 or', 'sigrun.fink@uni-graz.at', 47.067217, 15.493331, 'Graz', 484, 7, 8, 2, 'operating', '', 12, '2012-02-14 18:43:52', '2012-03-08 18:17:24', 1, 0, 9),
(92, 'Amateur Telescope Makers of Boston Edward Knight Observatory (EKO)', NULL, 2006, 'Amateur Telescope Makers of Boston', 'http://atmob.org', '12 Gelding Road', 218, '001 978 387 4189', 'bruce@atmob.org', 42.608967, -71.494303, 'Massachusettes, United States', 87, 4, 2, 18, 'operating', '', 6, '2012-02-15 11:39:00', '2012-03-09 15:53:58', 1, 0, 9),
(93, 'Amleto Sintini', NULL, 2002, 'Graziani Mauro (private person)', 'http://sintiniobservatory.interfree.it', 'Via Circonvallazione 92/2 ', 103, '', 'magraziani@racine.ra.it', 44.504306, 12.054528, '', 6, 5, 3, 2, '', 'Osservatorio Molesi, http://www.arar.it/osservat.htm, ', 6, '2012-02-15 12:16:28', '2012-03-09 15:53:16', 1, 0, 9),
(94, 'Apache Point Observatory', '705', 0, 'New Mexico Tech', 'http://www.apo.nmsu.edu/', '2001 Apache Point Road,P.O. Box 59,88349,Sunspot NM', 218, '+1-575-437-6822', 'kurt@nmsu.edu', 32.780278, -105.820278, '', 2788, 7, 8, 19, '', '', 6, '2012-02-15 14:33:00', '2012-11-23 16:36:07', 1, 0, 9),
(95, 'Arcetri Astrophysical Observatory', '030', 0, 'INAF - Istituto Nazionale di Astrofisica', 'http://www.arcetri.astro.it/English/', 'Largo Enrico Fermi 5, 50125, Firenze', 103, '(+44)39 5527521', 'oss@arcetri.astro.it', 43.750556, 11.254442, 'Florence', 0, 7, 8, 2, '', '', 6, '2012-02-15 19:23:05', '2012-11-14 14:51:46', 1, 0, 6),
(96, 'Arecibo Observatory', '251', 1963, 'NRAO - National Radio Astronomy Observatory', 'http://www.naic.edu/', 'Arecibo Observatory, HC03 Box 53995 Arecibo, P.R. 00612, ROUTE 625  Bo. Esperanza,Puerto Rico', 167, '787 878 2612', 'hhernand@naic.edu', 18.344167, -66.752778, 'Rain:83.1; Nights:', 497, 7, 8, 17, '', '', 6, '2012-02-16 10:40:42', '2012-11-14 15:06:46', 1, 0, 6),
(97, 'Asiago Astrophysical Observatory', '043', 1942, 'Padova Observatory & INAF - Istituto Nazionale di Astrofisica', 'http://www.pd.astro.it/asiago/', 'Asiago Astrophysical Observatory, Asiago', 103, '+39-0424-462032', '', 45.866389, 11.526389, 'Asiago, about 90km north-westof Padova', 1045, 7, 8, 1, 'operating', 'Partner Observatory, ', 6, '2012-02-16 12:41:14', '2012-11-14 14:49:22', 1, 0, 6),
(98, 'Astronomical and Geophysical Observatory in Modra', '118', 0, 'Faculty of Mathematics, Physics and Informatics, Comenius University, Bratislava', 'http://daa.fmph.uniba.sk/', 'P.O.Box 4, 900 01 Modra', 186, '+421 336475261', 'ago@fmph.uniba.sk', 48.373331, 17.273889, '', 531, 6, 4, 2, '', 'Ondrejov observatory, ', 6, '2012-02-16 14:45:11', '2012-11-14 14:52:32', 1, 0, 6),
(99, 'Astraeus Observatory', NULL, 2009, 'Privately owned', 'http://www.astraeusobservatory.com', '', 218, '', 'patrick@astraeusobservatory.com', 0.000000, 0.000000, '', 240, 2, 3, 18, '', '', 6, '2012-02-16 14:47:28', '2012-09-19 14:33:29', 1, 0, 6),
(100, 'Astronomical Station Kryoneri', NULL, 1972, 'National Observatory of Athens', 'http://www.astro.noa.gr/ASK_1.2m/ask_main.htm', 'P.O. BOX 20048,Thissio,11810, Athens', 84, '', '', 37.966667, 22.616667, '105km outside of Athens', 930, 7, 8, 1, '', 'National Observatory of Athens, ', 6, '2012-02-16 15:38:33', '2012-03-20 11:48:13', 1, 0, 6),
(101, 'Astrophysical Observatory, Baldone', '069', 1957, 'Institute of Astronomy, University of Latvia', 'http://www.astr.lu.lv', '19 Raina blvd., LV-1586', 113, '+371 67932863; +371 ', 'astra@latnet.lv', 56.773331, 24.404167, '', 103, 6, 2, 4, '', 'Institute of Theoretical Physics and Astronomy of Vilnius University, http://www.itpa.lt/         atom@itpa.lt, ', 6, '2012-02-16 16:54:36', '2012-11-14 14:48:43', 1, 0, 6),
(102, 'Atlante MPC J51', 'J51', 0, 'Juan Antonio Henríquez Santana (privately owned)', 'http://atlante.org.es', 'Juan Alvarez Delgado nº11, 5º2', 192, '34-922-215074', 'jahensan@gmail.com', 28.464725, -16.270831, '', 149, 7, 8, 1, '', '', 6, '2012-02-16 17:21:15', '2012-11-14 15:07:48', 1, 0, 6),
(103, 'B50 Corner Observatory', 'B50', 2007, 'Privately owned', 'http://www.cometmillenium.de', 'Im Eck 1/19', 81, '+49 7245 937594', 'juergen@cometmillenium.de', 0.000000, 0.000000, 'Near Karlsruhe, Germany', 127, 6, 2, 2, '', 'Red Barn Observatory H68 (http://www.cometary.net/) & TSO 628  http://www.bph.rub.de/~axelm/tso/tso.htm   & Small Budget Sky Survey & http://www.cometary.net/tzec_maun.htm, ', 6, '2012-02-16 17:52:31', '2012-11-12 13:58:36', 1, 0, 6),
(104, 'Bairisch Koelldorf', NULL, 2002, 'Privately owned', '', 'Bairisch Koelldorf 291', 14, '436644243216', 'arnold.hanslmeier@uni-graz.at', 46.866667, 15.949992, '', 320, 6, 1, 2, '', '', 6, '2012-02-16 18:19:41', '2012-03-08 18:18:53', 1, 0, 9),
(105, 'Bareket Observatory, Israel', 'B35', 1995, 'private-educational', 'http://www.bareket-astro.com/', '', 102, '', 'red7@bareket-astro.com', 31.783331, 35.216667, 'Jerusalem', 303, 1, 8, 3, 'operating', '', 6, '2012-02-16 18:37:32', '2012-11-14 14:57:11', 1, 0, 6),
(106, 'Bergen-Enkheim Observatory', NULL, 0, 'Uwe Suessenberger (privately owned)', 'http://www.bergen-enkheim-observatory.de/', 'Hohe Straße 14', 81, '06109-378695', 'u.suessenberger@t-online.de', 50.155000, 8.753056, '', 195, 6, 1, 2, '', 'Observatorium Wildberg (http://www.astro-wildberg.de) & Privatsternwarte Seng  (http://members.infodat.at/Sternwarte_Seng)  & Taunus-Sternwarte (http://www.erwinschwab.de/taunus-sternwarte.htm) & Sternwarte Gaisberg (http://www.observatorium.at/), ', 6, '2012-02-16 19:05:37', '2012-03-13 21:58:27', 0, 1, 6),
(107, 'Bisei Spaceguard Centre', '300', 0, '', 'http://www.spaceguard.or.jp/bsgc_jsf/pamphlet/index.htm', 'Bisei Town', 105, '', 'info@spaceguard.or.jp', 0.000000, 0.000000, 'Okayama Prefecture', 0, 7, 8, 10, '', 'Kamisaibara Spaceguard Center, ', 6, '2012-02-16 19:54:06', '2012-11-14 14:56:37', 1, 0, 6),
(108, 'Bohyunsan Optical Astronomy Observatory', '344', 1996, 'Korea Astronomy and Space Institute', 'http://boao.kasi.re.kr/Default.aspx', '61-1, Hwaam-dong,Yuseong-gu,305-348', 191, '82428653246', 'webinfo@kasi.re.kr', 36.164906, 128.976567, '', 1240, 7, 8, 10, '', 'Sobaeksan Optical Astronomy Observatory, ', 6, '2012-02-16 20:54:39', '2012-11-14 14:48:19', 1, 0, 6),
(110, 'Boothe Memorial Astronomical Society', NULL, 1954, 'Boothe Memorial Astronomical Society', 'http://www.bmas.org', 'Main Street, Putney, Stratford, CT 06615', 218, '', 'info@bmas.org', 0.000000, 0.000000, '', 0, 7, 7, 1, '', '', 6, '2012-02-16 22:02:29', '2012-03-20 11:50:24', 1, 0, 6),
(111, 'BODE-Observatory', NULL, 1985, 'Hans-J. Bode (privately owned)', 'http://www.occultations.info', 'Bartold-Knaust-Str., 8D-30459', 81, '-424750', 'HJB@occultations.info', 52.335567, 9.710278, '', 65, 4, 2, 2, '', '', 6, '2012-02-17 11:12:09', '2012-03-20 13:45:27', 1, 0, 6),
(112, 'Boyden Observatory', '074', 1889, 'Department of Physiscs, University of the Free State', 'http://www.assabfn.co.za/friendsofboyden/boyden.htm', 'Bloemfontein', 190, '051-401 2561', '', -29.038831, 26.404717, '20km north-east of Bloemfontein', 1372, 7, 8, 3, '', '', 6, '2012-02-17 11:52:10', '2012-11-12 15:26:23', 1, 0, 6),
(113, 'Bosscha Observatory', '299', 1923, 'Institut Teknologi Bandung', 'http://bosscha.itb.ac.id', 'West Java, Lembang', 100, '', '', -6.824556, 107.615875, 'Near Lembang, about 15km north of Bandung, Java', 1310, 7, 8, 10, '', '', 6, '2012-02-17 13:10:28', '2012-11-13 15:48:59', 1, 0, 6),
(114, 'Brixiis Observatory', 'B96', 2005, 'Erik Bryssinck (privately owned)', 'http://www.astronomie.be/erik.bryssinck/', 'Eyckensbeekstraat 2, Kruibeke', 21, '32-3-2962102', 'erik.bryssinck@telenet.be', 0.000000, 0.000000, 'About 10 km south of Antwerp', 6, 7, 2, 2, '', '', 6, '2012-02-17 14:21:41', '2012-11-14 15:23:23', 1, 0, 6),
(115, 'Buena Vista Observatory', NULL, 2005, 'privately owned', 'http://www.astrosteve.com', '', 218, '', 'steve@astrosteve.com', 0.000000, 0.000000, 'New Mexico', 503, 6, 4, 21, '', '', 6, '2012-02-17 14:52:28', '2012-03-08 17:23:36', 1, 0, 9),
(118, 'Calar Alto Observatory', '493', 1979, 'Instituto de Astrofísica de Andalucía (CSIC), Max-Planck-Institut für Astronomie (MPIA)', 'http://www.caha.es/', 'Calar Alto Observatory, Centro Astronómico Hispano Alemán,  C/ Jesús Durbán Remón, 2-2 04004 Almeria, Spain', 192, '+34-950-632500', 'info@caha.es', 37.223606, -2.546106, 'Calar Alto, Sierra de los Filabres', 2168, 7, 8, 1, 'operating', 'Observatory of Madrid operates one of the telescopes at Calar Alto, ', 6, '2012-03-14 16:53:14', '2012-11-13 15:48:39', 1, 0, 6),
(120, 'Çanakkale Astrophysics Research Centre & Ulupinar Observatory', NULL, 2002, 'Çanakkale Onsekiz Mart University', 'http://physics.comu.edu.tr/caam/', 'Çanakkale University Physics Dept. Terzioglu CampusTR-17100', 210, '90-538-6142938', 'arif.solmaz@gmail.com', 40.100278, 26.765000, '10 km from downtown Canakkale', 460, 7, 8, 4, '', '', 6, '2012-04-18 12:13:37', '2012-04-18 14:40:14', 1, 0, 6),
(121, 'Center Street Observatory', NULL, 2006, 'private person (Chuck Cundiff)', 'http://cs-observatory.com', '30 Center Street', 218, '978 827-4209', 'csobservatory@cs-observatory.com', 42.622767, -71.926956, '', 305, 3, 2, 18, '', '', 6, '2012-04-18 15:15:51', '2012-04-18 15:18:51', 1, 0, 6),
(122, 'Clanfield Observatory', NULL, 1960, 'Hampshire Astronomical Group', 'http://www.hantsastro.org.uk', 'c/o Graham Bryant, 20 The Smithy, DenmeadPO7 6YS', 217, '02392 241764', 'graham.bryant@hantsastro.org.uk', 50.938742, -1.019642, 'United Kingdom; LAT:50° 56''19.49'''' N; LON:01°01''10.71'''' W; Rain:; Nights:', 0, 7, 8, 1, '', '', 6, '2012-04-18 15:25:46', '2012-04-18 15:33:49', 1, 0, 6),
(123, 'COAA', NULL, 1987, 'privately owned', 'http://www.coaa.co.uk', 'COAA, Poio, Portimao 8500-149', 166, '+351 282 471529', 'bmes@coaa.co.uk', 37.189997, -8.599997, 'Portugal; L', 75, 5, 6, 1, '', '', 6, '2012-04-19 10:52:16', '2012-04-19 11:04:12', 1, 0, 6),
(124, 'Coddenham Observatory', '234', 1996, 'Tom Boles - Private observatory', 'http://www.coddenhamobservatories.org', 'c/o Peel House, High StreetIp6 9QY', 217, '+44 1449 761950', 'tomboles@coddenhamobservatories.org', 52.145278, 1.128606, '', 18, 2, 3, 1, '', '', 6, '2012-04-19 11:28:25', '2012-11-13 15:47:29', 1, 0, 6),
(125, 'Coma Via Observatory', NULL, 1998, 'private person (Billie Chandler)', 'http://www.astrospringville.org/ComaViaObservatory/index.html', '33251 Tule Oak Dr', 218, '5395300', 'billie@davidchandler.com', 36.091181, -118.833367, '', 268, 7, 6, 21, '', 'Royer Oaks (http://www.astrospringville.org/RoyerOaksObservatory/index.html),  StarHome Observatory (http://www.astrospringville.org/StarhomeObservatory/index.html), ', 6, '2012-04-19 11:49:53', '2012-04-19 14:02:25', 1, 0, 6),
(126, 'Cosmos Mataró MPC A06', 'A06', 1958, 'Grup d''Astronomia de Mataró', 'http://www.astrosurf.com/cosmosmataro/', 'Carrer Bonaire, 25', 192, '', 'cosmosmataro@gmail.com', 41.573475, 2.441692, '; LAT:41°34''24.5''''N; LON:2°26''30.1''''E; Rain:>500; Nights:101-150', 82, 7, 8, 2, '', '', 6, '2012-04-19 14:05:44', '2012-11-13 15:47:02', 1, 0, 6),
(127, 'Digital-SF Observatory', NULL, 2009, 'Digital-SF Observatory Foundation', 'http://www.observatory.digital-sf.com/', '6103 204th St. SW, Apt. B3', 218, '01-206-276-4781', 'director.observatory@digital-sf.com', 47.116667, -120.766667, '', 700, 3, 4, 21, '', '', 6, '2012-04-19 14:15:47', '2012-04-19 14:43:31', 1, 0, 6),
(128, 'Dogwood Ridge Observatory', NULL, 2002, 'private person (Steve Reilly)', 'http://www.astral-imaging.com', '401 Forest Ridge Drive', 218, '4342862320', 'sreilly@hughes.net', 0.000000, 0.000000, 'Washington (state)', 152, 6, 3, 6, '', '', 6, '2012-04-19 14:45:50', '2012-04-19 14:53:51', 1, 0, 6),
(129, 'Eagle Rock Observatory', NULL, 2007, 'Trevor J. Lewis', 'http://EagleRockObservatory.org', '5628 Canyonwood Circle', 218, '2084190124', 'director@eaglerockobservatory.org', 43.439722, -111.922222, '', 1586, 5, 3, 19, '', '', 6, '2012-04-19 15:10:13', '2012-04-19 15:30:16', 1, 0, 6),
(130, 'Effelsberg 100-m Radio Telescope', NULL, 1971, 'Max Planck Institute for Radio Astronomy', 'http://www.mpifr.de/english/radiotelescope/index.html', 'Max-Planck-Institut für Radioastronomie - Radioobservatorium Effelsberg - Max-Planck-Strasse ,28 53902 Bad M?nstereifel-Effelsberg,,Bad M?nstereifel-Effelsberg', 81, '+49 (2257) 301-100', '', 50.524719, 6.883608, '', 319, 7, 8, 2, '', '', 6, '2012-04-19 15:35:21', '2012-04-19 15:43:05', 1, 0, 6),
(131, 'El Guijo Observatory - MPC J27', 'J27', 2007, 'private persons', 'http://observatorioelguijo.blogspot.com/', '', 192, '', 'assdelgado@yahoo.es', 41.020831, -4.052219, '', 907, 7, 8, 2, '', '', 6, '2012-04-24 11:50:48', '2012-11-13 15:45:48', 1, 0, 6),
(132, 'Elginfield Observatory', '440', 1969, 'University of Western Ontario', 'http://www.astro.uwo.ca/~dfgray/observat.html', '', 38, '', '', 43.200000, -81.315844, '', 0, 7, 8, 18, '', '', 6, '2012-04-24 14:18:38', '2012-11-13 15:45:18', 1, 0, 6),
(133, 'Ellinogermaniki Agogi Observatory', 'C68', 2007, 'Ellinogermaniki Agogi (Private School)', 'http://www.ea.gr/ea/index.asp?lag=en', 'Dimitriou Panagea Str.GR 153 51 ', 84, '302108176797', 'sotiriou@ea.gr', 37.997778, 23.893606, '', 157, 2, 6, 3, '', '1. Armagh Observatory (UK)  Dr Apostolos Christou aac@arm.ac.uk    2. Gerostathopoulio Obs. University of Athens, Physics Dept.  http://web.cc.uoa.gr/physics/sections/astrophysics/hellenic/asteren.htm  Prof P.Niarchos  pniarcho@phys.uoa.gr    3. Skinakas Obs. University of Crete   http://skinakas.physics.uoc.gr/    4. M.Keratea Obs. (Keratea, Greece)  http://www.astrofarma.gr/observatory  Mr Antonis Farmakopoulos afarmakopoulos@gmail.com, ', 6, '2012-04-24 14:37:39', '2012-11-13 15:44:58', 1, 0, 6),
(134, 'Engarouines Observatory', 'A14', 2000, 'private persons', 'http://www.astrosurf.com/bernasconi/', '1606, Chemin de Rigoy', 73, '', 'laurent.bernasconi.51@wanadoo.fr', 44.021389, 5.186389, 'Nights:101-150', 397, 6, 3, 2, '', 'http://obswww.unige.ch/~behrend/page_cou.html, ', 6, '2012-04-24 15:11:31', '2012-11-13 15:43:54', 1, 0, 6),
(135, 'Evpatoria RT-70 Radio Telescope', NULL, 1978, '', 'http://lfvn.astronomer.ru/optic/evpatoria/rt70/index.htm', 'Evpatoria RT-70 Radio Telescope, Evpatoria, Crimea, Ukraine, Evpatoria', 215, '', '', 45.189069, 33.187358, '', 0, 7, 8, 3, '', '', 6, '2012-04-24 15:52:50', '2012-04-24 15:55:56', 1, 0, 6),
(136, 'Dominion Astrophysical Observatory', '790', 1910, '', 'http://www.nrc-cnrc.gc.ca/eng/facilities/hia/astrophysical-observatory.html', '5071 West Saanich Road, V9E 2E7,Victoria, British Columbia', 38, '250-363-0001', 'HIA-WWW@nrc-cnrc.gc.ca', 48.520281, -123.418142, '', 226, 7, 8, 21, '', '', 6, '2012-04-24 16:19:02', '2012-11-13 15:39:11', 1, 0, 6),
(137, 'Fiby', 'C08', 2008, 'private', 'http://fibyobservatory.webs.com/', 'Fiby 118', 199, '', 'johan.warell@gmail.com', 0.000000, 0.000000, '', 40, 6, 1, 2, '', '', 6, '2012-04-24 16:31:56', '2012-11-14 15:47:29', 1, 0, 6),
(139, 'Fohbr Observatoriet', NULL, 2007, 'Finn Overgaard Hansen', 'http://www.fohbr-astro.dk/index.htm', 'Kirkevej 53', 57, '45 23934452', 'fohbr@pc.dk', 55.703611, 11.891667, '', 20, 6, 1, 2, '', 'Member of:  "Københavns Astronomiske Forening" - http://www.kaf-astronomi.dk/;  and:  "Brorfeldes Vennekreds" - http://www.brorfelde.dk/', 6, '2012-04-26 14:17:09', '2012-04-26 14:51:38', 1, 0, 6),
(140, 'Franz Kroller - Volks- und Schulsternwarte Traiskirchen', NULL, 1967, 'Arbeitsgemeinschaft der Franz Kroller - Volks- und Schulsternwarte Traiskirchen', 'http://beam.to/sternwarte', 'Hauptplatz 17 / Arkadia / Aufgang Bräuhausgasse', 14, '43225257192', 'team@sternwarte.dyndns.info', 48.002569, 16.294222, '', 214, 7, 8, 2, '', '', 6, '2012-04-26 15:00:25', '2012-04-26 15:16:54', 1, 0, 6),
(141, 'Five College Radio Astronomy Observatory', NULL, 0, 'MIT', 'http://www.astro.umass.edu/~fcrao/', 'Five College Radio Astronomy Observatory, 619 Lederle Graduate Research Center, University of Massachusetts, 01003, Amherst MA01003', 218, '', '', 42.391667, -72.344997, '', 304, 7, 8, 18, '', '', 6, '2012-04-26 15:20:46', '2012-04-26 15:32:02', 1, 0, 6),
(142, 'Galenki RT-70 radio telescope', NULL, 0, 'Ussuriysk Astrophysical Observatory', 'http://personal.primorye.ru/uapho/index.html', 'Galenki RT-70 radio telescope ,Galenki, Russia,,Galenki', 171, '', '', 44.024442, 131.757219, 'North of Vladivostok, near the Chinese boarder', 0, 7, 8, 12, '', '', 6, '2012-04-26 15:38:07', '2012-04-26 15:53:20', 1, 0, 6),
(143, 'Observatory Nonndorf', 'C47', 2003, 'Gerhard Dangl', 'http://www.dangl.at', 'Nonndorf 12, 3830', 14, '++43-(0)2842-53908', 'gerhard@dangl.at', 48.786942, 15.235556, 'Province of Lower Austria', 550, 6, 2, 2, '', '', 22, '2012-04-26 16:10:01', '2012-11-13 13:59:52', 1, 0, 6),
(145, 'Goldstone Observatory (Goldstone Deep Space Communications Complex - GDSCC)', NULL, 1958, 'Jet Propulsion Lab', 'http://deepspace.jpl.nasa.gov/dsn/', '', 218, '', 'Shannon.McConnell@jpl.nasa.gov', 35.426667, -116.890000, 'Mojave Desert near Barstow, San Bernardino County, California', 1019, 7, 8, 21, '', 'Madrid Deep Space Communications Complex, Canberra Deep Space Communication Complex, ', 6, '2012-05-02 13:41:37', '2012-05-02 14:26:35', 1, 0, 6),
(146, 'Gran Telescopio Canarias (Roque de los Muchachos Observatory)', NULL, 0, 'Instituto de Astrofisica de Canarias (IAC)', 'http://www.gtc.iac.es/en/', 'Cuesta de San José, 38712,Breña Baja, La Palma, España', 192, '0034 922 425 720', 'gtc@gtc.iac.es', 28.756406, -17.891953, '', 2267, 7, 8, 1, '', '', 6, '2012-05-02 14:29:35', '2012-05-02 15:33:08', 1, 0, 6),
(147, 'TNG - Telescopio Nazionale Galileo (Roque de los Muchachos Observatory)', NULL, 1997, 'INAF - Istituto Nazionale di Astrofisica', 'http://www.tng.iac.es', 'Telescopio Nazionale Galileo, Roque de Los Muchachos Astronomical Observatory, 38787 Garafia, TF - Spain', 192, '+34 922 433671', '', 28.754000, -17.889056, '', 0, 7, 8, 1, '', '', 6, '2012-05-02 15:36:50', '2012-05-03 11:31:22', 1, 0, 6),
(148, 'Green Bank Telescope', NULL, 0, 'NRAO', 'https://science.nrao.edu/facilities/gbt', 'NRAO (Green Bank Telescope), P.O. Box 2 Rt. 28/92, 24944-0002, Green Bank WV24944-0002', 218, '304-456-2011', '', 38.433056, -79.839717, '', 807, 7, 8, 18, '', '', 6, '2012-05-03 11:33:45', '2012-05-03 12:00:11', 1, 0, 6),
(149, 'Green Island Observatory', 'B34', 2005, 'personal observatory', 'http://www.greenislandobservatory.com', 'Gecitkale - MagosaNorth Cypr', 55, '0090 533 8627862', 'green.island.observatory@live.com', 35.258606, 33.725556, '', 63, 7, 6, 3, '', '', 6, '2012-05-03 13:21:07', '2012-11-13 15:33:07', 1, 0, 6),
(150, 'Guadarrama Observatory', '458', 1999, 'private persons', 'http://astrosurf.com/blazar/inicio.html', 'San Pablo 5', 192, '', 'blazares@yahoo.es', 40.637500, -4.022217, 'Near Madrid', 883, 3, 4, 2, '', '', 6, '2012-05-03 13:44:24', '2012-11-13 15:32:33', 1, 0, 6);
INSERT INTO `observatories` (`id`, `name`, `iau_code`, `founded`, `institution`, `web_address`, `address`, `country_id`, `phone`, `email`, `latitude`, `longitude`, `approx_position`, `sealevel_m`, `precipitation`, `clear_nights`, `timezone`, `observatory_status`, `partner_observatories`, `user_id`, `creation_date`, `modification_date`, `approved`, `saved_for_later`, `last_saved_by`) VALUES
(151, 'Guidestar Observatory Weinheim', 'A17', 2002, 'private', 'http://www.guidestar.de', 'Brunhildstraße 31', 81, '-6201186435', 'mark@guidestar.de', 0.000000, 0.000000, '', 230, 7, 8, 2, '', '', 6, '2012-05-03 13:57:48', '2012-11-13 15:31:46', 1, 0, 6),
(152, 'Guillermo Haro Observatory (OAGH - Observatorio Astrofisico Guillermo Haro)', NULL, 1972, 'INAOE - Instituto Nacional de Astrofisica, Óptica y Electrónica', 'http://astro.inaoep.mx/observatorios/cananea/', 'Antigua Casa Greene Av. Sinaloa 25 Cananea, 84620, Sonora', 133, '0052(645)3326276', 'gescobedo@inaoep.mx', 31.052778, -110.384717, '', 2480, 7, 8, 1, '', '', 6, '2012-05-03 14:09:37', '2012-07-23 13:53:47', 1, 0, 6),
(153, 'LMT - The Large Millimeter Telescope', NULL, 2006, 'INAOE - Instituto Nacional de Astrofisica, Óptica y Electrónica', 'http://www.lmtgtm.org/', '', 133, '', 'www@lmtgtm.org', 18.984997, -97.314719, 'Sierra Negra, located within the National Park Pico de Orizaba in the Mexican state of Puebla,  ~100 km east of the city of Puebla', 4600, 7, 8, 19, '', '', 6, '2012-05-03 15:08:08', '2012-05-03 15:23:29', 1, 0, 6),
(154, 'HAWC - High Altitude Water Cherenkov', NULL, 0, 'INAOE - Instituto Nacional de Astrofisica, Óptica y Electrónica', 'http://hawc.umd.edu/', 'Luis Enrique Erro # 1, Tonantzintla, Puebla, México C.P. 72840', 133, '(222) 266.31.00', 'astrofi@inaoep.mx', 19.000000, -97.299997, 'Sierra Negra, México, near the Large Millimeter Telescope (LMT)', 4100, 7, 8, 19, '', 'Guillermo Haro Observatory (OAGH - Observatorio Astrofisico Guillermo Haro), LMT - The Large Millimeter Telescope, OANTON - National Astrophysics Observatory of Tonantzintla, ', 6, '2012-05-03 15:38:24', '2012-05-03 15:39:10', 1, 0, 6),
(155, 'OANTON - Observatorio Astrofisico Nacional de Tonantzintla', '', 1942, 'INAOE - Instituto Nacional de Astrofisica, Óptica y Electrónica', 'http://www.astroscu.unam.mx/Tonantzintla/', '', 133, '', '', 19.031400, -98.315100, '11 km west of Puebla, 33 km east of Popocatépetl', 2166, 7, 8, 19, '', 'Guillermo Haro Observatory (OAGH - Observatorio Astrofisico Guillermo Haro), LMT - The Large Millimeter Telescope, HAWC - High Altitude Water Cherenkov, ', 6, '2012-05-03 15:56:13', '2012-11-20 11:30:48', 1, 0, 6),
(156, 'Gunma Astronomical Observatory', NULL, 1999, '', 'http://www.astron.pref.gunma.jp/e/', ' 6860-86 Nakayama Takayama-mura Agatsuma-gun Gunma-ken, JAPAN. Postal Code: 377-070', 105, '+81-279-70-530', '', 36.593608, 138.976389, '', 885, 7, 8, 10, '', '', 6, '2012-05-03 15:59:20', '2012-05-03 16:11:51', 1, 0, 6),
(157, 'Haleakala Observatory', '608', 0, 'University of Hawaii, Department of Defence', 'http://www.ifa.hawaii.edu/haleakala/', 'Maikalani Advanced Technology Research Center, 34 Ohi`a Ku St. Pukalan, 96768, Maui, Hawaii', 218, '(808)573-9500', '', 20.708300, -156.257100, '', 3052, 7, 8, 23, '', '', 1, '2012-05-03 16:19:36', '2012-11-13 15:30:48', 1, 0, 6),
(158, 'Halfmoon Stream Observatory', NULL, 2002, 'Richard J Mozeleski', 'http://www.skylution.com', '25 Joe Bryant Road', 218, '', 'richard.mozeleski@gmail.com', 44.530283, -69.241119, '', 250, 3, 2, 18, '', '', 6, '2012-05-07 11:51:52', '2012-05-07 12:07:28', 1, 0, 6),
(159, 'Hartebeesthoek Radio Astronomy Observatory', NULL, 1961, '', 'http://www.hartrao.ac.za/', 'Hartebeesthoek Radio Astronomy Observatory,  P.O.Box 443, Krugersdorp 1740, South Africa', 190, '+27 (12) 326-0742', 'info@hartrao.ac.za', -25.887231, 27.683339, '65 km north-west of Johannesburg', 1744, 7, 8, 3, '', 'Associate Member of the VLBI Network, ', 6, '2012-05-07 12:12:07', '2012-05-07 13:23:08', 1, 0, 6),
(160, 'Harvest Moon Observatory', 'H25', 1998, 'Steve Messner', 'http://harvestmoonorchard.com/hmoon/', '31076 Canada Ave', 218, '507-645-8347', 'smessner@rconnect.com', 44.499306, -93.129192, '', 289, 6, 2, 19, '', 'Kochab Observatory:  http://www.kochabobservatory.com/  bobkoch49@yahoo.com, ', 6, '2012-05-07 13:43:30', '2012-11-13 15:21:43', 1, 0, 6),
(161, 'Hat Creek Radio Observatory', NULL, 0, 'Radio Astronomy Laboratory, University of Caifornia', 'http://www.hcro.org/', '42231 Bidwell Road Hat Creek,,96040,CA96040', 218, '530-335-2364', '', 40.817000, -121.469997, '467 km North-East of San Francisco ', 1280, 7, 8, 21, 'under construction (Allen Telescope Array)', '', 6, '2012-05-07 14:23:05', '2012-05-07 14:33:26', 1, 0, 6),
(162, 'Haute-Provence Observatory', '511', 1958, 'Institut National des Sciences de L''Univers (INSU), CNRS', 'http://www.obs-hp.fr/', 'Observatoire de Haute-Provence, Saint-Michel l''Observatoire, Haute-Provence F-04870', 73, '+33 492 70 6408', 'ohp.demandes@oamp.fr', 43.931667, 5.712217, '', 650, 7, 8, 1, '', '', 6, '2012-05-07 14:35:23', '2012-11-13 15:20:33', 1, 0, 6),
(163, 'Millstone Hill Observatory (Haystack Observatory)', '', 0, 'MIT, MIT Haystack Observatory', 'http://www.haystack.mit.edu/atm/mho/index.html', 'info@haystack.mit.edu', 218, '781 981 5400', '', 42.618997, -71.491297, 'Massachusettes', 146, 7, 8, 1, '', 'Haystack Observatory, ', 6, '2012-05-07 15:22:10', '2012-11-20 11:30:52', 1, 0, 6),
(164, 'Chelmos Observatory', NULL, 2004, 'National Observatory of Athens (NOA)', 'http://www.astro.noa.gr/helmos/', 'Institute of Astronomy and Astrophysics, National Observatory of Athens, I.Metaxa & Vas.Pavlou str., Palaia Penteli, GR-15236 Athens', 84, '+30 210 8109172', '', 37.985700, 22.198297, '', 2340, 7, 8, 3, '', 'National Observatory of Athens', 6, '2012-05-07 15:31:53', '2012-05-07 15:46:47', 1, 0, 6),
(165, 'Hissar Astronomical Observatory', NULL, 1956, 'Institute of Astrophysics of Academy of Sciences', '', '22, Bukhoro str.', 202, '-907814600', 'mnasredin@mail.ru', 38.483331, 68.666667, 'South-West of Dushanbe', 743, 6, 4, 6, '', '', 6, '2012-05-07 15:48:35', '2012-05-07 16:10:47', 1, 0, 6),
(166, 'Sanglokh Observatory', '193', 1979, 'Institute of Astrophysics of Academy of Sciences', '', '22, Bukhoro str.', 202, '-907814600', 'mnasredin@mail.ru', 38.261069, 69.217500, 'Sout-East of Dushanbe', 2300, 6, 4, 6, '', 'Hissar Astronomical Observatory, ', 6, '2012-05-07 16:05:07', '2012-11-13 15:13:39', 1, 0, 6),
(167, 'Hoher List Observatory', '017', 1950, 'Bonn University', 'http://www.hoher-list.de/', 'Argelander Institute for Astronomy, Auf dem Hügel 71, 53121 Bonn', 81, '+49 (0) 228/73-7834', '', 50.161667, 6.848606, 'Near Bonn, Germany', 533, 7, 8, 2, '', '', 6, '2012-05-08 11:25:55', '2012-11-13 15:13:13', 1, 0, 6),
(168, 'Holly Dome Observatory', NULL, 2008, 'private person (Matt Wilson)', 'http://www.HollyDome.com', '356 Briar Drive', 218, '609-247-0166', 'email@HollyDome.com', 39.386942, -75.079442, '', 0, 6, 2, 17, '', '', 6, '2012-05-08 11:38:44', '2012-05-08 12:58:35', 1, 0, 6),
(169, 'Hunters Hill Observatory', 'E14', 2002, 'private person (David Higgins)', 'http://www.david-higgins.com', 'Ngunnawal', 13, '61 409 811181', 'higginsdj@bigpond.com', 0.000000, 0.000000, 'Canberra, Australia', 655, 4, 3, 23, 'Ondrejov Observatory', '', 6, '2012-05-08 13:01:48', '2012-11-13 14:53:08', 1, 0, 6),
(170, 'Private Observatory Seng (IAU-Observatory A44 Altschwendt)', 'A44', 2002, 'private person', 'http://members.infodat.at/Sternwarte_Seng/index-English.htm', 'Altenseng 6A-4721', 14, '', 'diriesw@aon.at', 48.333056, 13.697217, '', 470, 6, 2, 2, '', '', 6, '2012-05-08 13:23:48', '2012-11-13 14:26:37', 1, 0, 6),
(171, 'Indian Astronomical Observatory', NULL, 1972, 'Indian Institute of Astrophysics', 'http://www.iiap.res.in/centers/iao', 'Post Box No. 100, Leh-Ladakh 194 101 INDIA', 99, '92 (01982) 52195', '', 32.779442, 78.964167, '', 4500, 3, 6, 6, '', 'Vainu Bappu Observatory, Kodaikanal Observatory, Gauribidanur Observatory', 6, '2012-05-08 13:34:51', '2012-05-08 14:01:33', 1, 0, 6),
(172, 'Isaac Newton Group of Telescopes (Roque de los Muchachos Observatory)', '', 1984, 'STFC (UK), NWO (Netherlands) and IAC (Spain)', 'http://www.ing.iac.es/', 'Isaac Newton Group of Telescopes, Apartado de correos 321, E-38700 Santa Cruz de la Palma, Canary Islands, Spain', 192, '+34 922 425410', 'service@ing.iac.es', 28.762056, -17.877639, '', 2332, 4, 6, 1, '', '', 6, '2012-05-08 14:04:17', '2012-11-23 16:13:11', 1, 0, 9),
(173, 'Jodrell Bank Observatory', NULL, 1957, 'The University of Manchester', 'http://www.jodrellbank.manchester.ac.uk/', 'Jodrell Bank Observatory, The University of Manchester, Macclesfield, Cheshire, SK11 9DL, United Kingdom', 217, '+44 (0)1477 571321', '', 53.236247, -2.307139, 'Manchester, UK', 0, 7, 8, 1, '', '', 6, '2012-05-08 14:45:37', '2012-05-08 14:58:36', 1, 0, 6),
(174, 'Johann-Kern-Sternwarte Wertheim e.V.', NULL, 1978, 'Johann-Kern-Sternwarte Wertheim e.V.', 'http://www.jksw.de', '', 81, '', 'verein@jksw.de', 49.741992, 9.540419, '', 275, 7, 8, 2, '', '', 6, '2012-05-08 15:01:09', '2012-05-08 15:06:45', 1, 0, 6),
(175, 'Thüringer Landessternwarte Tautenburg - Karl-Schwarzschild-Observatorium', '033', 1960, 'Thüringer Landessternwarte Tautenburg', 'http://www.tls-tautenburg.de', 'Thüringer Landessternwarte Tautenburg, Sternwarte 5, d-07778 Tautenburg, Germany', 81, '(+44)936427 863 51', 'postmaster@tls-tautenburg.de', 50.979994, 11.711106, '', 341, 7, 8, 2, '', '', 6, '2012-05-08 15:09:17', '2012-11-13 14:23:55', 1, 0, 6),
(176, 'Kashima Space Research Centre', NULL, 1964, 'National Institute of Information and Communication Technology', 'http://ksrc-e.nict.go.jp/', '893-1, Hirai, Kashima, Ibaraki 314-8501, JAPAN', 105, '0299-82-1211', '', 35.953889, 140.662492, '100 km North-East of Tokyo', 79, 7, 8, 10, '', 'Hiraiso Solar Observatory, ', 6, '2012-05-08 16:14:34', '2012-05-09 10:57:53', 1, 0, 6),
(177, 'Hiraiso Solar Observatory', NULL, 0, 'National Institute of Information and Communications Technology', 'http://sunbase.nict.go.jp/home.html', '', 105, '', '', 36.369167, 140.621667, '', 0, 7, 8, 1, '', 'Kashima Space Research Centre, ', 6, '2012-05-09 11:06:40', '2012-05-09 11:07:24', 1, 0, 6),
(178, 'Kielder Observatory', NULL, 2008, 'Kielder Observatory Astronomical Society', 'http://www.kielderobservatory.org', 'Blackfell Kielder', 217, '7970105607', 'FILDESS@AOL.COM', 55.231942, -2.616244, '', 459, 4, 1, 1, '', '', 6, '2012-05-09 11:21:38', '2012-05-09 11:37:54', 1, 0, 6),
(179, 'Royal Greenwich Observatory', '000', 1675, 'National Maritime Museum', 'http://www.rmg.co.uk/royal-observatory/', 'Royal Observatory, Blackheath Avenue, Greenwich, SE10 8XJ', 217, '', '', 51.477806, 0.000003, '', 0, 7, 8, 1, 'historical observatory', '', 6, '2012-05-09 11:54:18', '2012-11-13 14:22:56', 1, 0, 6),
(180, 'Kisarazu College Observatory', NULL, 0, 'Kisarazu National College of Technology', 'http://www.kisarazu.ac.jp/', 'Kisarazu Chiba, 292 Japan', 105, '0438-(98)-5751 ', '', 35.380831, 139.958608, '', 46, 7, 8, 10, '', '', 6, '2012-05-09 11:58:50', '2012-05-09 12:06:54', 1, 0, 6),
(181, 'Kiso Observatory', '381', 1974, 'Institute of Astronomy, University of Tokyo', 'http://www.ioa.s.u-tokyo.ac.jp/kisohp/TELS/tels_e.html', 'Kiso Observatory,  Institute of Astronomy, The University of Tokyo, Mitake 10762-30, Kiso-machi, Kiso-gun, Nagano-ken 397-0101, JAPAN ', 105, '0264-52-3360', 'kisoadm@kiso.ioa.s.u.tokyo.ac.jp', 35.793889, 137.628331, '', 1130, 7, 8, 10, '', '', 6, '2012-05-09 12:09:57', '2012-11-13 14:22:26', 1, 0, 6),
(182, 'Cerro Pach?n Station (Inter-American Observatory)', NULL, 0, '', 'http://www.ctio.noao.edu/', ',,,', 43, '', '', 0.000000, 0.000000, 'Chile; LAT:70?44''12.10''''W; LON:30?14''26.70''''S; Rain:; Nights:', 2722, 7, 8, 1, '', '', 6, '2012-05-09 13:33:03', '2012-05-09 13:33:15', 0, 1, 6),
(183, 'Cerro Tololo Station (Inter American Observatory)', NULL, 0, 'NOAO', 'http://www.ctio.noao.edu/', ',,,Cerro Tololo', 43, '', '', 0.000000, 0.000000, 'Chile; LAT:?; LON:?; Rain:; Nights:', 2700, 7, 8, 1, '', '', 6, '2012-05-09 13:33:41', '2012-05-09 13:33:55', 0, 1, 6),
(185, 'KPNO - Kitt Peak National Observatory', '695', 1958, 'NOAO - National Optical Astronomy Observatory', 'http://www.noao.edu/kpno/', '950 N. Cherry Avenue, Tucson, Arizona 85719', 218, '520-318-8000', 'kpno@noao.edu', 31.958331, -111.596667, 'Near the summit of Kitt Peak, 88 km (55 miles) southwest of Tucson', 2096, 7, 6, 20, '', '', 9, '2012-05-09 13:36:18', '2012-11-21 18:14:26', 1, 0, 9),
(186, 'Klet'' Observatory', '046', 1957, 'funded by the South Bohemian Region', 'http://www.klet.org', 'Kleť Observatory, Zátkovo nábřeží 4, CZ-370 01 České Budějovice, Czech Republic', 56, '+420-380-123-327', 'klet@klet.cz', 48.863331, 14.288056, '', 1070, 5, 4, 2, '', '', 6, '2012-05-09 13:40:31', '2012-11-13 14:21:03', 1, 0, 6),
(187, 'Knínice', NULL, 2005, 'privately owned (Tomáš Janík)', '', 'Knínice 37400 02', 56, '420777039269', 'jazzer@centrum.cz', 50.733331, 14.002494, '', 460, 6, 2, 2, '', 'Observatory Rokycany, Observatory Teplice, Zdenek Moravec (Usti nad Labem), ', 6, '2012-05-09 14:09:51', '2012-07-25 11:04:45', 1, 0, 6),
(188, 'KOSMA - Kölner Observatorium für Submillimeter-Astronomie', NULL, 1967, 'I. Physikalisches Institut, Universität zuKöln', 'http://www.astro.uni-koeln.de/kosma', 'Gornergrat, CH-3920 Zermatt', 200, '+41-279-672715', 'stutzki@ph1.uni-koeln.de', 45.984442, 7.785831, '', 3135, 7, 8, 2, '', '', 6, '2012-05-09 14:18:57', '2012-05-09 14:26:54', 1, 0, 6),
(189, 'Kvistaberg Observatory', '049', 0, 'Department of Physics and Astronomy, Uppsala University', 'http://www.astro.uu.se/history/Kvistaberg.html', 'Kvistabergs observatorium, SE-197 91 BRO, Sweden', 199, '(+44) 018 - 471 5983', '', 59.501667, 17.606667, '45 km North-West of Stockholm', 0, 7, 8, 1, 'no active research', 'Uppsala Astronomical Observatory, ', 6, '2012-05-09 14:35:21', '2012-11-13 14:19:17', 1, 0, 6),
(191, 'Land of Oz Observatory', NULL, 2003, 'private person (Ron Abbott)', 'http://www.astrolandofoz.com', '', 218, '', 'rnrse71@kc.rr.com', 0.000000, 0.000000, 'Kansas, USA', 319, 3, 4, 18, '', '', 6, '2012-05-09 14:59:54', '2012-05-09 15:07:47', 1, 0, 6),
(192, 'LBO - Las Brisas Observatory', '', 1972, 'Private', 'http://www.teuton.lbo.org', 'PO Box 6069', 218, '1 719 6322829', 'lbosky@aol.com', 38.876667, -105.277219, '', 2615, 4, 2, 7, '', '', 6, '2012-05-09 15:30:08', '2012-11-23 13:03:01', 1, 0, 9),
(193, 'WIYN Observatory (Kitt Peak)', NULL, 1994, 'National Optical Astronomy Observatory - NOAO', 'http://www.wiyn.org/', 'WIYN Observatory 950 N Cherry Ave, Tuscon AZ 85719', 218, '+01-520-318-8396', 'nbird@noao.edu', 31.957492, -111.600800, '', 2096, 7, 6, 20, '', '', 9, '2012-05-22 16:35:42', '2012-05-22 17:52:16', 1, 0, 9),
(194, 'NOT - Nordic Optical Telescope', '', 1984, 'Nordic Optical Telescope Scientific Association (NOTSA)', 'http://www.not.iac.es', 'Apartado 474, E-38700 Santa Cruz de La Palma, Santa Cruz de Tenerife', 192, '+34-922-425-470', 'staff@not.iac.es', 28.757228, -17.885006, '', 2382, 7, 6, 1, '', '', 9, '2012-05-23 13:08:44', '2012-11-23 13:04:19', 1, 0, 9),
(196, 'Golden Hill Observatory', 'J77', 2003, 'British Astronomical Association', '', 'Grange Cottage, Golden Hill, Stourton Caundle, Dorset DT10 2JP', 217, '441963364651', 'rmiles.btee@btinternet.com', 50.930842, -2.405278, 'south-west England, west of Salisbury', 75, 6, 1, 1, 'active research', '', 24, '2012-06-10 22:34:39', '2012-11-13 12:21:27', 1, 0, 6),
(197, 'Leest Observatory', NULL, 1990, 'Private Person', 'http://www.maartenvanleenhove.be', '', 21, '0032 498 91 17 15', 'maarten.vanleenhove@telenet.be', 0.000000, 0.000000, '', 20, 7, 8, 3, '', '', 6, '2012-06-28 15:11:17', '2012-06-28 15:13:24', 1, 0, 6),
(198, 'Leoncito Astronomical Complex', '829', 1983, 'CONICET - National Scientific and Technical Research Council', 'http://www.casleo.gov.ar/', 'Complejo Astronómico El Leoncito (CASLEO),  Av. España 1512 sur - Casilla de correo 467,  J5402DSP - San Juan - Argentina', 10, '+54-264-4213653', '', -31.798606, -69.296106, '', 2552, 7, 8, 16, '', '', 6, '2012-06-28 15:18:48', '2012-11-13 12:21:04', 1, 0, 6),
(199, 'Lick Observatory', '662', 1960, 'University of California', 'http://mthamilton.ucolick.org/', '', 218, '', '', 37.341389, -121.642778, 'Mt. Hamilton, East of San Jose, California', 1276, 7, 7, 1, '', '', 6, '2012-07-02 11:08:26', '2012-11-13 12:20:25', 1, 0, 6),
(200, 'Liverpool Telescope (Roque de los Muchachos Observatory)', NULL, 2003, 'Liverpool John Moores University', 'http://telescope.livjm.ac.uk/', 'LT Support Astronomer, Astrophysics Research Institute, Liverpool John Moores University, Egerton Wharf, Birkenhead, CH41 1LD', 192, '+44 (0)151 231 2949', 'phase1@astro.livjm.ac.uk', 28.762339, -17.879247, '', 2363, 7, 8, 1, '', '', 6, '2012-07-02 12:19:53', '2012-07-02 12:42:10', 1, 0, 6),
(201, 'Lomnicky Stit Observatory', NULL, 1964, 'Astronomical Institute, Slovak Academy of Sciences', 'http://www.astro.sk/l3.php?p3=lso', 'Astronomical Institute, Slovak Academy of Sciences, SK-05960', 186, '421-52-7879171', 'rybak@astro.sk', 49.195142, 20.213169, '', 2632, 6, 3, 2, '', '', 6, '2012-07-02 14:21:24', '2012-07-02 14:54:45', 1, 0, 6),
(202, 'Lomnicky Stit Neutron Monitor', NULL, 1957, 'Institute of Experimental Physics, Slovak Academy of Sciences', 'http://neutronmonitor.ta3.sk', 'IEP SAS, Watsonova 47', 186, '++421 55 6224554', 'kkudela@kosice.upjs.sk', 49.200000, 20.219719, '', 2634, 7, 8, 2, '', 'Several partners, in Europe for example the list of neutron monitors included in NMDB project can be found at http://www.nmdb.eu/?q=node/8, ', 6, '2012-07-02 14:53:20', '2012-07-02 14:55:50', 1, 0, 6),
(203, 'Lowell Observatory', '690', 1894, 'Private - Friends of Lowell', 'http://www.lowell.edu/', 'LOWELL OBSERVATORY, 1400 West Mars Hill Road, Flagstaff AZ-86001', 218, '(928) 774-3358', 'info@lowell.edu', 35.096831, -111.535842, '', 2206, 7, 8, 20, '', '', 6, '2012-07-02 15:10:59', '2012-11-13 12:19:47', 1, 0, 6),
(204, 'Lulin Observatory', 'D35', 1999, 'Graduated Institute of Astronomy, National Central University', 'http://www.lulin.ncu.edu.tw/english/index.htm', 'National Central University, Yu-Shan National Park, Chung-Li 32054 ROC', 201, '', '', 23.468606, 120.873606, '', 2862, 7, 8, 9, '', '', 6, '2012-07-02 16:05:37', '2012-11-13 12:19:01', 1, 0, 6),
(205, 'Madonna di Dossobuono', '560', 1978, 'private person', 'http://obs560.interfree.it/', 'via Mantovana 130e, Madonna die Dossobuono, 37062 Verona, Italy', 103, '39045953993', 'francylai@tin.it', 45.407442, 10.964331, '', 65, 5, 2, 2, '', '', 6, '2012-07-02 16:25:42', '2012-11-12 12:26:36', 1, 0, 6),
(206, 'Magdalena Ridge Observatory', 'H01', 1999, 'United States Naval Research Laboratory', 'http://www.mro.nmt.edu', 'Magdalena Ridge Observatory, New Mexico Tech Research Office Building, 101 East Road ,87801 ,Socorro NM87801', 218, '(575) 835 - 6431', 'info@mro.nmt.edu', 33.976667, -107.184717, '', 3230, 7, 8, 20, '', '', 6, '2012-07-02 16:43:12', '2012-11-13 12:18:20', 1, 0, 6),
(207, 'MAGIC - Major Atmospheric Gamma-ray Imaging Cherenkov telescopes (Roque de los Muchachos Observatory)', NULL, 2003, 'MAGIC Collaboration', 'http://wwwmagic.mppmu.mpg.de/', ',,,La Palma', 192, '+34 628 135 143', '', 28.761942, -17.890000, 'Spain; LAT:17?43''; LON:28?46'' N; Rain:; Nights:', 2200, 7, 8, 1, '', '', 6, '2012-07-03 11:50:50', '2012-07-03 12:10:42', 1, 0, 6),
(208, 'Mandi Observatory', 'B28', 1990, 'private person', '', 'via dei Brazzà, 23I-33010', 103, '39.0432-570892', 'corelli@conecta.it', 46.096942, 13.183606, 'Near Udine, Italy', 140, 6, 3, 2, '', '', 6, '2012-07-03 12:13:48', '2012-11-13 12:17:33', 1, 0, 6),
(209, 'Martz Observatory', NULL, 1956, 'Marshal Martz Memorial Astronomical Association, Inc.', 'http://www.martzobservatory.org', '176 Robbin Hill Rd., Frewsburg, NY', 218, '716-569-3689', 'martzobservatory@hotmail.com', 42.008331, -79.066389, '', 0, 7, 8, 18, '', '', 6, '2012-07-03 14:01:20', '2012-07-03 15:19:16', 1, 0, 6),
(210, 'Marc Delcroix''s Observatory', NULL, 2004, 'Marc Delcroix', '', '2, rue de l''Ardèche', 73, '+33 (5) 61 06 72 86', 'delcroix.marc@free.fr', 43.583075, 1.326231, '', 163, 6, 3, 2, '', '', 3, '2012-07-03 14:18:51', '2012-07-03 15:01:42', 1, 0, 6),
(211, 'McDonald Observatory', '711', 0, 'University of Texas', 'http://www.as.utexas.edu/mcdonald/mcdonald.html', 'The University of Texas, McDonald Observatory, 2515 Speedway, Stop C1402, Austin, Texas78712-1206', 218, '(512) 471-3303', '', 30.671389, -104.022492, '', 2076, 7, 8, 19, '', '', 6, '2012-07-03 15:23:33', '2012-11-13 12:16:41', 1, 0, 6),
(212, 'Meadow View Observatory', NULL, 2008, 'Jim Collins', 'http://jimstar11.com', '1286 Valley Forge Drive', 218, '1-530-809-0444', 'jimstar11gps@yahoo.com', 39.773056, -121.818331, 'California', 74, 2, 4, 9, '', '', 6, '2012-07-03 16:40:21', '2012-07-03 16:48:44', 1, 0, 6),
(213, 'Metsähovi Radio Observatory', NULL, 1974, 'Aalto University', 'http://www.metsahovi.fi/', 'Metsähovintie 114, 02540 Kylmälä, Finland', 72, '+358 9 256 4831', 'admin@kurp.hut.fi', 60.218056, 24.393889, '35 km west of Helsinki', 61, 7, 8, 3, '', '', 6, '2012-07-04 12:04:45', '2012-07-04 12:18:25', 1, 0, 6),
(214, 'Michael Adrian Observatory', '239', 1997, 'Astronomie Stiftung Trebur', 'http://homepages.fh-friedberg.de/jomo/t1t.htm', 'Fichtenstrasse 7', 81, '49614750000', 't1t@gmx.de', 49.925442, 8.411417, '', 103, 3, 2, 2, '', '', 6, '2012-07-04 12:20:02', '2012-11-13 12:16:00', 1, 0, 6),
(215, 'Moletai Astronomical Observatory', '152', 1991, 'Institute of Theoretical Physics and Astronomy of Lithuania, Vilnius University', 'http://www.itpa.lt/mao/', 'Moletu AO Moletai a/d Nr. 8, LT 4150 Lithuania', 118, '+370 383 45 444', 'mao@astro.lt', 55.315831, 25.563331, '', 200, 7, 8, 3, '', '', 6, '2012-07-09 13:29:59', '2012-11-13 12:15:39', 1, 0, 6),
(216, 'OMM - Observatoire du Mont-Mégantic', '301', 1978, 'University of Montreal', 'http://www.astro.umontreal.ca/omm/', 'Observatoire du Mont-Mégantic, Département de Physique, Université de Montréal, C.P. 6128, Succ. Centre-Ville, Montréal, QC, Canada H3c 3J7', 38, '514-343-6667', 'doyon@astro.umontreal.ca', 45.454994, -71.153331, '', 1111, 7, 8, 1, '', '', 6, '2012-07-09 14:06:36', '2012-11-13 12:15:18', 1, 0, 6),
(217, 'Monte Mario Observatory', NULL, 1923, 'Rome Astronomical Observatory', 'http://www.mporzio.astro.it/?lang=en', 'Sede di Monte Mario, Viale del Parco Mellini, 84, 00136 Rome', 103, '++39-06-35533', '', 41.922494, 12.452500, '', 139, 7, 8, 1, '', '', 6, '2012-07-09 14:37:37', '2012-07-20 11:49:04', 0, 1, 6),
(218, 'Morehead State University Observatory', NULL, 0, 'Department of Physics and Astronomy, University of North Carolina at Chapel Hill', 'http://www.physics.unc.edu/research/astro/morehead.php', '', 218, '(919) 962-2078', 'dept@physics.unc.edu', 0.000000, 0.000000, 'Chapel Hill, North Carolina', 0, 7, 8, 1, '', '', 6, '2012-07-09 15:06:19', '2012-07-09 15:08:47', 1, 0, 6),
(219, 'Mopra', NULL, 0, 'CSIRO Astronomy and Space Science Divison', 'http://www.narrabri.atnf.csiro.au/mopra/', 'CSIRO Australia Telescope, Locked Bag 194,NSW 2390, Coonabarabran', 13, '(+61) 02 6790 4093', '', -31.267778, 149.099442, '', 866, 7, 8, 12, '', 'Part of Australia Telescope National Facility (ATNF); part of the Australian Long Baseline Array, ', 6, '2012-07-09 15:15:35', '2012-07-09 15:31:31', 1, 0, 6),
(220, 'SMT - Heinrich Hertz Submillimeter Telescope (MGIO - Mount Graham International Observatory)', NULL, 1989, 'Aritona Radio ObservatoryUniversity of Arizona', 'http://mgpc3.as.arizona.edu/', 'UofA - MGIO,1480 West Swift Trail,85546,Safford AZ85546', 218, '928-428-2739', '', 32.701608, -109.891242, 'USA; LAT:109?53'' W; LON:32?42''4.69''''N; Rain:; Nights:', 3174, 7, 8, 20, '', '', 6, '2012-07-09 15:38:22', '2012-07-09 15:58:36', 1, 0, 6),
(221, 'Mount Laguna Observatory', NULL, 1968, 'Department of Astronomy, San Diego State University', 'http://mintaka.sdsu.edu/', '', 218, '(619) 594-6182', 'astro@mintaka.sdsu.edu', 32.842392, -116.427800, '45 miles East of San Diego', 1859, 7, 8, 21, '', '', 6, '2012-07-09 16:00:32', '2012-07-19 12:01:40', 1, 0, 6),
(222, 'Mount Wilson Observatory', '672', 1904, 'Mount Wilson Institute', 'http://www.mtwilson.edu/', 'Dave Jurasevich, Superintendent, Mt. Wilson Observatory,  466 Foothill Blvd, #327, La Canada, CA 91011', 218, '(626) 440-9016', '', 34.223756, -118.061642, 'Near Pasadena, California', 1742, 7, 8, 21, '', '', 6, '2012-07-19 12:18:50', '2012-11-13 12:14:15', 1, 0, 6),
(223, 'Mullard Radio Astronomy Observatory', NULL, 1957, 'Cambridge University', 'http://www.mrao.cam.ac.uk/', 'Astrophysics Group, Cavendish Laboratory, JJ Thomson Avenue, Cambridge CB3 0HE', 217, '+44 (0)1223 337294', 'K.Scrivener@mrao.cam.ac.uk', 52.167400, 0.032639, '', 0, 7, 8, 1, '', '', 6, '2012-07-19 15:19:14', '2012-07-20 11:42:41', 1, 0, 6),
(224, 'MDM Observatory (Kitt Peak)', '697', 1975, 'University of Michigan, Dartmouth College, the Ohio State University, Columbia University, Ohio University', 'https://dept.astro.lsa.umich.edu/obs/mdm/', 'MDM Observatory c/o NOAO  (Mailstop MDM), 950 N. Cherry Ave, Tucson, AZ 85719', 218, '520-318-8661', '', 31.951667, -111.615831, '', 1939, 7, 8, 20, '', 'KPNO - Kitt Peak National Observatory, ', 9, '2012-07-20 10:15:38', '2012-11-21 16:50:21', 1, 0, 9),
(225, 'Steward Observatory (Kitt Peak)', '692', 1916, 'University of Arizona', 'http://www.as.arizona.edu/', 'Department of Astronomy/Steward Observatory 933 North Cherry Avenue, Rm. N204, Tucson, AZ 85721', 218, '(520) 318-8642', 'psmith@as.arizona.edu', 31.962792, -111.600292, '', 2000, 7, 8, 20, '', 'The Steward Observatory manages three different observing locations in southern Arizona: Mount Graham International Observatory (MGIO), Mount Lemmon Observatory, and Catalina Station on Mount Bigelow. It also operates telescopes at two additional observatories: Kitt Peak National Observatory (KPNO) and the Fred Lawrence Whipple Observatory on Mount Hopkins., ', 9, '2012-07-20 10:16:34', '2012-11-22 17:57:14', 0, 1, 9),
(226, 'My Prescioussss Observatory', NULL, 1997, 'Private', 'http://alancastillo.com/observatory.html', 'Xemxija SPB4110', 127, '', 'alancastillo1@hotmail.com', 35.948667, 14.381992, '', 25, 7, 8, 2, '', '', 6, '2012-07-20 11:53:02', '2012-07-20 12:10:24', 1, 0, 6),
(227, 'Nançay Radio Astronomy Facility', NULL, 1965, 'Paris Observatory', 'http://www.obs-nancay.fr/en/', 'Station de Radioastronomie de Nançay, 18330 Nançay, France', 73, '+33 2 48 51 82 41', 'communication@obs-nancay.fr', 47.383331, 2.200000, '', 0, 7, 8, 2, '', '', 6, '2012-07-20 12:16:14', '2012-07-20 12:52:34', 1, 0, 6),
(228, 'Nanjing University Astronomy Department', NULL, 0, 'Chinese National Science Foundation', 'http://www.nairc.com/', 'Nanjing 210093, Jiangsu Province', 44, '025 85418454  ', 'zj@nairc.com', 32.057217, 118.768606, '', 120, 7, 8, 9, '', '', 6, '2012-07-20 12:58:45', '2012-07-20 13:04:28', 1, 0, 6),
(229, 'NANTEN2 Observatory (Llano de Chajnantor Observatory)', NULL, 1999, 'Nagoya and Osaka University, Seoul National University, KOSMA, Universität zu Köln, Argelander Institut, ETH Zürich, University of New South Wales, Universidad de Chile', 'http://www.astro.uni-koeln.de/nanten2/', '', 43, '', '', -22.969719, -67.702219, 'Pampa la Bola, Atacama desert', 4865, 7, 8, 17, '', '', 6, '2012-07-20 13:05:37', '2012-07-20 13:18:05', 1, 0, 6),
(230, 'NAO - Rozhen National Astronomical Observatory', '071', 1981, 'Institute of Astronomy of the Bulgarian Academy of Sciences', 'http://www.nao-rozhen.org/', '72 Tsarigradsko chaussee, blvd.', 33, '+359-[0]2-9741910', 'tbonev@astro.bas.bg', 41.692500, 24.738056, '15km near Chepelare', 1745, 6, 3, 3, '', '', 6, '2012-07-20 14:38:57', '2012-11-13 12:12:18', 1, 0, 6),
(231, 'Nikau Observatory', NULL, 2008, 'Andrew Skinner', 'http://www.nikauobservatory.com', '126 Maui Pomare Road', 148, '42984994', 'andrew@nikauobservatory.com', -40.037219, 175.914997, '', 0, 7, 8, 1, '', '', 6, '2012-07-20 15:47:26', '2012-07-20 16:07:58', 1, 0, 6),
(232, 'Nunki Observatory', NULL, 2004, 'private', 'http://www.nunki.gr/', '', 84, '0030-24270-23927', 'nikolaospaschalis@gmail.com', 39.166667, 23.500000, 'Skiathos Island', 36, 6, 3, 3, '', '', 6, '2012-07-23 10:28:53', '2012-07-23 10:52:43', 1, 0, 6),
(233, 'Observatori Binibequer Nou', NULL, 2007, 'ROSFA', 'http://www.obnhpa.com/', 'Apartado de correos 185', 192, '34-971-93-99-22', 'obsbinibequer@rosfa.com', 39.851942, 4.241108, '', 19, 6, 4, 2, '', '', 6, '2012-07-23 10:55:34', '2012-07-23 11:14:55', 1, 0, 6),
(234, 'Observatoire de Duines', NULL, 2001, 'private', 'http://astro.perroud-net.fr/observatoire.html', '', 73, '', 'site.valere@perroud-net.fr', 45.736389, 6.407497, '', 650, 6, 3, 3, '', '', 6, '2012-07-23 11:24:07', '2012-07-23 11:51:50', 1, 0, 6),
(235, 'Observatoire de Paris - Site de Meudon', '005', 1667, '', 'http://www.obspm.fr/', '5, place Jules Janssen, 92195', 73, '33 (1) 45 07 75 30', '', 48.805089, 2.231003, '', 162, 7, 8, 2, '', '', 6, '2012-07-23 11:53:24', '2012-11-13 12:11:06', 1, 0, 6),
(236, 'Observatoire de Vesqueville', '231', 1999, 'private person', 'http://www.astrosurf.com/vda', '8 rue de Fayet', 21, '', 'fvda@skynet.be', 50.004167, 5.397217, '', 475, 6, 2, 2, '', '', 6, '2012-07-23 13:38:16', '2012-11-13 12:10:34', 1, 0, 6),
(237, 'Observatori de l''Agrupació Astronòmica de Sabadell a Sabadell', NULL, 1993, 'Amateur Association', 'http://www.astrosabadell.org', 'Apartado de Correos , 50 08200 SABADELL', 192, '-7255432', 'astronomia@astrosabadell.org', 41.551106, 2.091389, '', 224, 6, 3, 2, '', '', 6, '2012-07-23 14:03:08', '2012-09-19 14:52:48', 1, 0, 6),
(238, 'Observatori El Vendrell', NULL, 2007, 'ROSFA', 'http://www.rosfa.com', 'C/Estornell 1, bl 6, 3-C', 192, '34610949094', 'observasantgervasi@gmail.com', 0.000000, 0.000000, '', 0, 7, 3, 2, '', '', 6, '2012-07-23 14:17:17', '2012-07-23 14:19:34', 1, 0, 6),
(239, 'Observatorio Astronómico MELAGA', NULL, 2000, 'Personal', 'httP://www.eduardoleyton.com/Astronomia', 'Poetas Chilenos, 1023 Maipu', 43, '56-9-9393007', 'eleytong@hotmail.com', -33.486389, -70.741667, 'Near Santiago de Chile', 457, 3, 3, 17, '', '', 6, '2012-07-23 14:27:57', '2012-07-23 14:40:56', 1, 0, 6),
(241, 'Observatory Samo Stopar', NULL, 1987, 'private person', 'http://www.observatory-stopar.com/', 'Samo StoparVitovlje 7', 187, '++386 41915877', 'samo.stopar@siol.net', 45.923889, 13.753606, '', 150, 7, 8, 2, '', '', 6, '2012-07-23 14:53:33', '2012-09-19 14:54:31', 1, 0, 6),
(242, 'Okayama Astrophysical Observatory, National Astronomical Observatory of Japan', '371', 1960, 'National Astronomical Observatory of Japan, National Institutes of Natural Sciences', 'http://www.oao.nao.ac.jp', 'Okayama Astrophysical Observatory, NAOJ, NINS, 3037-5 Honjo, Kamogata, Asakuchi, Okayama 719-0232, Japan', 105, '81-865-442155', 'oao-webmaster@oao.nao.ac.jp', 34.576106, 133.593889, '', 350, 6, 2, 10, '', '', 6, '2012-07-23 15:12:53', '2012-11-12 15:43:08', 1, 0, 6),
(243, 'Orange Observatory', NULL, 2003, 'private person', 'http://www.outters.fr/index.html', '', 73, '', 'nico.outters@libertysurf.fr', 0.000000, 0.000000, '', 1060, 6, 2, 2, '', '', 6, '2012-07-23 15:49:40', '2012-07-23 16:00:25', 1, 0, 6),
(244, 'Osservatorio Astronomico di Stia', 'A78', 1997, 'private person', 'http://giba44.interfree.it/', 'Viale 17 Partigiani N°5652017 Stia', 103, '3337942274', 'giba44@interfree.it', 43.804992, 11.716389, '', 500, 3, 3, 2, '', '', 6, '2012-07-23 16:01:22', '2012-11-12 12:22:23', 1, 0, 6),
(245, 'Osservatorio Astronomico Montagna Pistoiese', '104', 1990, 'private - Gruppo Astrofili Montagna Pistoiese', 'http://www.gamp-pt.net', 'Viale Panoramico 949', 103, '0573 622220 -3473213', 'luctesi@alice.it', 44.064167, 10.803750, '', 980, 5, 3, 2, '', 'Mazucato Michele michelemazzucato@tiscali.it;  Fagioli Giancarlo  gfagio@supereva.it, ', 6, '2012-07-23 16:19:55', '2012-11-12 15:39:22', 1, 0, 6),
(246, 'Owens Valley Observatory', NULL, 1958, 'Caltech', 'http://www.ovro.caltech.edu/', 'CARMA 100 Leighton Lane (P.O. Box 968), Big Pine CA93513', 218, '760-938-2075', '', 37.233889, -118.282217, '', 1222, 7, 8, 21, '', '', 6, '2012-07-23 16:48:18', '2012-07-23 17:07:31', 1, 0, 6),
(247, 'Parkes Observatory', NULL, 1961, 'CSIRO Astronomy and Space Science', 'http://www.parkes.atnf.csiro.au/', 'PO Box 276, Parkes, NSW 2870', 13, '(+61) 02 6861 1700', 'parkes@csiro.au', -32.999942, 148.262306, '20 km north of the town of Parkes, New South Wales', 415, 7, 8, 11, '', '', 6, '2012-07-23 17:17:05', '2012-07-24 11:36:06', 1, 0, 6),
(248, 'Palomar Observatory', NULL, 1928, 'Caltech', 'http://www.astro.caltech.edu/palomar/', 'Palomar Observatory, 35899 Canfield Road, Palomar Mountain, CA 92060-0200', 218, '(760) 742-2111', '', 33.355831, -116.863889, '', 1713, 7, 6, 21, '', '', 6, '2012-07-24 11:39:34', '2012-07-24 15:10:17', 1, 0, 6),
(249, 'ATCA - Australia Telescope Compact Array (Paul Wild Observatory)', NULL, 1989, 'CSIRO Astronomy and Space Science', 'http://www.narrabri.atnf.csiro.au/', 'CSIRO Australia Telescope, Locked Bag 194, Narrabri NSW 2390, AUSTRALIA', 13, '+61 02 6790 4000', 'narrabri@atnf.csiro.au', -30.313900, 149.562000, '25 km west of the town of Narrabri', 209, 7, 8, 11, '', 'Part of the Australia Telescope National Facility', 6, '2012-07-25 10:20:19', '2012-07-25 11:41:19', 1, 0, 6),
(250, 'Pico dos Dias Observatory', NULL, 0, 'LNA - Laboratório Nacional de Astrofisica', 'http://www.lna.br/opd/opd.html', 'Minas Gerais', 30, '+55 35 3621-2121', '', -22.534442, -45.582500, '', 1864, 7, 8, 16, '', '', 6, '2012-07-25 11:52:09', '2012-07-26 13:48:50', 1, 0, 6),
(251, 'Pisgah Astronomical Research Institute', NULL, 0, 'PARI', 'http://www.pari.edu/', 'Pisgah Astronomical Research Institute 1 PARI Drive Rosman,,28772,NC28772', 218, '828-862-5554', 'dclavier@pari.edu', 35.199592, -82.872392, '', 914, 7, 8, 18, '', '', 6, '2012-07-25 13:49:16', '2012-07-25 15:25:49', 1, 0, 6),
(252, 'Piszkéstetői Station', '461', 1958, 'Konkoly Observatory', 'http://www.konkoly.hu/', 'P.O.Box 67, H-1525 Budapest, Mátra Mountains', 97, '(36-1) 391-9322', 'balazs@konkoly.hu', 47.917431, 19.893781, '', 960, 7, 8, 2, '', 'Konkoly Observatory, ', 6, '2012-07-25 15:30:40', '2012-11-12 15:18:11', 1, 0, 6),
(253, 'Plateau de Bure Interferometer', NULL, 1989, 'IRAM (Institut de Radioastronomie Millimétrique)', 'http://www.iram-institute.org/EN/plateau-de-bure.php?ContentID=3&rub=3&srub=0&ssrub=0&sssrub=0', '300 rue de la Piscine', 73, '0033-476824900', 'info@iram.fr', 44.633889, 5.907792, 'France; LAT:44:38:02.0 North; LON:05:54:28.5 East; Rain:; Nights:', 2550, 7, 8, 1, '', 'IRAM 30-meter telescope (also operated by IRAM), ', 6, '2012-07-25 15:39:27', '2012-07-25 15:46:48', 1, 0, 6),
(254, 'Pope Silvester II Astronomical Observatory', NULL, 2009, 'Foundation of development and popularization of natural sciences &quot;Galileo&quot; and Brojce Commune ', 'http://www.bukowiecobservatory.pl', 'Obserwatorium Astronomiczne im. Papieża Sylwestra II w Bukowcu, Bukowiec, ul. Szkolna 3', 165, '48698714080', 'astromax@poczta.onet.pl', 51.691242, 19.675556, '', 210, 5, 2, 2, '', '', 6, '2012-07-25 15:50:23', '2012-07-26 11:41:35', 1, 0, 6),
(255, 'Prairie Pass Observatory', '', 2005, 'Privately owned (Ken Florentine)', 'http://prairiepassobservatory.com', '901 Prairie Pass', 218, '', 'kenflorentine@yahoo.com', 33.320000, -82.090000, '', 200, 3, 4, 18, '', '', 6, '2012-07-26 13:50:20', '2012-11-12 15:01:39', 1, 0, 6),
(256, 'PMO - Purple Mountain Observatory', NULL, 1934, 'CAS - Chinese Academy of Sciences', 'http://english.pmo.cas.cn/', 'Purple Mountain Observatory CAS, 2 west Beijing Road, Nanjing, 210008, The People''s Republic of China', 44, '0086 25 8333 2000', '', 32.066667, 118.824717, '', 267, 7, 8, 9, '', '', 6, '2012-07-26 14:05:55', '2012-07-26 14:53:15', 1, 0, 6),
(257, 'Qinghai Station of PMO', NULL, 0, 'PMO - Purple Moutain Observatory, CAS - Chinese Academy of Sciences', 'http://english.dlh.pmo.cas.cn/', '26 Box Branch Post Office People Road, Delingha, Qinghai, China', 44, '86-977-8221935', 'cnaodlh@public.xn.qh.cn', 37.373325, 97.560000, '', 3200, 7, 8, 9, '', '', 6, '2012-07-26 14:51:33', '2012-07-26 15:19:03', 1, 0, 6),
(258, 'Radio Astronomy Center', NULL, 1970, 'National Centre for Radio Astrophysics, Tata Institute of Fundamental Research', 'http://rac.ncra.tifr.res.in/', 'Radio Astronomy Centre, National Centre for Radio Astrophysics, Tata Institute of Fundamental Research, Post Box 8,  Udhagamandalam (Ooty) - 643 001, India', 99, '(91-423) 2550334', 'www@ncra.tifr.res.in', 11.383403, 76.666156, '', 2240, 7, 8, 6, '', '', 6, '2012-07-26 15:20:18', '2012-07-26 15:40:04', 1, 0, 6),
(259, 'Red Barn Observatory MPC-H68', 'H68', 2006, 'Private Person', 'http://www.cometary.net', '865 WB Parks Road, Georgia, USA', 218, '', 'sefarmer@cometary.net', 31.387967, -83.651981, '', 107, 4, 4, 17, '', '', 6, '2012-08-23 11:22:13', '2012-11-12 14:01:35', 1, 0, 6),
(260, 'LCO - Las Campanas Observatory', 'I05', 1971, 'Carnegie Institute for Science', 'http://www.lco.cl', 'Las Campanas Observatory, Carnegie Institution of Washington, Colina El Pino Casilla 601 La Serena, Chile', 43, '56-51-207301', '', -29.014600, -70.692592, '', 2380, 7, 8, 17, '', '', 6, '2012-08-23 12:23:59', '2012-11-12 14:01:07', 1, 0, 6),
(261, 'MERLIN - Multi-Element Radio Linked Interferometer Network', '', 0, 'Jodrell Bank Observatory, University of Manchester, on behalf of STFC - Science and Technology Facilities Council', 'http://www.merlin.ac.uk/', 'MERLIN/VLBI National Facility University of Manchester, Jodrell Bank Observatory, Macclesfield, Cheshire SK11 9DL, United Kingdom', 217, '+44 (0) 1477 571321', 'merlin@jb.man.ac.uk', 0.000000, 0.000000, '', 0, 7, 8, 1, '', '', 6, '2012-08-27 12:02:03', '2012-11-19 13:20:31', 1, 0, 6),
(262, 'Gauribidanur Observatory', NULL, 1948, 'Raman Resarch Institute; Indian Institute of Astrophysic', 'http://www.iiap.res.in/centers/radio', 'Bangalore-34,,560080,Karnataka560080', 99, '340123', '', 13.599719, 77.439719, '100 km north of Bengaluru', 500, 7, 8, 6, '', '', 6, '2012-08-27 12:14:14', '2012-08-27 13:24:50', 1, 0, 6),
(263, 'Cockfield Observatory IAU 480', NULL, 0, '', '', '', 217, '', 'martin.mobberley@btinternet.com', 52.166389, 0.773331, '', 0, 7, 8, 1, '', '', 25, '2012-09-24 10:48:25', '2012-10-10 12:11:22', 1, 0, 6),
(264, 'Tarbatness Observatory IAU CODE I81', NULL, 2010, 'private observatory', '', 'Templecroft Tarbatness Road Portmahomack IV20 1RD United Kingdom', 217, '01862871187', 'buczynski8166@btinternet.com', 57.843914, -3.798889, 'Tarbatness peninsula in Highland Scotland.', 122, 6, 3, 1, 'active in cometary astrometry', '', 26, '2012-09-24 15:18:31', '2012-10-10 12:10:50', 1, 0, 6),
(265, 'The Isle of Man Observatory', NULL, 1999, 'The Isle of Man Astronomical Society', 'http://iomastronomy.org', '', 217, '', '', 54.177794, -4.617494, '', 195, 7, 8, 1, 'active research and public outreach', '', 27, '2012-09-24 19:23:35', '2012-10-10 12:08:54', 1, 0, 6),
(266, 'Privately owned', '', 1987, 'Privately owned facility', 'http://www.nickdjames.com', 'Chelmsford', 217, '', 'ndj@nickdjames.com', 51.745042, 0.493494, 'Chelmsford', 45, 7, 8, 1, 'Active', '', 29, '2012-09-24 22:07:24', '2012-11-22 16:20:35', 1, 0, 9),
(267, 'DARO', NULL, 2006, 'privately owned facility', 'http://www.radio-astronomie.de', '46499 Hamminkeln, Tulpenstr. 3', 81, '+4928529236', 'radioastronomie@dl6ebs.de', 51.766667, 6.616667, '', 42, 7, 1, 2, 'working condition', '', 20, '2012-10-18 19:22:37', '2012-10-18 19:29:07', 1, 0, 6),
(268, 'Roll-off-roof - Pedro Re''', '', 1978, 'private', 'http://astrosurf.com/re', '', 166, '', 'pedro.re@netcabo.pt', 39.141814, -8.687831, 'Central Portugal', 16, 2, 3, 1, '', '', 6, '2012-11-14 16:17:33', '2012-11-14 16:28:14', 1, 0, 6),
(269, 'Rott''n Paws Observatory', '', 2005, 'Charles A. JAGOW', 'http://www.jagowds.com/_jap/jap_obs_1.shtml', '1204 Saddleback Landing', 218, '', 'rottnpaws@jagowds.com', 36.773056, -76.225278, 'Virginia, USA', 3, 6, 2, 18, '', '', 6, '2012-11-14 16:40:16', '2012-11-19 13:05:42', 1, 0, 6),
(270, 'Mount Stromlo Observatory', '', 1980, 'RSAA - Research School of Astronomy and Astrophysics', 'http://rsaa.anu.edu.au/observatories/mount-stromlo-observatory', 'Research School of Astronomy & Astrophysics, Mount Stromlo Observatory, Cotter Road, Weston Creek, ACT 2611, Australia', 13, '', '', -35.320278, 149.006942, '18km southwest of the centre of Canberra', 0, 7, 8, 1, 'Damaged due to the 2003 Canberra firestorm.', 'Siding Spring Observatory', 6, '2012-11-19 13:35:29', '2012-11-19 13:39:24', 1, 0, 6),
(271, 'Saji Observatory', '867', 0, '', 'http://www.saji.city.tottori.tottori.jp/saji103/', 'Saji, Tottori, Japan', 105, '', '', 35.342364, 134.119569, '', 0, 7, 8, 10, '', '', 6, '2012-11-19 13:41:22', '2012-11-19 17:33:10', 1, 0, 6),
(272, 'Sendai Astronomical Observatory', '', 0, '', 'http://www.sendai-astro.jp/', '989-3123 9-29-32, Nishikigaoka, Aoba-ku, Sendai-shi, Miyagi', 105, '022-391-1300', '', 38.256667, 140.755556, '', 0, 7, 8, 10, '', '', 6, '2012-11-19 17:59:40', '2012-11-19 18:01:05', 1, 0, 6),
(273, 'Shanghai Astronomical Observatory (She Shan Station)', '', 1962, 'Chinese Academy of Sciences', 'http://english.shao.cas.cn/fs/', '80 Nandon Road, 200030 Shanghai', 44, '86-21-64386191', 'jll@shao.ac.cn', 31.099167, 121.199722, '', 5, 7, 3, 9, '', '', 6, '2012-11-19 18:15:43', '2012-11-20 11:22:23', 1, 0, 6),
(274, 'Shorbulak Observatory (near Murgab)', '', 1987, 'Institute of Astrophysics of Academy of Sciences', '', '22, Bukhoro str.', 202, '-907814600', 'mnasredin@mail.ru', 37.924994, 74.154717, '', 4250, 3, 6, 6, '', '', 6, '2012-11-20 11:30:20', '2012-11-21 14:13:32', 1, 0, 6),
(275, 'Simeiz Observatory', '094', 1912, 'Crimean Astrophysical Observatory', 'http://www.crao.crimea.ua/index.php?lang=en', 'Crimean Astrophysical Observatory , Scientific Research institute, 98409, Crimea, Nauchny, Ukraine', 215, '+38 06554 71161', 'info@crao.crimea.ua', 44.418039, 33.997392, '', 600, 7, 8, 3, '', '', 6, '2012-11-20 11:54:52', '2012-11-21 16:38:23', 1, 0, 6),
(276, 'IceCube Neutrino Observatory', '', 2006, 'University of Wisconsin-Madison', 'http://icecube.wisc.edu/', 'Postal Address: 222 West Washington Avenue; Madison, WI 53703; USA // Location', 8, '+1.608.890.0548', 'contact-us@icecube.wisc.edu', -89.990000, -63.453056, 'South Pole', 0, 7, 8, 1, '', '', 6, '2012-11-21 17:15:56', NULL, 1, 0, 6),
(277, 'Sormano Astronomical Observatory', '587', 1985, 'private persons', 'http://www.brera.mi.astro.it/sormano/', 'localita'' colma del piano', 103, '+39 031 684773', 'sormano@tin.it', 45.883858, 9.230247, '', 0, 7, 8, 2, '', '', 6, '2012-11-21 17:39:30', '2012-11-21 17:41:00', 1, 0, 6),
(278, 'SOFIA - Stratospheric Observatory for Infrared Astronomy', '', 0, 'NASA, DLR', 'http://www.sofia.usra.edu/', '', 218, '', 'sofia_help@sofia.usra.edu', 0.000000, 0.000000, '', 12500, 7, 8, 1, '', '', 6, '2012-11-21 17:52:43', '2012-11-23 16:22:29', 1, 0, 9),
(279, 'SAAO - South African Astronomical Observatory (Sutherland Site)', 'B31', 1972, 'National Research Foundation of South Africa', 'http://www.saao.ac.za/', 'Postal Addres: P.O. Box 25, Sutherland 6920, South Africa // Physical Address: South African Astronomical Observatory, Old Fraserburg Road, Sutherland 6920, South Africa', 190, '(+27) 23 571 1205', 'enquiries@saao.ac.za', -32.378300, 20.810500, 'Near Sutherland, South-West of South Africa', 1759, 7, 8, 3, '', 'South African Astronomical Observatory (Cape Town Site), ', 6, '2012-11-21 18:04:57', '2012-11-22 18:48:19', 1, 0, 6),
(280, 'Steward Observatory (Mount Graham)', '', 0, 'University of Arizona', 'https://www.as.arizona.edu', '', 218, '', '', 32.701303, -109.892014, '', 3191, 7, 8, 20, '', 'The Steward Observatory manages three different observing locations in southern Arizona: Mount Graham International Observatory (MGIO), Mount Lemmon Observatory, and Catalina Station on Mount Bigelow. It also operates telescopes at two additional observatories: Kitt Peak National Observatory (KPNO) and the Fred Lawrence Whipple Observatory on Mount Hopkins., ', 9, '2012-11-21 18:10:14', '2012-11-22 17:52:51', 0, 1, 9),
(281, 'Steward Observatory (Mount Lemmon)', '', 1970, 'University of Arizona', 'http://www.as.arizona.edu/', '', 218, '', '', 32.441950, -110.789178, '', 2791, 7, 8, 20, '', 'The Steward Observatory manages three different observing locations in southern Arizona: Mount Graham International Observatory (MGIO), Mount Lemmon Observatory, and Catalina Station on Mount Bigelow. It also operates telescopes at two additional observatories: Kitt Peak National Observatory (KPNO) and the Fred Lawrence Whipple Observatory on Mount Hopkins. ', 9, '2012-11-22 16:02:16', NULL, 0, 1, 9),
(282, 'Steward Observatory (Catalina Station)', '', 0, '', '', '', 218, '', '', 0.000000, 0.000000, '', 0, 7, 8, 1, '', '', 9, '2012-11-22 16:04:45', NULL, 0, 1, 9),
(283, 'Steward Observatory (Mount Hopkins)', '', 0, '', '', '', 218, '', '', 0.000000, 0.000000, '', 0, 7, 8, 1, '', '', 9, '2012-11-22 16:06:57', NULL, 0, 1, 9),
(284, 'Cerro Tololo Inter-American Observatory', '807', 1962, 'National Optical Astronomy Observatory (NOAO)', 'http://www.ctio.noao.edu', 'Colina El Pino s/n Casilla 603 La Serena, CHILE', 43, '+56-51-205-200', 'ctio@noao.edu', -30.169656, 70.806517, 'Coquimbo Region, Chile', 2, 7, 8, 16, 'Active in research', 'Association of Universities for Research in Astronomy (AURA), ', 35, '2013-01-24 20:18:58', '2013-01-24 21:39:05', 0, 1, 35),
(285, 'Shamakhy Astrophysical Observatory (ShAO)', '', 1960, 'Azerbaijan National Academy of Sciences', 'http://www.shao.az/IHY/', '', 15, '', '', 40.772222, 45.634444, 'Approx 150 km from Baku', 1500, 7, 4, 1, '', '', 39, '2013-01-26 14:25:02', NULL, 0, 0, 39);

-- --------------------------------------------------------

--
-- Tabellenstruktur für Tabelle `observatory_to_research_areas`
--

CREATE TABLE IF NOT EXISTS `observatory_to_research_areas` (
  `observatory_id` int(10) unsigned NOT NULL,
  `research_area_id` int(10) unsigned NOT NULL,
  PRIMARY KEY (`observatory_id`,`research_area_id`),
  KEY `observatory_id_3` (`observatory_id`),
  KEY `research_area_id_1` (`research_area_id`)
) ENGINE=InnoDB DEFAULT CHARSET=utf8;

--
-- Daten für Tabelle `observatory_to_research_areas`
--

INSERT INTO `observatory_to_research_areas` (`observatory_id`, `research_area_id`) VALUES
(1, 9),
(1, 15),
(1, 19),
(1, 133),
(1, 139),
(2, 137),
(2, 140),
(3, 9),
(3, 138),
(4, 9),
(4, 11),
(4, 14),
(4, 15),
(4, 95),
(4, 134),
(5, 71),
(5, 133),
(5, 135),
(6, 135),
(7, 135),
(8, 135),
(9, 135),
(11, 11),
(11, 133),
(12, 11),
(12, 134),
(13, 15),
(13, 71),
(13, 131),
(13, 133),
(14, 133),
(14, 137),
(14, 138),
(14, 140),
(15, 11),
(15, 133),
(15, 135),
(16, 9),
(16, 95),
(16, 133),
(16, 134),
(16, 139),
(16, 140),
(17, 9),
(17, 14),
(17, 95),
(18, 71),
(19, 9),
(19, 14),
(19, 95),
(20, 133),
(21, 134),
(21, 135),
(22, 135),
(23, 71),
(23, 125),
(23, 133),
(23, 135),
(23, 136),
(24, 71),
(24, 135),
(24, 137),
(24, 138),
(25, 71),
(25, 140),
(26, 71),
(26, 140),
(27, 9),
(27, 71),
(28, 11),
(28, 140),
(29, 134),
(29, 135),
(30, 95),
(30, 140),
(32, 15),
(32, 140),
(33, 140),
(34, 14),
(34, 71),
(34, 95),
(34, 134),
(34, 135),
(35, 14),
(35, 71),
(36, 140),
(37, 140),
(38, 11),
(38, 140),
(39, 140),
(40, 140),
(41, 11),
(41, 140),
(42, 9),
(42, 15),
(42, 140),
(43, 11),
(43, 134),
(44, 9),
(44, 11),
(44, 67),
(44, 71),
(44, 133),
(44, 134),
(45, 9),
(45, 11),
(45, 71),
(45, 95),
(45, 134),
(45, 135),
(46, 11),
(46, 135),
(47, 11),
(48, 11),
(48, 14),
(48, 138),
(48, 140),
(49, 71),
(49, 134),
(49, 138),
(50, 9),
(50, 19),
(50, 133),
(51, 131),
(52, 71),
(52, 133),
(52, 139),
(53, 140),
(54, 133),
(55, 9),
(55, 14),
(55, 15),
(55, 19),
(55, 71),
(55, 131),
(55, 133),
(55, 137),
(55, 139),
(55, 140),
(56, 125),
(56, 137),
(57, 9),
(57, 131),
(58, 12),
(58, 67),
(58, 131),
(58, 133),
(58, 134),
(59, 71),
(59, 139),
(60, 11),
(60, 133),
(61, 9),
(61, 133),
(61, 138),
(61, 139),
(61, 142),
(62, 18),
(62, 131),
(62, 137),
(63, 9),
(63, 15),
(63, 67),
(63, 133),
(63, 140),
(64, 9),
(64, 15),
(64, 71),
(64, 133),
(65, 138),
(66, 9),
(66, 11),
(66, 133),
(67, 67),
(67, 133),
(68, 9),
(68, 11),
(68, 18),
(68, 19),
(68, 133),
(69, 67),
(70, 71),
(70, 138),
(71, 71),
(72, 9),
(72, 71),
(72, 138),
(73, 71),
(73, 133),
(73, 137),
(74, 9),
(74, 133),
(75, 133),
(75, 137),
(76, 133),
(76, 137),
(77, 18),
(77, 133),
(78, 9),
(78, 133),
(78, 139),
(79, 9),
(79, 19),
(79, 71),
(79, 139),
(80, 9),
(80, 71),
(81, 133),
(81, 140),
(82, 133),
(82, 137),
(83, 71),
(83, 95),
(83, 138),
(84, 9),
(84, 19),
(84, 71),
(84, 133),
(85, 14),
(85, 15),
(85, 137),
(86, 15),
(87, 14),
(87, 67),
(87, 95),
(87, 133),
(87, 138),
(88, 15),
(89, 9),
(90, 12),
(90, 15),
(90, 137),
(92, 14),
(92, 137),
(92, 138),
(93, 9),
(93, 14),
(94, 131),
(94, 140),
(95, 9),
(95, 11),
(95, 15),
(95, 67),
(95, 133),
(96, 18),
(96, 71),
(96, 133),
(97, 15),
(97, 131),
(98, 11),
(98, 14),
(98, 15),
(98, 71),
(98, 95),
(98, 137),
(99, 15),
(99, 131),
(99, 133),
(100, 131),
(101, 9),
(102, 9),
(102, 14),
(102, 137),
(103, 9),
(103, 95),
(103, 131),
(103, 138),
(104, 9),
(104, 11),
(104, 14),
(104, 15),
(104, 18),
(104, 125),
(104, 131),
(104, 133),
(104, 137),
(105, 9),
(105, 14),
(105, 15),
(105, 133),
(105, 137),
(105, 139),
(106, 131),
(107, 14),
(107, 95),
(107, 138),
(108, 131),
(110, 15),
(111, 9),
(111, 11),
(111, 14),
(111, 134),
(111, 137),
(112, 131),
(112, 133),
(112, 137),
(112, 138),
(113, 9),
(113, 133),
(113, 137),
(114, 14),
(114, 95),
(114, 138),
(115, 131),
(118, 131),
(120, 15),
(120, 131),
(121, 133),
(121, 138),
(122, 15),
(122, 131),
(123, 15),
(123, 131),
(123, 138),
(123, 140),
(124, 133),
(124, 140),
(125, 15),
(125, 131),
(125, 133),
(126, 71),
(126, 131),
(126, 138),
(127, 15),
(127, 133),
(127, 137),
(127, 138),
(128, 133),
(129, 15),
(129, 131),
(129, 140),
(130, 131),
(130, 133),
(131, 95),
(131, 131),
(131, 133),
(131, 138),
(132, 133),
(133, 15),
(133, 95),
(133, 134),
(133, 138),
(134, 133),
(134, 137),
(134, 138),
(135, 18),
(135, 71),
(135, 131),
(136, 15),
(136, 131),
(137, 14),
(137, 15),
(137, 71),
(137, 133),
(137, 138),
(139, 71),
(139, 133),
(139, 135),
(139, 139),
(140, 15),
(140, 142),
(141, 15),
(142, 131),
(143, 11),
(143, 14),
(143, 71),
(143, 137),
(143, 138),
(143, 142),
(145, 15),
(145, 71),
(145, 131),
(145, 133),
(145, 136),
(145, 138),
(145, 142),
(146, 131),
(147, 131),
(148, 9),
(148, 15),
(148, 18),
(148, 71),
(148, 131),
(148, 133),
(149, 9),
(149, 14),
(150, 14),
(150, 133),
(150, 135),
(150, 138),
(150, 142),
(151, 138),
(152, 131),
(153, 15),
(153, 71),
(153, 131),
(153, 133),
(153, 138),
(154, 133),
(155, 131),
(156, 15),
(156, 131),
(157, 15),
(157, 131),
(157, 133),
(158, 133),
(158, 135),
(159, 12),
(159, 15),
(159, 133),
(159, 140),
(160, 9),
(160, 14),
(160, 133),
(160, 138),
(161, 18),
(161, 133),
(161, 139),
(162, 134),
(163, 134),
(164, 15),
(164, 131),
(164, 133),
(164, 137),
(165, 9),
(165, 138),
(166, 9),
(166, 137),
(166, 138),
(167, 15),
(167, 131),
(168, 11),
(168, 15),
(168, 134),
(168, 142),
(169, 14),
(169, 15),
(169, 71),
(169, 95),
(169, 133),
(169, 135),
(169, 137),
(169, 138),
(170, 138),
(171, 9),
(171, 11),
(171, 67),
(171, 131),
(171, 133),
(172, 9),
(172, 14),
(172, 15),
(172, 18),
(172, 19),
(172, 131),
(172, 133),
(172, 138),
(172, 139),
(173, 11),
(173, 15),
(173, 67),
(173, 71),
(173, 131),
(173, 133),
(173, 137),
(174, 15),
(174, 131),
(175, 9),
(175, 131),
(175, 133),
(175, 137),
(175, 138),
(176, 12),
(176, 67),
(176, 71),
(176, 131),
(177, 11),
(178, 11),
(178, 15),
(178, 133),
(178, 135),
(178, 137),
(179, 15),
(180, 15),
(180, 131),
(181, 131),
(182, 131),
(183, 131),
(185, 131),
(186, 15),
(186, 95),
(186, 138),
(187, 14),
(187, 138),
(188, 131),
(188, 133),
(189, 15),
(191, 133),
(191, 138),
(191, 142),
(192, 138),
(193, 131),
(194, 9),
(194, 11),
(194, 14),
(194, 15),
(194, 133),
(194, 139),
(196, 14),
(196, 19),
(196, 67),
(196, 95),
(196, 137),
(196, 138),
(196, 140),
(197, 9),
(197, 133),
(197, 137),
(198, 11),
(198, 131),
(199, 131),
(200, 15),
(200, 131),
(200, 137),
(201, 11),
(202, 11),
(202, 133),
(202, 135),
(203, 9),
(203, 11),
(203, 15),
(203, 71),
(203, 125),
(203, 131),
(203, 133),
(203, 137),
(203, 138),
(204, 131),
(205, 9),
(205, 71),
(205, 138),
(206, 9),
(206, 12),
(206, 15),
(206, 71),
(206, 131),
(206, 133),
(206, 138),
(207, 133),
(208, 133),
(208, 138),
(209, 15),
(209, 131),
(210, 95),
(210, 135),
(210, 138),
(210, 142),
(211, 12),
(211, 15),
(211, 71),
(211, 95),
(211, 131),
(211, 133),
(211, 140),
(212, 131),
(212, 138),
(213, 11),
(213, 15),
(213, 67),
(213, 125),
(213, 137),
(214, 9),
(214, 14),
(214, 71),
(214, 133),
(214, 137),
(214, 138),
(215, 9),
(215, 15),
(215, 131),
(215, 133),
(215, 138),
(216, 15),
(216, 67),
(216, 131),
(216, 133),
(217, 11),
(217, 15),
(218, 15),
(218, 133),
(219, 67),
(219, 131),
(220, 19),
(220, 131),
(220, 133),
(220, 139),
(221, 15),
(221, 131),
(222, 11),
(222, 15),
(222, 131),
(223, 9),
(223, 67),
(223, 125),
(223, 131),
(223, 133),
(224, 131),
(225, 131),
(226, 133),
(226, 138),
(227, 11),
(227, 67),
(227, 131),
(227, 135),
(228, 11),
(229, 131),
(230, 9),
(230, 11),
(230, 14),
(230, 15),
(230, 71),
(230, 131),
(230, 137),
(230, 138),
(231, 131),
(232, 133),
(232, 138),
(233, 11),
(233, 14),
(233, 71),
(233, 95),
(233, 137),
(233, 138),
(234, 11),
(234, 71),
(234, 131),
(234, 137),
(234, 138),
(235, 9),
(235, 11),
(235, 15),
(235, 71),
(235, 125),
(235, 131),
(235, 133),
(236, 9),
(236, 14),
(236, 133),
(236, 137),
(236, 138),
(237, 14),
(237, 15),
(237, 131),
(237, 133),
(237, 137),
(237, 138),
(238, 133),
(238, 137),
(238, 138),
(239, 11),
(239, 15),
(239, 71),
(239, 138),
(241, 15),
(241, 134),
(241, 139),
(241, 142),
(242, 9),
(242, 15),
(242, 125),
(242, 131),
(242, 133),
(242, 137),
(242, 139),
(243, 9),
(243, 125),
(243, 133),
(244, 138),
(245, 14),
(245, 15),
(245, 95),
(245, 138),
(246, 11),
(246, 133),
(246, 140),
(247, 11),
(247, 15),
(247, 18),
(247, 19),
(247, 131),
(247, 133),
(248, 15),
(248, 131),
(248, 137),
(248, 140),
(249, 131),
(250, 15),
(250, 131),
(251, 9),
(251, 11),
(251, 15),
(251, 71),
(251, 131),
(251, 133),
(251, 135),
(251, 140),
(251, 142),
(252, 9),
(252, 139),
(253, 15),
(253, 19),
(253, 133),
(253, 139),
(254, 14),
(254, 15),
(254, 18),
(254, 71),
(254, 137),
(254, 138),
(254, 142),
(255, 133),
(255, 138),
(256, 71),
(256, 95),
(256, 125),
(256, 131),
(256, 133),
(256, 138),
(257, 11),
(257, 19),
(257, 71),
(257, 125),
(258, 9),
(258, 125),
(258, 131),
(258, 133),
(259, 14),
(259, 15),
(259, 95),
(259, 133),
(259, 137),
(259, 138),
(259, 142),
(260, 131),
(260, 137),
(261, 131),
(262, 131),
(263, 131),
(264, 131),
(264, 137),
(265, 14),
(265, 15),
(265, 131),
(265, 136),
(265, 138),
(265, 140),
(266, 95),
(266, 131),
(267, 11),
(267, 131),
(267, 135),
(268, 133),
(269, 15),
(269, 71),
(269, 131),
(269, 133),
(270, 67),
(270, 131),
(271, 131),
(272, 15),
(273, 12),
(273, 71),
(273, 95),
(273, 131),
(273, 133),
(274, 131),
(275, 9),
(275, 11),
(275, 71),
(275, 131),
(275, 133),
(276, 67),
(276, 133),
(277, 15),
(277, 67),
(277, 71),
(277, 95),
(277, 125),
(277, 131),
(277, 138),
(278, 133),
(279, 11),
(279, 131),
(279, 137),
(280, 131),
(281, 131),
(282, 131),
(283, 131),
(284, 15),
(284, 131),
(284, 133),
(284, 139),
(285, 9),
(285, 11),
(285, 138);

-- --------------------------------------------------------

--
-- Tabellenstruktur für Tabelle `observatory_to_scientific_contacts`
--

CREATE TABLE IF NOT EXISTS `observatory_to_scientific_contacts` (
  `observatory_id` int(10) unsigned NOT NULL,
  `scientific_contact_id` int(10) unsigned NOT NULL,
  PRIMARY KEY (`observatory_id`,`scientific_contact_id`),
  KEY `observatory_id_1` (`observatory_id`),
  KEY `scientific_contact_id_1` (`scientific_contact_id`)
) ENGINE=InnoDB DEFAULT CHARSET=utf8;

--
-- Daten für Tabelle `observatory_to_scientific_contacts`
--

INSERT INTO `observatory_to_scientific_contacts` (`observatory_id`, `scientific_contact_id`) VALUES
(1, 1),
(2, 15),
(3, 2),
(4, 3),
(4, 4),
(5, 5),
(12, 1098),
(12, 1099),
(20, 10),
(21, 11),
(27, 12),
(29, 13),
(30, 14),
(33, 16),
(34, 17),
(35, 18),
(36, 19),
(38, 20),
(40, 21),
(42, 22),
(43, 23),
(44, 24),
(45, 25),
(46, 26),
(47, 27),
(49, 28),
(50, 29),
(51, 30),
(52, 31),
(53, 32),
(61, 62),
(62, 63),
(63, 64),
(64, 65),
(67, 66),
(68, 158),
(70, 131),
(72, 132),
(72, 133),
(72, 134),
(73, 135),
(74, 136),
(74, 137),
(74, 138),
(77, 154),
(78, 155),
(78, 156),
(81, 157),
(83, 204),
(84, 205),
(85, 206),
(87, 207),
(92, 208),
(92, 209),
(93, 210),
(99, 211),
(100, 212),
(101, 213),
(101, 214),
(102, 215),
(104, 216),
(105, 219),
(106, 218),
(111, 220),
(111, 221),
(113, 222),
(114, 223),
(115, 224),
(120, 715),
(121, 716),
(123, 718),
(124, 719),
(126, 720),
(127, 721),
(128, 722),
(129, 723),
(132, 724),
(133, 725),
(133, 726),
(139, 728),
(143, 729),
(147, 731),
(149, 732),
(150, 733),
(151, 734),
(158, 735),
(160, 736),
(164, 738),
(165, 739),
(165, 740),
(165, 741),
(166, 742),
(166, 743),
(166, 744),
(167, 745),
(168, 746),
(169, 747),
(172, 748),
(172, 749),
(173, 750),
(175, 751),
(176, 752),
(178, 753),
(181, 754),
(186, 755),
(186, 756),
(188, 757),
(189, 758),
(192, 759),
(194, 760),
(196, 761),
(200, 762),
(201, 763),
(202, 764),
(202, 765),
(204, 766),
(205, 767),
(207, 768),
(208, 769),
(209, 770),
(209, 772),
(210, 771),
(213, 773),
(214, 774),
(215, 775),
(216, 776),
(216, 777),
(219, 778),
(226, 991),
(228, 1043),
(230, 1048),
(230, 1051),
(233, 1091),
(234, 1092),
(237, 1093),
(237, 1094),
(238, 1095),
(239, 1096),
(239, 1097),
(241, 1107),
(242, 1123),
(244, 1154),
(252, 1369),
(253, 1370),
(254, 1371),
(255, 1372),
(256, 1373),
(257, 1374),
(258, 1375),
(259, 1376),
(262, 1377),
(264, 1378),
(265, 1380),
(266, 1379),
(267, 1381),
(268, 1382),
(269, 1383),
(273, 1384),
(273, 1385),
(274, 1386),
(277, 1387),
(277, 1388);

-- --------------------------------------------------------

--
-- Tabellenstruktur für Tabelle `observatory_to_targets`
--

CREATE TABLE IF NOT EXISTS `observatory_to_targets` (
  `observatory_id` int(10) unsigned NOT NULL,
  `target_id` int(10) unsigned NOT NULL,
  PRIMARY KEY (`observatory_id`,`target_id`),
  KEY `observatory_id_7` (`observatory_id`),
  KEY `target_id_1` (`target_id`)
) ENGINE=InnoDB DEFAULT CHARSET=utf8;

--
-- Daten für Tabelle `observatory_to_targets`
--

INSERT INTO `observatory_to_targets` (`observatory_id`, `target_id`) VALUES
(2, 47),
(3, 31),
(3, 33),
(11, 45),
(13, 1),
(13, 3),
(13, 4),
(13, 5),
(13, 6),
(13, 9),
(13, 31),
(13, 45),
(14, 33),
(14, 47),
(16, 45),
(23, 1),
(23, 2),
(23, 3),
(23, 4),
(23, 5),
(23, 6),
(23, 7),
(23, 53),
(24, 31),
(24, 33),
(24, 34),
(24, 47),
(27, 33),
(28, 79),
(34, 33),
(34, 48),
(35, 31),
(35, 33),
(41, 45),
(44, 1),
(44, 2),
(44, 3),
(44, 4),
(44, 5),
(44, 6),
(44, 7),
(44, 31),
(44, 45),
(44, 47),
(44, 53),
(45, 31),
(45, 33),
(48, 31),
(48, 45),
(49, 31),
(52, 47),
(55, 36),
(56, 47),
(58, 2),
(60, 45),
(60, 47),
(60, 79),
(61, 31),
(61, 33),
(61, 34),
(61, 36),
(61, 47),
(61, 48),
(61, 53),
(62, 31),
(62, 47),
(62, 48),
(63, 45),
(64, 47),
(65, 33),
(66, 45),
(67, 45),
(67, 146),
(68, 45),
(68, 47),
(70, 36),
(72, 3),
(72, 4),
(72, 5),
(72, 6),
(72, 33),
(72, 48),
(73, 4),
(73, 5),
(73, 6),
(73, 7),
(73, 33),
(73, 47),
(73, 48),
(73, 146),
(82, 47),
(83, 31),
(83, 33),
(83, 54),
(84, 47),
(85, 47),
(87, 31),
(87, 33),
(87, 47),
(90, 4),
(90, 47),
(90, 54),
(92, 33),
(92, 36),
(92, 47),
(98, 31),
(98, 33),
(98, 34),
(98, 45),
(98, 47),
(99, 48),
(103, 31),
(103, 33),
(104, 47),
(105, 47),
(107, 33),
(111, 33),
(111, 45),
(111, 47),
(111, 48),
(112, 31),
(112, 33),
(112, 47),
(113, 45),
(114, 31),
(114, 33),
(118, 218),
(121, 31),
(121, 33),
(121, 36),
(123, 33),
(123, 34),
(123, 218),
(126, 218),
(127, 33),
(127, 47),
(127, 146),
(131, 31),
(131, 33),
(131, 219),
(133, 218),
(134, 31),
(134, 33),
(134, 47),
(136, 218),
(137, 31),
(137, 33),
(137, 219),
(139, 31),
(139, 219),
(140, 9),
(140, 48),
(143, 9),
(143, 31),
(143, 33),
(143, 36),
(143, 45),
(143, 47),
(143, 48),
(143, 146),
(143, 219),
(145, 218),
(146, 218),
(147, 218),
(148, 218),
(150, 31),
(150, 33),
(150, 36),
(150, 48),
(150, 146),
(153, 218),
(157, 54),
(159, 54),
(160, 33),
(163, 2),
(164, 47),
(164, 218),
(165, 31),
(165, 33),
(165, 34),
(166, 31),
(166, 33),
(166, 34),
(166, 47),
(168, 2),
(168, 9),
(168, 45),
(168, 48),
(169, 2),
(169, 33),
(169, 47),
(169, 146),
(170, 146),
(171, 45),
(172, 218),
(173, 45),
(173, 47),
(173, 219),
(175, 31),
(175, 33),
(175, 47),
(175, 146),
(176, 2),
(176, 54),
(177, 45),
(178, 45),
(186, 31),
(186, 33),
(186, 146),
(187, 33),
(187, 48),
(187, 219),
(191, 31),
(191, 33),
(191, 48),
(193, 218),
(196, 6),
(196, 7),
(196, 31),
(196, 33),
(196, 47),
(196, 53),
(196, 146),
(197, 47),
(198, 45),
(198, 218),
(199, 218),
(200, 47),
(200, 218),
(201, 45),
(202, 45),
(202, 79),
(203, 218),
(205, 9),
(205, 31),
(205, 33),
(205, 219),
(206, 33),
(206, 54),
(206, 219),
(211, 218),
(212, 9),
(212, 31),
(212, 219),
(213, 45),
(213, 47),
(214, 33),
(214, 47),
(214, 219),
(215, 33),
(222, 45),
(222, 218),
(226, 31),
(227, 4),
(227, 45),
(228, 45),
(230, 218),
(232, 9),
(232, 31),
(232, 45),
(232, 219),
(233, 9),
(233, 33),
(233, 45),
(233, 47),
(233, 219),
(234, 31),
(234, 33),
(234, 45),
(234, 47),
(234, 48),
(234, 219),
(235, 218),
(236, 31),
(236, 33),
(236, 47),
(236, 219),
(237, 218),
(238, 31),
(238, 33),
(238, 47),
(239, 9),
(239, 31),
(239, 33),
(239, 45),
(239, 79),
(242, 218),
(244, 31),
(244, 33),
(245, 31),
(245, 33),
(246, 45),
(251, 4),
(251, 9),
(251, 45),
(254, 31),
(254, 33),
(254, 48),
(255, 31),
(255, 33),
(256, 218),
(257, 5),
(257, 31),
(257, 33),
(257, 45),
(257, 48),
(258, 45),
(258, 79),
(259, 9),
(259, 33),
(259, 34),
(259, 47),
(259, 146),
(260, 47),
(260, 218),
(264, 31),
(264, 33),
(265, 9),
(265, 31),
(265, 33),
(265, 146),
(265, 219),
(266, 31),
(266, 33),
(267, 4),
(267, 34),
(267, 45),
(269, 9),
(269, 45),
(269, 219),
(273, 218),
(275, 218),
(277, 31),
(277, 33),
(277, 45),
(277, 219),
(279, 218);

-- --------------------------------------------------------

--
-- Tabellenstruktur für Tabelle `observatory_to_telescopes`
--

CREATE TABLE IF NOT EXISTS `observatory_to_telescopes` (
  `observatory_id` int(10) unsigned NOT NULL,
  `telescope_id` int(10) unsigned NOT NULL,
  PRIMARY KEY (`observatory_id`,`telescope_id`),
  KEY `observatory_id_2` (`observatory_id`),
  KEY `telescope_id_1` (`telescope_id`)
) ENGINE=InnoDB DEFAULT CHARSET=utf8;

--
-- Daten für Tabelle `observatory_to_telescopes`
--

INSERT INTO `observatory_to_telescopes` (`observatory_id`, `telescope_id`) VALUES
(1, 1661),
(2, 3620),
(2, 3621),
(2, 3622),
(2, 3623),
(2, 3624),
(3, 2962),
(4, 3145),
(4, 3146),
(5, 1455),
(6, 3604),
(6, 3605),
(7, 3600),
(8, 3601),
(8, 3602),
(9, 3603),
(10, 1147),
(11, 3093),
(11, 3094),
(11, 3095),
(11, 3096),
(11, 3097),
(11, 3098),
(11, 3099),
(11, 3100),
(12, 2608),
(12, 2609),
(13, 2614),
(13, 2615),
(14, 3124),
(14, 3125),
(15, 3185),
(15, 3186),
(15, 3187),
(16, 3177),
(16, 3178),
(16, 3179),
(16, 3180),
(16, 3181),
(16, 3182),
(16, 3183),
(16, 3184),
(17, 3598),
(17, 3599),
(18, 1339),
(18, 1340),
(18, 1341),
(19, 3101),
(19, 3102),
(19, 3103),
(20, 3631),
(20, 3632),
(21, 1604),
(21, 1605),
(21, 1606),
(22, 3172),
(22, 3173),
(22, 3174),
(23, 1521),
(23, 1522),
(23, 1523),
(23, 1524),
(24, 3170),
(24, 3171),
(25, 3169),
(26, 3166),
(26, 3167),
(26, 3168),
(27, 3165),
(28, 1607),
(28, 1608),
(28, 1609),
(28, 1610),
(29, 1365),
(30, 3122),
(30, 3123),
(32, 1368),
(32, 1369),
(32, 1370),
(33, 1371),
(33, 1372),
(34, 3164),
(35, 3162),
(35, 3163),
(36, 1376),
(36, 1377),
(37, 3160),
(37, 3161),
(38, 1613),
(38, 1614),
(38, 1615),
(39, 3120),
(39, 3121),
(40, 1385),
(40, 1386),
(41, 1387),
(41, 1388),
(42, 1674),
(42, 1675),
(42, 1676),
(42, 1677),
(42, 1678),
(43, 1394),
(44, 1651),
(44, 1652),
(44, 1653),
(44, 1654),
(44, 1655),
(44, 1656),
(45, 3108),
(45, 3109),
(45, 3110),
(46, 3158),
(46, 3159),
(47, 1397),
(48, 1398),
(48, 1399),
(49, 3157),
(50, 3152),
(50, 3153),
(50, 3154),
(51, 3155),
(51, 3156),
(52, 3593),
(52, 3594),
(52, 3595),
(52, 3596),
(52, 3597),
(53, 3613),
(53, 3614),
(54, 1413),
(55, 3626),
(56, 3137),
(57, 1509),
(58, 3051),
(58, 3052),
(59, 3606),
(60, 3050),
(61, 3111),
(61, 3112),
(61, 3113),
(61, 3114),
(62, 1629),
(62, 1630),
(63, 1422),
(63, 1423),
(64, 1424),
(64, 1425),
(64, 1426),
(64, 1427),
(65, 1467),
(65, 1468),
(66, 3068),
(66, 3069),
(66, 3070),
(66, 3071),
(67, 1433),
(67, 1434),
(67, 1435),
(68, 3615),
(68, 3616),
(68, 3617),
(68, 3618),
(69, 1581),
(69, 1582),
(70, 1440),
(71, 3619),
(72, 2189),
(73, 1687),
(73, 1688),
(74, 1446),
(75, 2975),
(75, 2976),
(75, 2977),
(76, 3627),
(77, 1636),
(78, 1447),
(79, 1448),
(80, 1637),
(80, 1638),
(81, 1639),
(81, 1640),
(82, 1641),
(83, 3611),
(84, 3625),
(85, 3612),
(86, 1454),
(87, 3607),
(88, 1596),
(89, 1527),
(90, 1495),
(90, 1496),
(92, 1536),
(93, 1533),
(93, 1534),
(93, 1535),
(94, 3634),
(94, 3635),
(94, 3636),
(94, 3637),
(95, 3132),
(96, 3143),
(97, 3129),
(97, 3130),
(97, 3131),
(98, 3133),
(98, 3134),
(99, 2925),
(99, 2926),
(100, 1588),
(101, 3128),
(102, 3144),
(103, 2960),
(103, 2961),
(104, 1497),
(104, 1498),
(105, 3141),
(105, 3142),
(106, 1554),
(107, 3138),
(107, 3139),
(107, 3140),
(108, 3126),
(108, 3127),
(110, 1592),
(110, 1593),
(110, 1594),
(110, 1595),
(111, 1648),
(111, 1649),
(111, 1650),
(112, 2970),
(112, 2971),
(112, 2972),
(112, 2973),
(112, 2974),
(113, 3085),
(113, 3086),
(113, 3087),
(113, 3088),
(113, 3089),
(113, 3090),
(113, 3091),
(113, 3092),
(114, 3147),
(114, 3148),
(114, 3149),
(115, 1462),
(115, 1463),
(118, 3081),
(118, 3082),
(118, 3083),
(118, 3084),
(120, 1742),
(120, 1743),
(120, 1744),
(120, 1745),
(121, 1750),
(121, 1751),
(122, 1764),
(122, 1765),
(122, 1766),
(123, 1772),
(123, 1773),
(123, 1774),
(123, 1775),
(124, 3079),
(124, 3080),
(125, 1790),
(125, 1791),
(126, 3077),
(126, 3078),
(127, 1803),
(128, 1806),
(128, 1807),
(129, 1813),
(130, 1816),
(131, 3075),
(131, 3076),
(132, 3074),
(133, 3072),
(133, 3073),
(134, 3067),
(135, 1839),
(136, 3065),
(136, 3066),
(137, 3193),
(139, 1848),
(139, 1849),
(139, 1850),
(140, 1854),
(140, 1855),
(140, 1856),
(140, 1857),
(140, 1858),
(141, 1861),
(141, 1862),
(142, 1866),
(143, 3034),
(143, 3035),
(145, 1890),
(145, 1891),
(145, 1892),
(145, 1893),
(145, 1894),
(146, 1899),
(147, 1904),
(148, 1912),
(148, 1913),
(148, 1914),
(148, 1915),
(148, 1916),
(149, 3063),
(149, 3064),
(150, 3062),
(151, 3061),
(152, 2587),
(152, 2588),
(152, 2589),
(153, 1937),
(154, 1939),
(155, 3234),
(155, 3235),
(156, 1944),
(156, 1945),
(156, 1946),
(157, 3059),
(157, 3060),
(158, 1961),
(158, 1962),
(159, 1966),
(159, 1967),
(160, 3057),
(160, 3058),
(161, 1976),
(162, 3053),
(162, 3054),
(162, 3055),
(162, 3056),
(163, 3236),
(163, 3237),
(164, 2005),
(165, 2016),
(165, 2017),
(166, 3049),
(167, 3048),
(168, 2035),
(168, 2036),
(168, 2037),
(168, 2038),
(168, 2039),
(169, 3047),
(170, 3046),
(171, 2051),
(171, 2052),
(172, 3628),
(172, 3629),
(172, 3630),
(173, 2066),
(173, 2067),
(174, 2071),
(174, 2072),
(175, 3043),
(175, 3044),
(175, 3045),
(176, 2083),
(177, 2085),
(178, 2095),
(178, 2096),
(178, 2097),
(179, 3042),
(180, 2104),
(181, 3040),
(181, 3041),
(182, 2111),
(183, 2113),
(185, 3484),
(185, 3485),
(186, 3037),
(186, 3038),
(186, 3039),
(187, 2731),
(187, 2732),
(187, 2733),
(188, 2144),
(188, 2145),
(188, 2146),
(189, 3036),
(191, 2160),
(191, 2161),
(192, 3608),
(192, 3609),
(193, 2185),
(193, 2186),
(194, 3610),
(196, 3032),
(196, 3033),
(197, 2241),
(197, 2242),
(197, 2243),
(198, 3027),
(198, 3028),
(198, 3029),
(198, 3030),
(198, 3031),
(199, 3022),
(199, 3023),
(199, 3024),
(199, 3025),
(199, 3026),
(200, 2278),
(201, 2296),
(201, 2297),
(202, 2298),
(203, 3018),
(203, 3019),
(203, 3020),
(203, 3021),
(204, 3016),
(204, 3017),
(205, 2959),
(206, 3014),
(206, 3015),
(207, 2325),
(207, 2326),
(208, 3013),
(209, 2345),
(210, 2341),
(211, 3007),
(211, 3008),
(211, 3009),
(211, 3010),
(211, 3011),
(211, 3012),
(212, 2376),
(212, 2377),
(213, 2382),
(214, 3005),
(214, 3006),
(215, 3002),
(215, 3003),
(215, 3004),
(216, 3001),
(217, 2483),
(217, 2484),
(218, 2414),
(219, 2418),
(220, 2420),
(221, 2436),
(221, 2437),
(221, 2438),
(221, 2439),
(222, 2994),
(222, 2995),
(222, 2996),
(222, 2997),
(222, 2998),
(222, 2999),
(222, 3000),
(223, 2481),
(223, 2482),
(224, 3465),
(224, 3466),
(225, 3567),
(225, 3568),
(225, 3569),
(225, 3570),
(226, 2493),
(226, 2494),
(226, 2495),
(226, 2496),
(227, 2504),
(227, 2505),
(227, 2506),
(227, 2507),
(227, 2508),
(228, 2512),
(229, 2515),
(230, 2991),
(230, 2992),
(230, 2993),
(231, 2542),
(232, 2555),
(232, 2556),
(233, 2559),
(233, 2560),
(233, 2561),
(234, 2566),
(234, 2567),
(235, 2985),
(235, 2986),
(235, 2987),
(235, 2988),
(235, 2989),
(235, 2990),
(236, 2984),
(237, 2930),
(237, 2931),
(237, 2932),
(238, 2603),
(239, 2607),
(241, 2933),
(242, 2980),
(242, 2981),
(242, 2982),
(242, 2983),
(243, 2647),
(243, 2648),
(244, 2956),
(244, 2957),
(244, 2958),
(245, 2978),
(245, 2979),
(246, 2664),
(246, 2665),
(246, 2666),
(247, 2687),
(248, 2723),
(248, 2724),
(248, 2725),
(248, 2726),
(248, 2727),
(249, 2739),
(250, 2832),
(250, 2833),
(250, 2834),
(251, 2800),
(251, 2801),
(251, 2802),
(251, 2803),
(251, 2804),
(251, 2805),
(251, 2806),
(251, 2807),
(251, 2808),
(251, 2809),
(252, 2969),
(253, 2815),
(254, 2827),
(254, 2828),
(255, 2968),
(256, 2851),
(257, 2861),
(258, 2867),
(259, 2967),
(260, 2963),
(260, 2964),
(260, 2965),
(260, 2966),
(261, 3215),
(262, 2923),
(263, 2947),
(263, 2948),
(263, 2949),
(264, 2946),
(265, 2945),
(266, 3560),
(267, 2953),
(267, 2954),
(267, 2955),
(268, 3200),
(268, 3201),
(269, 3210),
(269, 3211),
(269, 3212),
(270, 3217),
(271, 3221),
(272, 3223),
(273, 3229),
(273, 3230),
(273, 3231),
(273, 3232),
(274, 3348),
(275, 3449),
(275, 3450),
(275, 3451),
(275, 3452),
(275, 3453),
(275, 3454),
(275, 3455),
(275, 3456),
(275, 3457),
(275, 3458),
(275, 3459),
(275, 3460),
(275, 3461),
(275, 3462),
(276, 3467),
(277, 3471),
(277, 3472),
(277, 3473),
(278, 3633),
(279, 3581),
(279, 3582),
(279, 3583),
(279, 3584),
(279, 3585),
(279, 3586),
(279, 3587),
(279, 3588),
(279, 3589),
(279, 3590),
(279, 3591),
(279, 3592),
(280, 3561),
(280, 3562),
(281, 3538),
(282, 3548),
(282, 3549),
(283, 3559),
(284, 3661),
(284, 3662),
(284, 3663),
(284, 3664),
(284, 3665),
(284, 3666),
(285, 3667);

-- --------------------------------------------------------

--
-- Tabellenstruktur für Tabelle `precipitation_ranges`
--

CREATE TABLE IF NOT EXISTS `precipitation_ranges` (
  `id` int(10) unsigned NOT NULL AUTO_INCREMENT,
  `range` varchar(20) NOT NULL,
  PRIMARY KEY (`id`)
) ENGINE=InnoDB  DEFAULT CHARSET=utf8 AUTO_INCREMENT=8 ;

--
-- Daten für Tabelle `precipitation_ranges`
--

INSERT INTO `precipitation_ranges` (`id`, `range`) VALUES
(1, '<10'),
(2, '11-50'),
(3, '51-100'),
(4, '101-200'),
(5, '201-500'),
(6, '>500'),
(7, '---');

-- --------------------------------------------------------

--
-- Tabellenstruktur für Tabelle `research_areas`
--

CREATE TABLE IF NOT EXISTS `research_areas` (
  `id` int(10) unsigned NOT NULL AUTO_INCREMENT,
  `name` text NOT NULL,
  PRIMARY KEY (`id`)
) ENGINE=InnoDB  DEFAULT CHARSET=utf8 AUTO_INCREMENT=143 ;

--
-- Daten für Tabelle `research_areas`
--

INSERT INTO `research_areas` (`id`, `name`) VALUES
(9, 'Stellar Physics'),
(11, 'Solar Physics'),
(12, 'Geodesy'),
(14, 'Stellar Occultations'),
(15, 'Public Outreach / Education etc.'),
(18, 'Astrobiology'),
(19, 'Astrochemistry'),
(67, 'Instrumentation'),
(71, 'Planetary Sciences'),
(95, 'Celestial Mechanics & Astrometry'),
(125, 'Space Physics'),
(131, 'General Astronomy'),
(133, 'Astrophysics'),
(134, 'Planetary Atmospheres & Climate Science'),
(135, 'Planetary Magnetospheres & Aurorae'),
(136, 'Planetary Surfaces'),
(137, 'Exoplanetary Research'),
(138, 'Small Solar System Bodies'),
(139, 'Interstellar Medium'),
(140, 'Sky Survey & Searches'),
(141, 'Planetary Interiors'),
(142, 'Planetary Satellites');

-- --------------------------------------------------------

--
-- Tabellenstruktur für Tabelle `scientific_contacts`
--

CREATE TABLE IF NOT EXISTS `scientific_contacts` (
  `id` int(10) unsigned NOT NULL AUTO_INCREMENT,
  `name` text NOT NULL,
  `email` text NOT NULL,
  `institution` text,
  PRIMARY KEY (`id`)
) ENGINE=InnoDB  DEFAULT CHARSET=utf8 AUTO_INCREMENT=1389 ;

--
-- Daten für Tabelle `scientific_contacts`
--

INSERT INTO `scientific_contacts` (`id`, `name`, `email`, `institution`) VALUES
(1, 'Carsten Kramer', 'kramer@iram.es', 'IRAM'),
(2, 'Lorenzo Franco', 'lor_franco@libero.it', ''),
(3, 'Dr Apostolos Christou', 'aac@arm.ac.uk', ''),
(4, 'Prof Mark Bailey', 'meb@arm.ac.uk', ''),
(5, 'A. van Zegveld', 'andre@AbreLosOjos.be', ''),
(10, 'NIKOGOSSIAN Elena H., Dr', 'elena@bao.sci.am', ''),
(11, 'Dr. Anja Stromme', 'anja.stromme@sri.com', ''),
(12, 'Joan Guarro', 'jguarro@astrogea.org', ''),
(13, 'Darcy Ladd', 'darcy.ladd@stfc.ac.uk', ''),
(14, 'Graham Woan (Director)', 'graham@astro.gla.ac.uk', 'University of Glasgow'),
(15, 'Prof Ian Howarth (Director)', 'idh@star.ucl.ac.uk', 'University College London'),
(16, 'Mark Thompson (Chairman)', 'thompsonmarkp@btopenworld.com', 'FRAS'),
(17, 'Prof. Dr Schildknecht Thomas (Director)', '', ''),
(18, 'Michel ORY (Astrophysicist and educator)', 'michel.ory@jura-observatory.ch', ''),
(19, 'Alain Kohler (President)', 'alain.kohler@tvs2net.ch', ''),
(20, 'Biollay Sebastian', '024/485 18 76', ''),
(21, 'Walter Bersinger (President)', '', ''),
(22, 'Assoc. Prof. Birol Gurol (Director)', 'birol@astro1.science.ankara.edu.tr', 'Ankara University'),
(23, 'Prof. Dr. M. Turker Ozkan (Head of Department)', 'ozkant@istanbul.edu.tr', 'Istanbul University'),
(24, 'Prof. Ram Sagar (Director)', '0091-05942-233734 ext 201', ''),
(25, 'Stanislav Maticic (In charge of Hardware and Technology)', 'stanislav.maticic@guest.arnes.si', ''),
(26, 'Professor Hugh Jones', '', ''),
(27, 'Professor Zhang, Hongqi', 'hzhang@bao.ac.cn', ''),
(28, 'Juan Lacruz', '', ''),
(29, 'Dr Karen Pollard (Director)', 'karen.pollard@canterbury.ac.nz', ''),
(30, 'Prof J.M. Dickey', 'John.Dickey@utas.edu.au', 'University of Tasmania'),
(31, 'Geoffrey White (Senior Technical Officer)', 'gwhite@mso.anu.edu.au', ''),
(32, 'Julio F. Rodriguez Gomez (Vice Director of Technology)', 'julio@iaa.es', ''),
(62, 'Ábrahám, Péter', 'abraham@konkoly.hu', ''),
(63, 'Sergio Mariotti', 's.mariotti@ira.inaf.it', 'National Institute for Astrophysics '),
(64, 'Prof. Flavio Fusi Pecci , director ', 'flavio.fusipecci@oabo.inaf.it', ''),
(65, 'Jose Funes, S.J.', '', ''),
(66, 'Ester Antonucci ', 'antonucci@oato.inaf.it', 'INAF'),
(131, 'Colin Aspin', 'caa@ifa.hawaii.edu', 'University of Hawaii'),
(132, 'John Rayner', 'rayner@ifa.hawaii.edu', 'Institute for Astronomy'),
(133, 'Bobby Bus', 'sjb@ifa.hawaii.edu', 'Institute for Astronomy'),
(134, 'Mike Connelley', 'msc@ifa.hawaii.edu', 'Institute for Astronomy'),
(135, 'Ashley Yeager', 'ayeager@keck.hawaii.edu', 'California Association for Research in Astronomy'),
(136, 'Nishimura, Tetsuo', 'Tetsuo.Nishimura@SubaruTelescope.org', 'NAOJ(Subaru Telescope - Associate Director)'),
(137, 'Takami, Hideki', 'Hideki.Takami@SubaruTelescope.org', 'NAOJ(Subaru Telescope - Director)'),
(138, 'Usuda, Tomonori', 'Tomonori.Usuda@SubaruTelescope.org', 'NAOJ(Subaru Telescope - Associate Director)'),
(154, 'Barry Clark', 'schedsoc@nrao.edu', 'Scheduling officer, NRAO'),
(155, 'SMA Observer Center', 'sma_oc@sma.hawaii.edu', ''),
(156, 'Questions about observing proposals', 'propose@sma.hawaii.edu', ''),
(157, 'VISTA Public Surveys Mailing List', 'vista-surveys@qmul.ac.uk', ''),
(158, 'Parijski Yuri Nikolaevich', 'par@sao.ru', 'Russian Academy of Sciences'),
(204, 'Detlef Koschny', '', 'ESA/ESTEC'),
(205, 'Richard Boyle, S.J.', '', 'VATT Telescope Scientist '),
(206, 'Dr Ulrich Kolb (PIRATE Project PI)', 'U.C.Kolb@open.ac.uk', 'The Open University (OU)'),
(207, 'Yaroslav Romanyuk', 'romanyuk@mao.kiev.ua', 'Main Astronomical Observatory of NASU'),
(208, 'Bruce Berger, President (changes every 1-2 years)', 'bruce@atmob.org', 'Amateur Telescope Makers of Boston'),
(209, 'Bruce Berger, President (changes every 1-2 years)', ' president@atmob.org', 'Amateur Telescope Makers of Boston'),
(210, 'Graziani Mauro', 'magraziani@racine.ra.it', 'Graziani Mauro (private person)'),
(211, 'Patrick Riley', 'patrick@astraeusobservatory.com<br>', 'Privately owned'),
(212, 'Dr. A. Dapergolas', 'adaperg@astro.noa.gr', 'National Observatory of Athens'),
(213, 'Ilgmars Eglitis', 'ilgmars@latnet.lv', 'Institute of Astronomy, University of Latvia'),
(214, 'Kalvis Salmins', 'kalvis@lanet.lv', 'Institute of Astronomy, University of Latvia'),
(215, 'Juan A.Henríquez Santana<br>', 'jahensan[at]gmail.com<br>', 'Juan Antonio Henríquez Santana'),
(216, 'Prof. Dr. Arnold Hanslmeier', 'arnold.hanslmeier@uni-graz.at<br>', 'Privately owned'),
(218, 'Uwe Suessenberger<br>', 'u.suessenberger@t-online.de<br>', 'Uwe Suessenberger'),
(219, 'Ido', 'red7@bareket-astro.com', 'private-educational'),
(220, 'Dr. David Dunham', 'dunham@starpower.net', ''),
(221, 'Dr. Bruno Sicardy', 'sicardy@obspm.fr', 'Observatoire de Pairs Meudon'),
(222, 'Dr. Hakim L. Malasan', 'hakim@as.itb.ac.id', 'Institut Teknologi Bandung'),
(223, 'Erik Bryssinck<br>', 'erik.bryssinck@telenet.be<br>', 'private by Erik Bryssinck'),
(224, 'Steve Riley', 'steve@astrosteve.com<br>', 'Private person'),
(503, 'Alan Stern', '', 'NASA Science Mission Directorate'),
(504, 'Holger Sierks', '', 'Max-Planck Institute of Solar System Research, Katlenburg-Lindau, Germany'),
(505, 'Angioletta Coradini', '', 'Institute of Space Astrophysics, Rome, Italy '),
(506, 'Samuel Gulkis', '', 'NASA-JPL, Pasadena, USA'),
(507, 'Wlodek Kofman', '', 'LPG/CNRS, Grenoble, France'),
(508, 'Kathrin Altwegg', '', 'University of Bern, Switzerland'),
(509, 'Klaus Torkar', '', 'Space Research Institute (IWF), Graz, Austria'),
(510, 'Martin Hilchenbach', '', 'Max-Planck-Institute for Solar System Research, Katlenburg-Lindau, Germany'),
(511, 'Alessandra Rotundi', '', 'INAF - Capodimonte Observatory, Naples, Italy '),
(512, 'Rickard Lundin', '', 'Swedish Institute of Space Physics, Kiruna, Sweden'),
(513, 'Anders Eriksson', '', 'Swedish Institute of Space Physics, Uppsala, Sweden'),
(514, 'Karl-Heinz Glassmeier', '', 'Technical University of Braunschweig, Germany'),
(515, 'Jean Gabriel Trotignon', '', 'Environmental Physics and Chemistry Laboratory, Orléans, France'),
(516, 'Christopher Carr', '', 'Imperial College of Science, Technology and Medicine, London, United Kingdom'),
(517, 'James Burch', '', 'Southwest Research Institute, San Antonio, Texas'),
(518, 'M. Pätzold', '', 'University of Cologne, Germany'),
(715, 'Arif Solmaz', 'arif.solmaz@gmail.com', 'Canakkale Onsekiz Mart University'),
(716, 'Chuck Cundiff', 'chuckcundiff@comcast.net', 'private person'),
(718, 'Dr Bev M. Ewen-Smitm', 'bmes@coaa.co.uk<br>', 'Private'),
(719, 'Tom Boles', 'tomboles@coddenhamobservatories.org', 'Tom Boles - Private observatory'),
(720, 'Esteve Cortés <br>Diego Rodríguez', 'cosmosmataro@gmail.com<br>cosmosmataro@gmail.com', 'Grup d''Astronomia de Mataró'),
(721, 'Alan A. Bedard', 'alan.bedard@digital-sf.com', 'Digital-SF Observatory Foundation'),
(722, 'Steve Reily', 'sreilly@hughes.net', 'Steve Reilly'),
(723, 'Trevor J. Lewis', 'director@eaglerockobservatory.org<br>', 'Trevor J. Lewis'),
(724, 'David F. Grey (Observatory Director)', 'dfgray@ uwo.ca', 'University of Western Ontario'),
(725, 'Dr Sofoklis Sotiriou ', 'sotiriou@ea.grnv', 'Ellinogermaniki Agogi (Private School)'),
(726, 'Mr Vagelis Tsamis (telescope operator)', 'tsamis@aegean.gr', 'Ellinogermaniki Agogi (Private School)'),
(728, 'Finn Overgaard', 'fohbr@pc.dk', 'Finn Overgaard Hansen'),
(729, 'Gerhard Dangl', 'gerhard@dangl.at', 'Gerhard Dangl'),
(731, 'Molinari,Emilio', 'molinari@tng.iac.es', ''),
(732, 'Yenal Ogmen<br>', 'yenalogmen@hotmail.com<br>', 'personal observatory'),
(733, 'Diego Rodriguez', 'drodrig@jet.es', 'private persons'),
(734, 'Mark Emmerich<br>', 'mark@guidestar.de<br>', 'private'),
(735, 'Richard J. Mozeleski', 'richard.mozeleski@gmail.com', 'Richard J Mozeleski'),
(736, 'Steve Messner', 'smessner@rconnect.com', 'Steve Messner'),
(738, 'Professor Christos Goudis', 'cgoudis@astro.noa.gr', 'National Observatory of Athens (NOA)'),
(739, 'Minikulov Nasridin Khudaiberdievich<br>Gulyamov Makhmudjon I', 'mnasredin@mail.ru; nasridin@bk.ru', 'Institute of Astrophysics of Academy of Sciences'),
(740, 'Gulyamov Makhmudjon Ikromovich', 'gmi58@mail.ru', ''),
(741, 'Ibadinov Khursand Ibadinovich', 'ibadinov@mail.ru ', 'Institute of Astrophysics of Academy of Sciences'),
(742, 'Minikulov Nasridin Khudaiberdievich', 'mnasredin@mail.ru; nasridin@bk.ru', 'Institute of Astrophysics of Academy of Sciences'),
(743, 'Ibadinov Khursand Ibadinovich', 'ibadinov@mail.ru ', 'Institute of Astrophysics of Academy of Sciences'),
(744, 'Gulyamov Makhmudjon Ikromovich', 'gmi58@mail.ru', 'Institute of Astrophysics of Academy of Sciences'),
(745, 'Dr. Klaus Reif', 'ripe@astro.uni-bonn.de', 'Bonn University'),
(746, 'Matt Wilson', 'email@HollyDome.com', 'Matt Wilson'),
(747, 'David Higgins', 'higginsdj@bigpond.com', 'David Higgins'),
(748, 'Dr Marc Balcells (Director)', 'balcells@ing.iac.es', 'STFC (UK), NWO (Netherlands) and IAC (Spain)'),
(749, 'Dr Chris Benn (Head of Astronomy)', 'crb@ing.iac.es', 'STFC (UK), NWO (Netherlands) and IAC (Spain)'),
(750, 'Prof Philip Diamond', 'philip.diamond@manchester.ac.uk', ''),
(751, 'Hatzes, Prof. Dr. Artie P', 'artie@tls-tautenburg.de', ''),
(752, 'Noriyuki Kawagachi', '', 'National Institute of Information and Communication Technology'),
(753, 'Gary Fildes', 'FILDESS@AOL.COM', 'Kielder Observatory Astronomical Society'),
(754, 'DOI, Mamoru', 'doi@ioa.s.u-tokyo.ac.jp', 'Institute of Astronomy, University of Tokyo'),
(755, 'Milos Tichy', 'mtichy@klet.cz', ''),
(756, 'Jana Tichá', 'jticha@klet.cz', ''),
(757, 'Prof. Stutzki', 'stutzki@ph1.uni-koeln.de', 'I. Physikalisches Institut'),
(758, 'Dr. Bengt Edvardsson (director)', 'bengt.edvardsson@fysast.uu.se', 'Department of Physics and Astronomy, Uppsala University'),
(759, 'Paul R. Signorelli<br>', 'lbosky@aol.com<br>', 'Private'),
(760, 'Johannes Andersen', 'ja@not.iac.es', 'NOTSA'),
(761, 'Dr Richard Miles', 'arps@britastro.org', 'British Astronomical Association'),
(762, 'Carter, David', 'dxc@astro.livjm.ac.uk', ''),
(763, 'Jan Rybak', 'rybak@astro.sk', 'Astronomical Institute, Slovak Academy of Sciences'),
(764, 'Karel Kudela', 'kkudela@kosice.upjs.sk', 'Institute of Experimental Physics, Slovak Academy of Sciences'),
(765, 'Ronald Langer', 'langer@ta3.sk', 'Institute of Experimental Physics, Slovak Academy of Sciences'),
(766, 'Wean-Shun Tsay', '', 'Private'),
(767, 'Luciano Lai', 'francylai@tin.it or lai.luciano@tin.it', 'private person'),
(768, 'Dr. Eduardo Colombo', 'ehcolombo@gmail.com', 'Centro Astrofisica la Palma'),
(769, 'Paolo Corelli', 'corelli@conecta.it', 'private person'),
(770, 'Mr. Gary Nelson - President', 'martzobservatory@hotmail.com', 'Marshal Martz Memorial Astronomical Association, Inc.'),
(771, 'Marc Delcroix', 'delcroix.marc@free.fr', 'Marc Delcroix'),
(772, 'Mr. John Anderson', 'martzobservatory@gmail.com', 'Marshal Martz Memorial Astronomical Association, Inc.'),
(773, 'Tornikoski, Merja', 'Merja.Tornikoski@hut.fi', 'Aalto University'),
(774, 'Johannes M. Ohlert', 'jomo[at]monet.fh-friedberg.de', 'Astronomie Stiftung Trebur'),
(775, 'Grazina Tautvaisiene', 'taut@itpa.lt', 'Institute of Theoretical Physics and Astronomy of Lithuania'),
(776, 'René Doyon', 'doyon@astro.umontreal.ca', 'Director of OMM'),
(777, 'Robert Lamontagne', 'lamont@astro.umontreal.ca', 'Executive Director of OMM'),
(778, 'Balthasar Indermuehle', '', ''),
(779, 'Alan Stern', '', 'NASA Science Mission Directorate'),
(780, 'Holger Sierks', '', 'Max-Planck Institute of Solar System Research, Katlenburg-Lindau, Germany'),
(781, 'Angioletta Coradini', '', 'Institute of Space Astrophysics, Rome, Italy '),
(782, 'Samuel Gulkis', '', 'NASA-JPL, Pasadena, USA'),
(783, 'Wlodek Kofman', '', 'LPG/CNRS, Grenoble, France'),
(784, 'Kathrin Altwegg', '', 'University of Bern, Switzerland'),
(785, 'Klaus Torkar', '', 'Space Research Institute (IWF), Graz, Austria'),
(786, 'Martin Hilchenbach', '', 'Max-Planck-Institute for Solar System Research, Katlenburg-Lindau, Germany'),
(787, 'Alessandra Rotundi', '', 'INAF - Capodimonte Observatory, Naples, Italy '),
(788, 'Rickard Lundin', '', 'Swedish Institute of Space Physics, Kiruna, Sweden'),
(789, 'Anders Eriksson', '', 'Swedish Institute of Space Physics, Uppsala, Sweden'),
(790, 'Karl-Heinz Glassmeier', '', 'Technical University of Braunschweig, Germany'),
(791, 'Jean Gabriel Trotignon', '', 'Environmental Physics and Chemistry Laboratory, Orléans, France'),
(792, 'Christopher Carr', '', 'Imperial College of Science, Technology and Medicine, London, United Kingdom'),
(793, 'James Burch', '', 'Southwest Research Institute, San Antonio, Texas'),
(794, 'M. Pätzold', '', 'University of Cologne, Germany'),
(795, 'G. Klingelhöfer', '', 'Johannes-Gutenberg Univ., Mainz, Germany'),
(796, 'J.P. Bibring', '', 'IAS, Orsay, France'),
(797, 'W. Kofman', '', 'LPG, Grenoble, France'),
(798, 'T. Spohn', '', 'Institute for Planetology, DLR, Berlin, Germany'),
(799, 'I. Wright', '', 'pen University, United Kingdom'),
(800, 'S. Mottola', '', 'DLR, Berlin, Germany'),
(801, 'H-U. Auster', '', 'Technische Univ., Braunschweig, Germany'),
(802, 'I. Apathy', '', 'KFKI, Budapest, Hungary'),
(803, 'A. Ercoli-Finzi', '', 'Politecnico of Milan, Italy'),
(804, 'K. Seidensticker', '', 'DLR, Cologne, Germany'),
(805, 'H. Krüger', '', 'Max-Planck-Institute for Solar System Research, Katlenburg-Lindau, Germany'),
(806, 'Borucki, W', '', ''),
(807, 'Joern Wilms ', 'joern.wilms@sternwarte.uni-erlangen.de', 'ESA'),
(808, 'Steve Benner', '', 'NASA'),
(809, 'Graeme Stephens', '', 'NASA'),
(811, 'CNES', 'enquiries@cne-siar.gov.uk', 'CNES'),
(812, 'CNES', 'enquiries@cne-siar.gov.uk', 'CNES'),
(813, 'http://www.jaxa.jp/pr/mail/index_e.html', '', 'JAXA'),
(814, 'http://www.jaxa.jp/pr/mail/index_e.html', '', 'JAXA'),
(815, 'http://www.jaxa.jp/pr/mail/index_e.html', '', 'JAXA'),
(819, 'http://www.jaxa.jp/pr/inquiries/index_e.html', '', 'JAXA'),
(820, 'http://www.jaxa.jp/pr/inquiries/index_e.html', '', 'JAXA'),
(821, 'http://www.jaxa.jp/pr/inquiries/index_e.html', '', 'JAXA'),
(828, 'Laurie Kleppin', '', 'POES '),
(829, 'Marshall Space Flight Center', '', 'NASA'),
(830, 'Charles F. Bolden, Jr', 'www.nasa.gov', 'NASA'),
(831, 'Charles F. Bolden, Jr', 'www.nasa.gov', 'NASA'),
(832, 'Charles F. Bolden, Jr', 'www.nasa.gov', 'NASA'),
(833, 'Charles F. Bolden, Jr', 'www.nasa.gov', 'NASA'),
(834, 'Charles F. Bolden, Jr', 'www.nasa.gov', 'NASA'),
(835, 'Charles F. Bolden, Jr', 'www.nasa.gov', 'NASA'),
(837, 'Joern Wilms', 'joern.wilms@sternwarte.uni-erlangen.de', 'ESA'),
(838, 'Joern Wilms', 'joern.wilms@sternwarte.uni-erlangen.de', 'ESA'),
(839, 'Joern Wilms', 'joern.wilms@sternwarte.uni-erlangen.de', 'ESA'),
(840, 'Joern Wilms', 'joern.wilms@sternwarte.uni-erlangen.de', 'ESA'),
(841, 'Rudolf Schmidt ', '', 'ESOC, Darmstadt, Germany'),
(853, 'Oliver Montenbruck', 'oliver.montenbruck@dlr.de', 'German Aerospace Center (DLR), Wessling, Germany'),
(854, 'Eberhard Gill', 'e.k.a.gill@tudelft.nl', 'German Aerospace Center (DLR), Wessling, Germany'),
(855, 'Simone D’Amico', 'simone.damico@dlr.de', 'German Aerospace Center (DLR), Wessling, Germany'),
(856, 'Thomas Rupp', 'thomas.rupp@dlr.de', 'German Aerospace Center (DLR), Wessling, Germany'),
(857, 'Murakami, H', '', ''),
(858, 'Murakami, H', '', ''),
(859, 'Kevin Brown', '', ''),
(860, 'David Bogart ', '', 'Goddard Space Flight Center'),
(864, 'S. Barabash', '', 'IRF, Kiruna, Sweden'),
(865, 'T. Zhang', '', 'OAW, Graz, Austria'),
(866, 'V. Formisano', '', 'IFSI CNR, Frascati, Italy'),
(867, 'J.-L. Bertaux', '', 'SA/CNRS, Verriéres-le-Buisson, France'),
(868, 'B. Häusler', '', 'Universität der Bundewehr, München, Germany'),
(869, 'P. Drossart', '', 'CNRS/LESIA & Observatoire de Paris, France'),
(870, 'W. Markiewicz', '', 'MPAe, Katlenburg-Lindau, Germany'),
(991, 'Alan Castillo', 'alancastillo1@hotmail.com', 'Private'),
(1028, 'Dr Andrzej Fludra', 'A.Fludra@stfc.ac.uk', ''),
(1029, 'Robert Wimmer-Schweingruber', 'wimmer@physik.uni-kiel.de', ''),
(1030, 'Dr Bernd Heber', 'heber@physik.uni-kiel.de', ''),
(1031, 'Frédéric Auchére', 'frederic.auchere@ias.u-psud.fr', ''),
(1032, 'Eino Valtonen', 'eino.valtonen@utu.fi', ''),
(1033, 'Patrick Boumier', 'patrick.boumier@ias.u-psud.fr', ''),
(1034, 'Russell Howard', 'howard@nrl.navy.mil', ''),
(1035, 'Philip Scherrer', 'pscherrer@solar.stanford.edu', ''),
(1036, 'Werner Curdt', 'curdt@linmpi.mpg.de', ''),
(1037, 'Eric Quemerais', 'eric.quemerais@latmos.ipsl.fr', ''),
(1038, 'John Kohl', 'jkohl@cfa.harvard.edu', ''),
(1039, 'Claus Frohlich', 'cfrohlich@pmodwrc.ch', ''),
(1043, 'Zhi-Hai Qin', '', 'Chinese National Science Foundation'),
(1048, 'Tanyu Bonev', 'tbonev@astro.bas.bg', 'Institute of Astronomy with NAO at Bulg, Acad. Sci.'),
(1051, 'Ilian Iliev', 'iliani@astro.bas.bg', 'Institute of Astronomy with NAO at Bulg, Acad. Sci.'),
(1091, 'Hilari Pallares Albalat', 'obsbinibequer@rosfa.com', 'ROSFA'),
(1092, 'Valère Perroud', 'site.valere@perroud-net.fr', 'private'),
(1093, 'Carles Schnabel', 'astronomia[at]astrosabadell.org', 'Amateur Association'),
(1094, 'Albert Morral', 'secretaria[at]astrosabade', 'Amateur Association'),
(1095, 'Josep Mª Coloma Martinez', 'observasantgervasi@gmail.com', 'ROSFA'),
(1096, 'Eduardo Leyton', 'eleytong@hotmail.com', 'Personal'),
(1097, 'Erika Labbe', 'iki_0@yahoo.com', 'Personal'),
(1098, 'Werner Pötzi', 'werner.poetzi@uni-graz.at', 'University of Graz'),
(1099, 'Dietmar Baumgartner', 'dietmar.baumgartner@uni-graz.at', 'University of Graz'),
(1107, 'Samo Stopar', 'samo.stopar@siol.net', 'private person'),
(1111, 'Frank Helmich', 'f.p.helmich@sron.nl', 'SRON, Groningen, The Netherlands '),
(1112, 'Albrecht Poglitsch', 'alpog@mpe.mpg.de', 'MPE, Garching, Germany'),
(1113, 'Matthew Griffin', 'matt.griffin@astro.cf.ac.uk', 'Cardiff University, UK'),
(1117, 'Frank Helmich', 'f.p.helmich@sron.nl', 'SRON, Groningen, The Netherlands '),
(1118, 'Albrecht Poglitsch', 'alpog@mpe.mpg.de', 'MPE, Garching, Germany'),
(1119, 'Matthew Griffin', 'matt.griffin@astro.cf.ac.uk', 'Cardiff University, UK'),
(1123, 'Director', 'openuse@oao.nao.ac.jp', 'National Astronomical Observatory of Japan, National Institutes of Natural Sciences'),
(1154, 'Giovanni Bartolozzi', 'giba44@interfree.it', 'Privato'),
(1210, 'Frank Helmich', 'f.p.helmich@sron.nl', 'SRON, Groningen, The Netherlands '),
(1211, 'Albrecht Poglitsch', 'alpog@mpe.mpg.de', 'MPE, Garching, Germany'),
(1212, 'Matthew Griffin', 'matt.griffin@astro.cf.ac.uk', 'Cardiff University, UK'),
(1227, 'William E. McClintock', 'william.mcclintock@lasp.colorado.edu', ''),
(1228, 'Barry Maulk', '', 'Johns Hopkins University, Applied Physics Laboratory'),
(1229, 'David Smith', '', 'NASA Goddard Space Flight Center'),
(1230, 'Mario Acuna', '', 'NASA Goddard Space Flight Center'),
(1231, 'George Ho', '', 'NASA Goddard Flight Space Center'),
(1232, 'J. Goldsten', 'john.goldsten@jhuapl.edu', ''),
(1233, 'S. E. Hawkins', 'ed.hawkins@jhuapl.edu', ''),
(1284, 'William E. McClintock', 'william.mcclintock@lasp.colorado.edu', ''),
(1285, 'Barry Maulk', '', 'Johns Hopkins University, Applied Physics Laboratory'),
(1286, 'David Smith', '', 'NASA Goddard Space Flight Center'),
(1287, 'Mario Acuna', '', 'NASA Goddard Space Flight Center'),
(1288, 'George Ho', '', 'NASA Goddard Flight Space Center'),
(1289, 'William Boynton', '', 'University of Arizona'),
(1290, 'Scott Murchie', '', 'Johns Hopkins University'),
(1291, 'David Smith', '', 'NASA Goddard Space Flight Center'),
(1292, 'ANDERSON, Caprece', 'cap@srl.caltech.edu', 'SRL'),
(1293, 'Len Fisk', 'lafisk@umich.edu', 'SHRG'),
(1294, 'Eberhard Moebius', '', 'UNH'),
(1295, 'Dr. Robert Gold', 'Robert.Gold@jhuapl.edu', 'JHU Applied Physics Laboratory'),
(1296, 'CALDERON, Minerva', 'mc@srl.caltech.edu', 'SRL'),
(1297, 'Thomas Zurbuchen', 'Thomasz@umich.edu', 'SHRG'),
(1298, 'E. C. Stone', '', 'Caltech '),
(1299, 'D.J. McComas', '', 'Space and Atmospheric Sciences Group'),
(1300, 'Charles W. Smith', '', 'UNH'),
(1301, 'Richard Mewaldt', 'rmewaldt@srl.caltech.edu', 'SWPC'),
(1302, 'Elsa Montagnon', '', '(ESOC) Darmstadt, Germany. '),
(1361, 'Antariksh Bhavan', 'satish@isro.gov.in', 'ISRO'),
(1362, 'Antariksh Bhavan', 'satish@isro.gov.in', 'ISRO'),
(1363, 'Antariksh Bhavan', 'satish@isro.gov.in', 'ISRO'),
(1364, 'AS Kiran', 'kiran@sac.isro.gov.in', ''),
(1365, 'AS Kiran', 'kiran@sac.isro.gov.in', ''),
(1366, 'JA Kamalakar', 'kamalakar@leosisro.com', ''),
(1367, 'JN Goswami', 'goswami@prl.ernet.in', ''),
(1368, 'N Bhandari', 'bhandari@prl.ernet.in', ''),
(1369, 'Abraham, Peter', 'abraham@konkoly.hu', 'Konkoly Observatory'),
(1370, 'Roberto Neri', 'neri@iram.fr', 'IRAM (Institut de Radioastronomie Millimétrique)'),
(1371, 'Pawel Maksym', 'astromax@poczta.onet.pl', 'Fundation of development and popularization of natural sciences "Galileo" and Brojce Commune '),
(1372, 'Ken Florentine', 'kenflorentine@yahoo.com', 'Ken Florentine'),
(1373, 'Ji Yang', '', ''),
(1374, 'Dr. Ji Yang', 'jiyang@pmo.ac.cn', 'Purple Moutain Observatory, Chinese Academy of Sciences'),
(1375, 'Dr. P.K. Manoharan', '', 'Tata Institute of Fundamental Research'),
(1376, 'Steve E. Farmer Jr.', 'sefarmer@cometary.net', 'Private Person'),
(1377, 'Ch. V. Sastry', '', 'Department of Science and Technology, Government of India'),
(1378, 'Richard Miles ', '', 'BAA'),
(1379, 'Nick James', 'ndj@nickdjames.com', 'BAA'),
(1380, 'David Storey', 'dave.storey@iomastronomy.org', ''),
(1381, 'Karl-Heinz Gansel', 'radioastronomie@dl6ebs.de', 'DARO'),
(1382, 'Pedro Re''', 'pedro.re@netcabo.pt', 'private'),
(1383, 'Charles Jagow', 'chuck@jagowds.com', 'Charles A. JAGOW'),
(1384, 'Professor Jinling Li', 'jll@shao.ac.cn', 'Chinese Academy of Sciences'),
(1385, 'Professor Xiaoyu Hong', 'xhong@shao.ac.cn', 'Chinese Academy of Sciences'),
(1386, 'Minikulov Nasridin Khudaiberdievich<br>Gulyamov Makhmudjon I', 'mnasredin@mail.ru, nasridin@bk.ru<br>gmi58@mail.ru', 'Insrirute of Astrophysics of Academy of Sciences'),
(1387, 'francesco Manca', 'f.manca@heidenhain.it', 'private person'),
(1388, 'Piero Sicoli', 'gigiaweb@libero.it', 'private person');

-- --------------------------------------------------------

--
-- Tabellenstruktur für Tabelle `sensors`
--

CREATE TABLE IF NOT EXISTS `sensors` (
  `id` int(10) unsigned NOT NULL AUTO_INCREMENT,
  `sensor_name` text NOT NULL,
  `sensor_type` text NOT NULL,
  `diameter_m` float(10,6) DEFAULT NULL,
  `wavelength` text,
  `range_begin` float DEFAULT NULL,
  `range_end` float DEFAULT NULL,
  `units` text,
  `measured` text,
  `resolution` text,
  `field_of_view` text,
  `web_address` text,
  `sensor_comments` text,
  PRIMARY KEY (`id`)
) ENGINE=InnoDB  DEFAULT CHARSET=utf8 AUTO_INCREMENT=1306 ;

--
-- Daten für Tabelle `sensors`
--

INSERT INTO `sensors` (`id`, `sensor_name`, `sensor_type`, `diameter_m`, `wavelength`, `range_begin`, `range_end`, `units`, `measured`, `resolution`, `field_of_view`, `web_address`, `sensor_comments`) VALUES
(669, 'ALICE  - Ultraviolet Imaging Spectrograph', 'orbiter instrument', NULL, NULL, 70, 205, 'nm', 'Nucleus imaging and spectroscopy; Coma spectroscopy ', '0.3 - 0.5 nm', '0.1° × 6.0°', 'http://sci.esa.int/science-e/www/object/index.cfm?fobjectid=35061&fbodylongid=1636', 'ALICE will characterize the composition of the nucleus and coma, and the nucleus/coma coupling of comet 67 P/Churyumov-Gerasimenko.'),
(670, 'OSIRIS  - Optical, Spectroscopic, and Infrared Remote Imaging System', '', NULL, NULL, 250, 1000, 'nm', '', '20 - 100 μrad px-1', '2.35° × 2.35° (narrow angle) 12° × 12° (wide angle)', 'http://sci.esa.int/science-e/www/object/index.cfm?fobjectid=35061&fbodylongid=1642', 'Orbiter instrument\r\n\r\nOSIRIS is a dual camera imaging system operating in the visible, near-infrared and near-ultraviolet wavelength ranges.\r\n\r\nThe narrow angle camera is designed to produce high spatial resolution images of the nucleus of the target comet. The wide angle camera has a wide field of view and high straylight rejection to image the dust and gas directly above the surface of the nucleus of the target comet.'),
(671, 'VIRTIS - Visible and Infrared Thermal Imaging Spectrometer', '', NULL, NULL, 0.25, 5, 'μm', '', '', '', 'http://sci.esa.int/science-e/www/object/index.cfm?fobjectid=35061&fbodylongid=1646', 'Orbiter Instrument\r\n\r\nVIRTIS will map and study the nature of the solids and the temperature on the surface of the comet nucleus. It will also identify comet gases, characterise the physical conditions of the coma and help to identify the best landing sites. \r\n\r\nAdditional information: http://www.ifsi-roma.inaf.it/virtis/index.php?categoryid=1'),
(672, 'MIRO - Microwave Instrument for the Rosetta Orbiter', '', NULL, NULL, 0, 0, '', '188 Ghz (Millimetre wave) and 562 Ghz (Submillimetre wave): high resolution molecular line spectra in absorption and emission, and broadband continuum emission data.', '', '', 'http://sci.esa.int/science-e/www/object/index.cfm?fobjectid=35061&fbodylongid=1641', 'Orbiter instrument\r\n\r\nMIRO will determine the abundances of major gases, the surface outgassing rate and the nucleus subsurface temperature.\r\n'),
(673, 'CONSERT - Comet Nucleus Sounding Experiment by Radiowave Transmission', '', NULL, NULL, 0, 0, '', 'A 90 MHz radio signal is transmitted from the orbiter, passing though the comet surface, to the lander and, after some data extraction, is transmitted from the lander back to the orbiter.', '', '', 'http://sci.esa.int/science-e/www/object/index.cfm?fobjectid=35061&fbodylongid=1637', 'Modules on both orbiter and lander\r\n\r\nCONSERT will use tomography to probe the dielectric properties of the comet’s interior by studying radio waves reflected and scattered by the nucleus. '),
(674, 'ROSINA - Rosetta Orbiter Spectrometer for Ion and Neutral Analysis', '', NULL, NULL, 1, 300, 'amu', '', '', '', 'http://sci.esa.int/science-e/www/object/index.cfm?fobjectid=35061&fbodylongid=1650', 'Orbiter instrument\r\n\r\nThe ROSINA mass spectrometers will determine the composition of the comet''s atmosphere and ionosphere, measure the temperature and bulk velocity of the gas and ions, and investigate reactions in which they take part. The ROSINA pressure sensor is capable of measuring both total and ram pressure, in order to determine the gas density and rate of radial gas flow. \r\n\r\nAdditional information: http://space.unibe.ch/rosina.html'),
(675, 'MIDAS - Micro-Imaging Dust Analysis System', '', NULL, NULL, 0, 0, '', 'Dust grains in the size range from 4 nm - 4µm will be imaged in 3-D by means of atomic force microscopy', '', '', 'http://sci.esa.int/science-e/www/object/index.cfm?fobjectid=35061&fbodylongid=1640', 'Orbiter instrument\r\n\r\nMIDAS will study the dust around the comet. It will provide information on particle population, size, volume and shape.\r\n\r\nAdditional information: http://sci.esa.int/science-e/www/object/index.cfm?fobjectid=35969'),
(676, 'COSIMA - Cometary Secondary Ion Mass Analyser', '', NULL, NULL, 1, 3500, 'amu', 'Dust from the near comet environment are collected and bombarded with pulses of indium ions. The resulting secondary ions are extracted into the time-of-flight mass spectrometer.', '', '', 'http://sci.esa.int/science-e/www/object/index.cfm?fobjectid=35061&fbodylongid=1638', 'Orbiter instrument\r\n\r\nCOSIMA will analyse the characteristics of dust grains emitted by the comet, such as their composition and whether they are organic or inorganic. \r\n\r\nAdditional information: http://www.mps.mpg.de/en/projekte/rosetta/cosima/'),
(677, 'GIADA - Grain Impact Analyser and Dust Accumulator', '', NULL, NULL, 0, 0, '', '', '', '', 'http://sci.esa.int/science-e/www/object/index.cfm?fobjectid=35061&fbodylongid=1639', 'Orbiter instrument\r\n\r\nGIADA will measure the scalar velocity, size and momentum of dust particles in the coma of the comet.\r\n'),
(678, 'RPC - Rosetta Plasma Consortium', '', NULL, NULL, 0, 0, '', '', '', '', 'http://sci.esa.int/science-e/www/object/index.cfm?fobjectid=35061&fbodylongid=1644', 'Orbiter instrument\r\n\r\nRPC will measure the physical properties of the nucleus, examine the structure of the inner coma, monitor cometary activity, and study the comet’s interaction with the solar wind.\r\n\r\nRPC consists of five sensors:\r\n-Ion Composition Analyser (ICA)\r\n-Ion and Electron Sensor (IES)\r\n-Langmuir Probe (LAP)\r\n-Fluxgate Magnetometer (MAG)\r\n-Mutual Impedance Probe (MIP),\r\nas well as a joint Plasma Interface Unit (PIU), acting as instrument control, spacecraft interface, and power management unit.'),
(679, 'RSI - Radio Science Investigation', '', NULL, NULL, 0, 0, '', 'Radio signals at S-band or X-band', '', '', 'http://sci.esa.int/science-e/www/object/index.cfm?fobjectid=35061&fbodylongid=1645', 'Orbiter instrument\r\n\r\nRSI will, by using shifts in the spacecraft’s radio signals, measure the mass, density and gravity of the nucleus, define the comet’s orbit, and study the inner coma.'),
(680, 'APXS - Alpha Proton X-ray Spectrometer', '', NULL, NULL, 0, 0, '', 'Alpha mode: alpha backscatter spectroscopy (Rutherford scattering); X-ray mode: alpha- and x-ray induced x-ray spectroscopy', '', '', 'http://sci.esa.int/science-e/www/object/index.cfm?fobjectid=31445&fbodylongid=893', 'Lander instrument\r\n\r\nLowered to within 4 cm of the ground, APXS will detect alpha particles and X-rays to gather information on the elemental composition of the comet’s surface. \r\n\r\nAdditional information: http://www3.mpch-mainz.mpg.de/~kosmo/spacepage/english/rosetta/rosetta.htm'),
(681, 'CIVA - Comet Infrared and Visible Analyser', '', NULL, NULL, 0, 0, '', '', '', '', 'http://sci.esa.int/science-e/www/object/index.cfm?fobjectid=31445&fbodylongid=898', 'Lander instrument\r\n\r\nCIVA-P consists of six identical micro-cameras to take panoramic pictures of the comet surface as seen from the Rosetta Lander Philae.\r\n\r\nThe spectrometer, CIVA-M, will study the composition, texture and albedo (reflectivity) of samples collected from the surface.\r\n\r\nRef: J.-P. Bibring et al., Space Science Reviews, Vol 128, p397, Springer, 2007'),
(682, 'COSAC - COmetary SAmpling and Composition experiment', '', NULL, NULL, 0, 0, '', '', '', '', 'http://sci.esa.int/science-e/www/object/index.cfm?fobjectid=31445&fbodylongid=895', 'Lander instrument\r\n\r\nCONSERT will probe the internal structure of the nucleus. Radio waves from CONSERT will travel through the nucleus and will be returned by a transponder on the lander. '),
(683, 'MUPUS - MUlti-PUrpose Sensors for Surface and Sub-Surface Science', '', NULL, NULL, 0, 0, '', '', '', '', 'http://sci.esa.int/science-e/www/object/index.cfm?fobjectid=31445&fbodylongid=897', 'Lander instrument\r\n\r\nMUPUS will use sensors on the lander’s anchor, probe and exterior to measure the density, thermal and mechanical properties of the surface.'),
(684, 'Ptolemy MODULUS - Methods Of Determining and Understanding Light elements from Unequivocal Stable isotope compositions', '', NULL, NULL, 0, 0, '', '', '', '', 'http://sci.esa.int/science-e/www/object/index.cfm?fobjectid=31445&fbodylongid=896', 'Lander instrument\r\n\r\nMODULUS PTOLEMY is an evolved gas analyser that will obtain accurate measurements of isotopic ratios of light elements. '),
(685, 'ROLIS - ROsetta Lander Imaging System', '', NULL, NULL, 0, 0, '', '', '', '', 'http://sci.esa.int/science-e/www/object/index.cfm?fobjectid=31445&fbodylongid=899', 'Lander instrument \r\n\r\nThe Descent & Down-Looking ROLIS Camera will deliver the first close-ups of the environment of the landing place of comet 67P/Churyumov-Gerasimenko during the descent.\r\n\r\nAfter landing ROLIS will make high-resolved investigations to study the structure (morphology) and mineralogy of the surface. \r\n\r\nAdditional information: http://www.dlr.de/pf/en/desktopdefault.aspx/tabid-174/319_read-19124/'),
(686, 'ROMAP - ROsetta lander MAgnetometer and Plasma monitor', '', NULL, NULL, 0, 0, '', '', '', '', 'http://sci.esa.int/science-e/www/object/index.cfm?fobjectid=31445&fbodylongid=901', 'Landing instrument\r\n\r\nRomap is a magnetometer and plasma monitor that will study the local magnetic field and the interaction between the comet and the solar wind.'),
(687, 'SD2 - Sampling, drilling and distribution subsystem', '', NULL, NULL, 0, 0, '', '', '', '', 'http://sci.esa.int/science-e/www/object/index.cfm?fobjectid=31445&fbodylongid=894', 'Lander instrument\r\n\r\nSD2 will drill more than 20 cm into the surface, collect samples and deliver them to different ovens or for microscope inspection.'),
(688, 'SESAME - Surface Electrical, Seismic and Acoustic Monitoring experiments', '', NULL, NULL, 0, 0, '', '', '', '', 'http://sci.esa.int/science-e/www/object/index.cfm?fobjectid=31445&fbodylongid=900', 'Lander instrumentr\r\n\r\nSESAME''s three instruments will measure properties of the comet’s outer layers. The Cometary Acoustic Sounding Surface Experiment will measure the way sound travels through the surface. The Permittivity Probe will investigate its electrical characteristics, and the Dust Impact Monitor will measure dust falling back to the surface.'),
(689, 'Kepler Photometer', 'Photometer', NULL, NULL, 400, 850, 'nm', '', '2200x1024 pixels', '105deg2 (about 12 degree diameter)', '', ''),
(690, 'Ariane 5 ECA', 'Expendable Launch System', NULL, NULL, 350, 10000, 'µm', 'Amplitude of Structures in Cosmic Microwave Background Radiation, Hubble Constant, Sunyaev-Zel''dovich Effect', 'Good Angular Resolution and Sensitivity', 'Cosmic Microwave Background Anisotropies, Inflationary Models of early Universe', '', ''),
(691, 'GOES-O Solar X-Ray Imager', 'Soft X-Ray', NULL, NULL, 6, 60, 'A (Angstroms)', '', '', '', '', ''),
(692, 'CPR - The Cloud Profiling Radar', 'Radar', NULL, NULL, -30, 70, 'dBZ', '', '', '', '', ''),
(693, 'Synthetic Aperture Radar', 'X-band', NULL, NULL, 0, 0, '', '', '50 cm', '', '', ''),
(694, 'SAR - Synthetic Aperture Radar', '', NULL, NULL, 0, 0, '', '', '', '', '', ''),
(699, 'Afocal Telescope', '27cm-diameter afocal telescope', NULL, NULL, 370, 950, 'nm', 'Blocks sunlight reflected by the Earth.', '', '2.7-3.05 degrees', '', ''),
(700, 'CCD', '4-CCD wide-field camera', NULL, NULL, 850, 900, 'km', '', '', '', '', ''),
(701, 'SOT - Solar Optical Telescope', '', NULL, NULL, 388, 668, 'nm', 'Measurement of the vector magnetic field in the photosphere and dynamics of both the photosphere and chromosphere associated with the magnetic fields.', '', '', '', ''),
(702, 'EIS - Extreme-ultraviolet Imaging Spectrometer', '', NULL, NULL, 0, 0, '', '', '', '', '', ''),
(703, 'XRT - X-Ray Telescope', '', NULL, NULL, 0, 0, '', 'Observes the generation, transport, and emergence of solar magnetic fields, and ultimate dissipation of magnetic energy in a form such as flares, and pico-flares, coronal heating, coronal mass ejection.', 'High Resolution', '', '', ''),
(707, 'XRT - X-Ray telescope', '', NULL, NULL, 5, 8, 'keV', '', 'High Spectroscopic Resolution', '', '', ''),
(708, 'XRS - X-Ray spectrometer', '', NULL, NULL, 0.2, 700, 'keV', '', 'High Spectroscopic Resolution', '', '', ''),
(709, 'XIS - X-ray Imaging Spectrometer', '', NULL, NULL, 0.2, 700, 'keV', 'location and energy of incident X-ray photons.', 'High Spectroscopic Resolution', '', '', ''),
(710, 'HXD - Hard X-ray Detector', '', NULL, NULL, 10, 700, 'keV', 'Detects transient high energy phenomena such as the gamma-ray bursts.', 'High Spectroscopic Resolution', '', '', ''),
(717, 'AMSU-A and MHS - Advanced Microwave Sounding Unit ', 'Microwave', NULL, NULL, 50.3, 89, 'GHz oxygen band', '', '', '', '', ''),
(718, 'A-DCS - Advanced Data Collection System ', 'Environmental Monitoring System', NULL, NULL, 0, 0, '', '', '', '', '', ''),
(719, 'SEM - Space Environment Monitor', 'Charged Particle Spectrometer', NULL, NULL, 20, 50, 'eV', '', '', '', '', ''),
(720, 'SBUV/2 - Solar Backscatter UltraViolet spectral radiometer', 'Radiometer', NULL, NULL, 0, 0, '', '', '', '', '', ''),
(721, 'HIRS/4 - High Resolution Infrared Radiation Sounder', 'Infrared', NULL, NULL, 0, 0, '', '', '', '', '', ''),
(722, 'AVHRR/3 - Advanced Very High Resolution Radiometer', 'Infrared', NULL, NULL, 0, 0, '', '', '', '', '', ''),
(723, 'Cluster II', '', NULL, NULL, 0, 0, '', 'Interaction between the Solar Wind and Magnetosphere', '', 'Solar Wind Particles, Particles entering Polar Cusps, Magnetotail', '', ''),
(724, 'NICMOS', 'Infrared Camera/Spectrometer', NULL, NULL, 0, 77, 'Kelvin', 'Electromagnetic Spectrum, Birth of stars, galaxies, solar systems, Interstellar gas, Life of Universe, and formation of galaxies, stars & planetary systems', 'near infra-red wavelengths', '', '', ''),
(725, 'FGS - Fine Guidance Sensors', '', NULL, NULL, 0, 0, '', 'Star positions', '0.007 arcsec', '', '', ''),
(726, 'WFC3 - Wide Field optical Camera', '', NULL, NULL, 0, 0, '', 'Near infrared light, visible light, and near-Ultraviolet radiation', '', '', '', ''),
(727, 'COS', 'Ultraviolet spectrograph', NULL, NULL, 0, 0, '', 'Observing points of light, like stars and quasars, whilst looking at large areas - galaxies', '', '', '', ''),
(728, 'STIS', 'Optical Spectrometer/Camera', NULL, NULL, 0, 0, '', 'To hunt for black holes, measure an object''s temperature, density, chemical composition and motion.', '', '', '', ''),
(729, 'ACS', 'Optical Survey Camera', NULL, NULL, 0, 0, '', 'Studying earliest activity of the Universe, how the Universe evolved, and the nature and distribution of galaxies.', 'Enhanced sensitivity/resolution', 'Sees wavelengths from far ultraviolet to visible light.', '', ''),
(731, 'SPI', 'Spectrometer', NULL, NULL, 0.02, 10, 'MeV', '', 'Fine enough to resolve astrophysical lines and allow spectroscopy in region of gamma-rays', 'Nucleosynthesis, relativistic particle accelerators, and strong-field signatures in compact stars', '', ''),
(732, 'OMC', 'Optical Monitor', NULL, NULL, 500, 600, 'nm', 'X-rays, Gamma-rays', '', '', '', ''),
(733, 'JEM-X', 'X-ray monitor', NULL, NULL, 3, 35, 'keV', 'Images of the sky.', 'Arcminute angular resolution', '', '', ''),
(734, 'IBIS', 'Imager', NULL, NULL, 0.015, 10, 'MeV', '', 'High Angular Resolution', '', '', ''),
(735, 'HRSC - High Resolution Stereo Camera ', '', NULL, NULL, 0, 0, '', '', '2 m ', '', '', ''),
(748, 'ASTER -  Advanced Spaceborne Thermal Emission and Reflection radiometer', '', NULL, NULL, 0, 0, '', '', '', '', '', ''),
(749, 'MOPITT - Measurements of Pollution in the Troposphere', '', NULL, NULL, 0, 0, '', '', '', '', '', ''),
(750, 'MISR - Multi-angle Imaging SpectroRadiometer ', '', NULL, NULL, 0, 0, '', '', '', '', '', ''),
(751, 'MODIS - MODerate-resolution Imaging Spectroradiometer ', '', NULL, NULL, 0, 0, '', '', '', '', '', ''),
(752, 'CERES', 'Clouds and Earth', NULL, NULL, 0, 0, '', '', '', '', '', ''),
(753, 'High-grade single-frequency Phoenix GPS sensor', 'GPS', NULL, NULL, 0, 0, '', '', '', '', '', ''),
(754, 'Formation Flying Radio-Frequency Sensor', '', NULL, NULL, 0, 0, '', '', '', '', '', ''),
(755, 'Vision-Based Sensor ', '', NULL, NULL, 0, 0, '', '', '', '', '', ''),
(756, 'Far-Infrared Surveyor', 'Infrared', NULL, NULL, 45, 180, 'micro m', '', '26.79arcsec, 44.20arcsec', '', '', ''),
(757, 'InfraRed Camera', 'Infrared', NULL, NULL, 1.7, 5.5, 'micron', '', '', '9.5x10.0	9.1x10.0	10.3x10.2', '', ''),
(758, 'CALIOP - the Cloud-Aerosol LIdar with Orthogonal Polarization ', '', NULL, NULL, 0, 0, '', '', '', '', '', ''),
(759, 'WFC - the Wide Field Camera ', '', NULL, NULL, 0, 0, '', '', '', '', '', ''),
(760, 'IIR - the Imaging Infrared Radiometer ', '', NULL, NULL, 0, 0, '', '', '', '', '', ''),
(761, 'GOES-P SXI - Solar X-Ray Imager', 'X-ray Imager', NULL, NULL, 6, 60, 'A (Angstroms)', '', '', '', '', ''),
(762, 'GOES-P SEM - Space Environment Monitor', '3 in 1, EPS, Magnometer, XRS', NULL, NULL, 0.05, 0.3, 'nm', '', '', '', '', ''),
(763, 'GOES-P Sounder', 'Filter Radiometer', NULL, NULL, 0.4, 15, 'microns', '', '', '', '', ''),
(764, 'GOES-P Imager', 'Imager', NULL, NULL, 0, 0, '', '', '', '', '', ''),
(769, 'ASPERA-4 - Analyzer of Space Plasmas and Energetic Atoms', '', NULL, NULL, 0, 0, '', '', '', '', 'http://sci.esa.int/science-e/www/object/index.cfm?fobjectid=33964&fbodylongid=1442', 'The ASPERA-4 conducts neutral and ionised plasma analysis. It is made up of two components:\r\n1) Main Unit, comprising the mechanical scanner, digital processing unit (DPU), Neutral Particle Imager (NPI), Neutral Particle Detector (NPD) and Electron Spectrometer (ELS)\r\n2) Ion Mass Analyser (IMA), mounted separately.'),
(770, 'MAG - Magnetometer', 'magnetometer', NULL, NULL, 0, 0, '', 'map the magnetosheath, magnetotail, ionosphere, and magnetic barrier in high resolution in three-dimensions', '', '', 'http://www.iwf.oeaw.ac.at/index.php?id=211&L=1', ''),
(771, 'PFS - Planetary Fourier Spectrometer', 'Spectrometer', NULL, NULL, 0.9, 45, 'microns', 'Atmospheric vertical sounding by infrared Fourier spectroscopy', '', '', 'http://sci.esa.int/science-e/www/object/index.cfm?fobjectid=33964&fbodylongid=1444', 'The spectral resolution of the instrument is better than 2 cm-1 . The instrument field of view FOV is about 1.6 degrees FWHM for the Short Wavelength (SW) channel and 2.8 degrees for the Long Wavelength (LW) channel. These fields of view correspond to a spatial resolution of seven kilometres for the SW channel and 13 kilometres for the LW channel when Venus is observed from a height of 250 kilometres (nominal height of the pericentre).'),
(772, 'SPICAV - Spectroscopy for Investigation of Characteristics of the Atmosphere of Venus', 'Imaging spectrometer', NULL, NULL, 0.11, 4.2, 'microns', '', '', '', 'http://sci.esa.int/science-e/www/object/index.cfm?fobjectid=33964&fbodylongid=1445', 'SPICAV is an imaging spectrometer for ultraviolet and infrared radiation, to carry out atmospheric spectrometry by star or Sun occultation.'),
(773, 'VeRa - Venus Radio Science', '', NULL, NULL, 0, 0, '', '', '', '', 'http://sci.esa.int/science-e/www/object/index.cfm?fobjectid=33964&fbodylongid=1446', 'Radio sounding of atmosphere'),
(774, 'VIRTIS - Visible and Infrared Thermal Imaging Spectrometer', 'Imaging spectrometer', NULL, NULL, 0.25, 5, 'microns', '', '', '', 'http://sci.esa.int/science-e/www/object/index.cfm?fobjectid=33964&fbodylongid=1447', 'Spectrographic mapping of atmosphere and surface'),
(775, 'VMC - Venus Monitoring Camera', 'Wide-angle, multi-channel CCD', NULL, NULL, 0.365, 1.01, 'microns', '', '', '', 'http://sci.esa.int/science-e/www/object/index.cfm?fobjectid=33964&fbodylongid=1448', 'Ultraviolet and visible imaging'),
(932, 'CDS - Coronal Diagnostic Spectrometer', 'Spectrometer', NULL, NULL, 0, 0, '', 'Electron number density', '', '', 'http://solar.bnsc.rl.ac.uk/', 'The CDS is a unique instrument, designed to detect solar extreme ultraviolet radiation which allows us to probe conditions in the solar corona. The spectra recorded by CDS provide information on temperature, density, elemental composition and flows of very hot plasma trapped in the Sun''s magnetic field. \r\n\r\nThe CDS operation is run from RAL, where the requests for observations from a user community of 15 UK institutes and over 60 world-wide groups are coordinated, planned and run.'),
(933, 'CELIAS - Charge, Element and Isotope Analysis System', 'Various', NULL, NULL, 0, 0, '', 'Mass, ionic charge, energy of solar wind, suprathermal ions and low energy flare particles', '', '', 'http://www.space.unibe.ch/soho/', 'The CELIAS instrument is designed to study the composition of the solar wind (SW) and of solar and interplanetary energetic particles on SOHO. \r\n\r\nIt consists of three different sensors with associated electronics, which are optimized each for a particular aspect of ion composition. These aspects are the elemental, isotopic, and ionic charge composition of SW or energetic ions emanating from the Sun. In addition, the Solar EUV Monitor (SEM) has been included into CELIAS for monitoring the absolute EUV flux from the Sun. \r\n'),
(934, 'COSTEP - Comprehensive Suprathermal and Energetic Particle Analyzer', 'Various', NULL, NULL, 0.04, 26, 'MeV', 'Protons, electrons, alpha', '', '60 x 40 deg', 'http://www.ieap.uni-kiel.de/et/ag-heber/costep', 'COSTEP consists of two instruments, which are called EPHIN (Electron Proton Helium Instrument) and LION (Low Energy Ion and Electron Instrument).'),
(935, 'EIT - Extreme Ultraviolet Imaging Telescope', 'Ritchey-Chretein telescope (12 cm) and CCD', NULL, NULL, 17.1, 30.4, 'nm', '', '', '45 x 45 arcminutes', 'http://umbra.nascom.nasa.gov/eit/', 'The Extreme-ultraviolet Imaging Telescope (EIT) will provide wide-field images of the corona and transition region on the solar disc and up to 1.5 R above the solar limb. Its normal incidence multilayer-coated optics will select spectral emission lines from Fe IX (171 Å), Fe XII (195 Å), Fe XV (284 Å), and He II (304 Å) to provide sensitive temperature diagnostics in the range from 6x10^4 K to 3x10^6 K.'),
(936, 'ERNE - (Energetic and Relativistic Nuclei and Electron Experiment )', 'Particle detector telescopes', NULL, NULL, 1.3, 540, 'MeV', 'Protons, electrons, ions, particle flux', '', '', 'http://www.srl.utu.fi/projects/erne/index_english.html', 'The energy eruptions in the solar atmosphere can lead to the acceleration of local gas particles to extremely high energies and their injection into the interplanetary space. These fast moving streams of particles are recorded by ERNE. At times, when there is no energetic particle production at the Sun, ERNE is observing the continuous flux of energetic particles from Milky Way (galactic cosmic rays) , and from the boundary of the heliosphere accelerated by the termination shock (anomalous cosmic rays). \r\n\r\nERNE Sensor Unit (ESU) has two energetic particle sensors: The Low Energy Detector (LED) and the High Energy Detector (HED).\r\n'),
(937, 'GOLF - Global Oscillations of Low Frequencies ', '', NULL, NULL, 1e-07, 0.02, 'Hz', '', '', '', 'http://www.ias.u-psud.fr/golf/', 'The GOLF experiment aims to study the internal structure of the sun by measuring the spectrum of global oscillations in the frequency range 10^-7 to 10^-2 Hz. Both p and g mode oscillations will be investigated, with the emphasis on the low order long period waves which penetrate the solar core. '),
(938, 'LASCO - Large Angle and Spectrometric Coronagraph', 'Telescopes, coronagraphs, Fabry-Perot interferometer', NULL, NULL, 0, 0, '', '', '', '', 'http://lasco-www.nrl.navy.mil/', 'See also: http://star.mpae.gwdg.de/\r\n\r\nLASCO is a wide-field white light and spectrometric coronagraph consisting of three optical systems having nested fields of view, that together observe the solar corona from just above the limb at 1.1 Rsun, out to very great elongations (32 Rsun).\r\n\r\nThe three telescopes comprising LASCO are designated the C1, with coverage from 1.1 to 3.0 Rsun, the C2, with coverage deliberately overlapping parts of both C1 and C3, and extending from 2.0 to 6.0 Rsun, and the C3, which spans the outer corona from about 3.7 to 32 Rsun. \r\n\r\nThe inner corona instrument, C1, is a newly developed mirror version of the classic Lyot internally occulted coronagraph, while the C2 and C3 are externally occulted instruments. In addition, the C1 is fitted with an imaging Fabry-Perot interferometer, making possible spatially resolved high-resolution coronal spectroscopy in selected spectral emission and absorption lines, between 1.1 and 3.0 Rsun. High definition CCD cameras in each telescope provide detailed images with exceptional dynamic range.'),
(939, 'MDI - Michelson Doppler Imager', 'Imager, interferometer', NULL, NULL, 0, 0, '', '', '', '', 'http://soi.stanford.edu/', 'The MDI observation program was terminated on 12 April 2011. MDI data will continue to be available from the link above for a while. MDI has been superseded by its offspring, SDO/HMI: http://hmi.stanford.edu/'),
(940, 'SUMER - Solar Ultraviolet Measurements of Emitted Radiation', 'Telescope, spectrometer', NULL, NULL, 390, 1610, 'Angstroms', '', '1 - 2 arcsec', '', 'http://www.mps.mpg.de/en/projekte/soho/sumer/', 'SUMER is a UV telescope and spectrometer,  capable of making reliable measurements of bulk motions in the chromosphere, TR and low corona with an accuracy better than 2 km s-1 (Wilhelm et al. 1997), with a spatial resolution of 1 arcsec (one arcsec at L1 corresponds to 715 km on the Sun) across the slit and 2 arcsec along the slit (Lemaire et al. 1997).'),
(941, 'SWAN - Solar Wind Anisotropies', '', NULL, NULL, 115, 180, 'nm', '', '', '5° x 5°', 'http://swan.projet.latmos.ipsl.fr/', 'SWAN does not point directly the Sun. It looks at the solar wind imprint on the Interstellar neutral H flow. The observation principle is called solar wind (or respectively the IS neutral H) Ly-α method. SWAN has been providing almost constant daily observations of the sky in Ly-α. \r\n\r\nThe instrument is equiped with two identical sensor units pointing the northern and southern ecliptic hemispheres respectively. The sensor is completed by a mechanical periscope system containing two mirrors at 45° incidence. The moving mirror system allows full-sky mapping in Ly-α. \r\n\r\nA hydrogen cell is placed in each sensor''s optical path, which provides quantitative information on the spectral profile of the Ly-α line, with a resolving power of about 3 x10^5. '),
(942, 'UVCS - Ultraviolet Coronagraph Spectrometer', 'Reflecting telescopes, coronagraphs, spectrometers, polarimeter', NULL, NULL, 460, 1360, 'Angstroms', '', '', '', 'http://www.cfa.harvard.edu/uvcs/', 'UVCS is composed of three reflecting telescopes with external and internal occultation and a spectrometer assembly consisting of two toric grating spectrometers and a visible light polarimeter. \r\n\r\nThe primary scientific goals of the UVCS are: to locate and characterize the coronal source regions of the solar wind, to identify and understand the dominant physical processes that accelerate the solar wind, to understand how the coronal plasma is heated in solar wind acceleration regions, and to increase the knowledge of coronal phenomena that control the physical properties of the solar wind as determined by in-situ measurements. To progress toward these goals, the UVCS will perform ultraviolet spectroscopy and visible polarimetry to be combined with plasma diagnostic analysis techniques to provide detailed empirical descriptions of the extended solar corona from the coronal base to a heliocentric height of 12 Rsun. '),
(943, 'VIRGO - Variability of Solar Irradiance and Gravity Oscillations', 'Various', NULL, NULL, 0, 0, '', '', '', '', 'http://www.ias.u-psud.fr/virgo/', 'See also: http://www.pmodwrc.ch/pmod.php?topic=tsi/virgo/proj_space_virgo\r\n\r\nThe VIRGO Experiment has three types of instruments to measure total solar irradiance with the absolute radiometers DIARAD and PMO6V, spectral solar irradiance at 402, 500 and 862 nm with a 3-channel sun photometer (SPM) and spectral radiance at 500 nm with a luminosity oscillation imager (LOI).'),
(957, 'X-ray telescopes', 'X-ray telescope', NULL, NULL, 0.15, 15, 'keV', '', '6 arcsec (FWHM)', '30 arcmin', 'http://sci.esa.int/science-e/www/object/index.cfm?fobjectid=31318&fbodylongid=799', 'The telescopes consist of three barrel-shaped mirror modules, each containing 58 "Wolter-type I" wafer-thin concentric mirrors, 0.3 m to 0.7 m in diameter and 0.6 m in length.\r\n\r\nEach telescope includes, apart from the mirror module, baffles for visible and X-ray stray-light suppression and an electron deflector for diverting soft electrons. Two of the telescopes carry a Reflection Grating Array (RGA).'),
(958, 'EPIC - European Photon Imaging Cameras', 'Imager, spectrometer', NULL, NULL, 0.15, 15, 'keV', '', '6 arcsec (FWHM)', '30 arcmin', 'http://sci.esa.int/science-e/www/object/index.cfm?fobjectid=31281&fbodylongid=774', 'The three EPIC cameras offer the possibility to perform extremely sensitive imaging observations over the telescope''s field of view of 30 arcmin and in the energy range from 0.15 to 15 keV with moderate spectral (E/∆E ~ 20-50) and angular resolution (PSF, about 6 arcsec FWHM).'),
(959, 'RGS - Reflection Grating Spectrometer', '', NULL, NULL, 5, 35, 'Angstroms', '', '', '', 'http://sci.esa.int/science-e/www/object/index.cfm?fobjectid=31281&fbodylongid=797', 'For a complementary analysis of the spectrum, two of the three telescopes have a grating structure on their mirror module that reflects about 40 per cent of the incoming rays to a secondary focus, with its own CCD camera. This Reflection Grating Spectrometer (RGS) "fans out" the various wavelengths, thus indicating, in more detail than EPIC, the exact condition of individual elements, such as oxygen and iron.\r\n\r\nThe two reflection grating arrays (RGA) on XMM-Newton are each composed of 182 grating plates. '),
(960, 'OM - Optical Monitor', 'Optical/UV telescope', NULL, NULL, 170, 650, 'nm', '', '', '17 arcmin square', 'http://sci.esa.int/science-e/www/object/index.cfm?fobjectid=31281&fbodylongid=798', 'The third instrument aboard XMM-Newton is a conventional but very sensitive optical/UV telescope, the Optical Monitor (OM). It can observe simultaneously the same regions as the X-ray telescopes, but at ultraviolet and visible wavelengths, providing complementary data about the X-ray sources. \r\n\r\nThe 2-metre long, 30 cm diameter telescope is as sensitive as a four-metre diameter instrument on the Earth''s surface.'),
(1123, 'HIFI - Heterodyne Instrument for the Far Infrared', 'Heterodyne spectrometer', NULL, NULL, 480, 1910, 'GHz', '', '', '', 'http://www.sron.nl/divisions/lea/hifi/', 'Very high resolution heterodyne spectrometer, providing continuous coverage over the range 480 to 1250 GHz in five bands, and 1410 to 1910 GHz in two additional bands. '),
(1124, 'PACS - Photodetector Array Camera and Spectrometer', 'Camera and imaging spectrometer', NULL, NULL, 57, 210, 'µm', 'Operates either as an imaging photometer or an integral field spectrometer over the spectral band.', '', '', 'http://www.mpe.mpg.de/ir/Pacs', ''),
(1125, 'SPIRE - Spectral and Photometric Imaging REciever', 'Camera and imaging spectrometer', NULL, NULL, 200, 700, 'µm', '', '', '', 'http://www.astro.cf.ac.uk/research/instr/projects/?page=spire', 'The SPIRE instrument contains an imaging photometer (camera) and an imaging spectrometer. The camera operates in three wavelength bands centred on 250, 350 and 500 μm, and so can make images of the sky simultaneously in three submillimetre “colours”.  The spectrometer covers the range 200 – 670 μm, allowing the spectral features of atoms and molecules to be measured. '),
(1126, '3.5-m telescope', 'Cassegrain telescope', NULL, NULL, 0, 0, '', '', '', '', 'http://sci.esa.int/science-e/www/object/index.cfm?fobjectid=34690', ''),
(1141, 'MASCS - Mercury Atmospheric and Surface Composition Spectrometer', 'Spectrograph', NULL, NULL, 115, 1450, 'nm', 'Abundance of atmospheric gases around Mercury and detection of minerals in its surface materials', '0.6 nm average spectral res. (UVVS); 5 nm  resolution in 300–1450 nm wavelength range (VIRS)', ' ', 'http://messenger.jhuapl.edu/instruments/MASCS.html', 'MASCS consists of a small Cassegrain telescope with 257-mm effective focal length and a 50-mm aperture that simultaneously feeds an UltraViolet and Visible Spectrometer (UVVS) and a Visible and InfraRed Spectrograph (VIRS).\r\n\r\n\r\nRef: http://www.springerlink.com/content/y5j4w7qm1g315607/'),
(1142, 'EPPS - Energetic Particle and Plasma Spectrometer', 'Spectrometers', NULL, NULL, 0, 0, '', 'Composition, distribution, and energy of charged particles (electrons and various ions) in Mercury''s magnetosphere', '', '160° x 12° for measuring the energy spectra and pitch-angle distribution of ions and electrons', 'http://messenger.jhuapl.edu/instruments/EPPS.html', 'EPPS will measure the mix and characteristics of charged particles in and around Mercury’s magnetosphere using an Energetic Particle Spectrometer (EPS) and a Fast Imaging Plasma Spectrometer (FIPS). Both are equipped with time-of-flight and energy-measurement technologies to determine simultaneously particle velocities and elemental species.\r\n\r\nEPS measures the energy, angular, and compositional distributions of the high-energy components of the in situ electrons (>20 keV) and ions (<5 keV/nucleon), while FIPS measures the energy, angular, and compositional distributions of the low-energy components of the ion distributions (>50 eV/charge to 20 keV/charge).\r\n\r\nRef: http://www.springerlink.com/content/hh71629212632685/'),
(1143, 'MLA - Mercury Laser Alitmeter', 'Altimeter', NULL, NULL, 0, 0, '', '', '1 m from a line-of-sight distance of 1200 km', '', 'http://messenger.jhuapl.edu/instruments/MLA.html', 'MLA maps Mercury’s landforms and other surface characteristics using an infrared laser transmitter and a receiver that measures the round-trip time of individual laser pulses. The data will also be used to track the planet’s slight, forced libration – a wobble about its spin axis – which will tell researchers about the state of Mercury’s core.\r\n\r\nMLA will sample the planet’s surface to within a 1-m range error when the line-of-sight range to Mercury is less than 1,200 km under spacecraft nadir pointing or the slant range is less than 800 km. The altimeter measurements will be used to determine the planet’s forced physical librations by tracking the motion of large-scale topographic features as a function of time. MLA’s laser pulse energy monitor and the echo pulse energy estimate will provide an active measurement of the surface reflectivity at 1,064 nm.\r\n\r\nRef: http://www.springerlink.com/content/c13u866587156310/'),
(1144, 'MAG - Magnetometer', 'Magnetometer', NULL, NULL, 0, 0, '', 'Mercury''s intrinsic magnetic field', '1.6nT (coarse) and 0.047nT (fine)', '  ', 'http://messenger.jhuapl.edu/instruments/MAG.html', 'The Magnetometer (MAG) on the MESSENGER mission is a low-noise, tri-axial, fluxgate instrument with its sensor mounted on a 3.6-m-long boom. \r\n\r\nMAG has a coarse range, ±51,300 nT full scale (1.6-nT resolution), for pre-flight testing, and a fine range, ±1,530 nT full scale (0.047-nT resolution), for Mercury operation.\r\n\r\nRef: http://www.springerlink.com/content/wr8626mvux661g15/'),
(1145, 'XRS - X-Ray Spectrometer', 'Spectrometer', NULL, NULL, 1, 10, 'keV', 'Mg, Al, Si, Na, Ti, Fe', 'Spatial, 42km - 3200km', '12°  x  12°', 'http://messenger.jhuapl.edu/instruments/XRS.html', 'Ref: http://www.springerlink.com/content/w2112557570284r4/ \r\n\r\nMaps mineral composition within the top millimeter of the surface on Mercury by detecting X-ray spectral lines from magnesium, aluminum, sulphur, calcium, titanium, and iron, in the 1-10 keV range.'),
(1146, 'GRNS - Gamma Ray and Neutron Spectrometer', 'Spectrometer', NULL, NULL, 0.1, 10, 'MeV', 'H, O, Na', '&#8776;3.5 keV at FWHM, >5000 events per second, For the spectrometer Energy resolution &#8776;50% for Li-glass and &#8776;30% for the borated plastic scintillator >10,000 events per second', 'For Neutrons, 10cm  x  10cm ', 'http://messenger.jhuapl.edu/instruments/GRNS.html', ''),
(1147, 'MDIS - Mercury Dual Imaging System', 'Imager', NULL, NULL, 350, 1, 'nm', 'Visible and near Infrared light (up to 1100nm),,', '1024 x 1024 pixel array, 14&#956;m pixels', 'Narrow 1.5?, Wide 10.5?  x  ', 'http://messenger.jhuapl.edu/instruments/MDIS.html', 'Ref: http://www.springerlink.com/content/npu6x6v850682p3n/'),
(1199, 'MASCS - Mercury Atmospheric and Surface Composition Spectrometer', 'Spectrograph', NULL, NULL, 115, 1450, 'nm', 'Abundance of atmospheric gases around Mercury and detection of minerals in its surface materials', '0.6 nm average spectral res. (UVVS); 5 nm  resolution in 300–1450 nm wavelength range (VIRS)', ' ', 'http://messenger.jhuapl.edu/instruments/MASCS.html', 'MASCS consists of a small Cassegrain telescope with 257-mm effective focal length and a 50-mm aperture that simultaneously feeds an UltraViolet and Visible Spectrometer (UVVS) and a Visible and InfraRed Spectrograph (VIRS).\r\n\r\n\r\nRef: http://www.springerlink.com/content/y5j4w7qm1g315607/'),
(1200, 'EPPS - Energetic Particle and Plasma Spectrometer', 'Spectrometers', NULL, NULL, 0, 0, '', 'Composition, distribution, and energy of charged particles (electrons and various ions) in Mercury''s magnetosphere', '', '160° x 12° for measuring the energy spectra and pitch-angle distribution of ions and electrons', 'http://messenger.jhuapl.edu/instruments/EPPS.html', 'EPPS will measure the mix and characteristics of charged particles in and around Mercury’s magnetosphere using an Energetic Particle Spectrometer (EPS) and a Fast Imaging Plasma Spectrometer (FIPS). Both are equipped with time-of-flight and energy-measurement technologies to determine simultaneously particle velocities and elemental species.\r\n\r\nEPS measures the energy, angular, and compositional distributions of the high-energy components of the in situ electrons (>20 keV) and ions (<5 keV/nucleon), while FIPS measures the energy, angular, and compositional distributions of the low-energy components of the ion distributions (>50 eV/charge to 20 keV/charge).\r\n\r\nRef: http://www.springerlink.com/content/hh71629212632685/'),
(1201, 'MLA - Mercury Laser Alitmeter', 'Altimeter', NULL, NULL, 0, 0, '', '', '1 m from a line-of-sight distance of 1200 km', '', 'http://messenger.jhuapl.edu/instruments/MLA.html', 'MLA maps Mercury’s landforms and other surface characteristics using an infrared laser transmitter and a receiver that measures the round-trip time of individual laser pulses. The data will also be used to track the planet’s slight, forced libration – a wobble about its spin axis – which will tell researchers about the state of Mercury’s core.\r\n\r\nMLA will sample the planet’s surface to within a 1-m range error when the line-of-sight range to Mercury is less than 1,200 km under spacecraft nadir pointing or the slant range is less than 800 km. The altimeter measurements will be used to determine the planet’s forced physical librations by tracking the motion of large-scale topographic features as a function of time. MLA’s laser pulse energy monitor and the echo pulse energy estimate will provide an active measurement of the surface reflectivity at 1,064 nm.\r\n\r\nRef: http://www.springerlink.com/content/c13u866587156310/'),
(1202, 'MAG - Magnetometer', 'Magnetometer', NULL, NULL, 0, 0, '', 'Mercury''s intrinsic magnetic field', '1.6nT (coarse) and 0.047nT (fine)', '  ', 'http://messenger.jhuapl.edu/instruments/MAG.html', 'The Magnetometer (MAG) on the MESSENGER mission is a low-noise, tri-axial, fluxgate instrument with its sensor mounted on a 3.6-m-long boom. \r\n\r\nMAG has a coarse range, ±51,300 nT full scale (1.6-nT resolution), for pre-flight testing, and a fine range, ±1,530 nT full scale (0.047-nT resolution), for Mercury operation.\r\n\r\nRef: http://www.springerlink.com/content/wr8626mvux661g15/'),
(1203, 'XRS - X-Ray Spectrometer', 'Spectrometer', NULL, NULL, 1, 10, 'keV', 'Mg, Al, Si, Na, Ti, Fe', 'Spatial, 42km - 3200km', '12°  x  12°', 'http://messenger.jhuapl.edu/instruments/XRS.html', 'Ref: http://www.springerlink.com/content/w2112557570284r4/ \r\n\r\nMaps mineral composition within the top millimeter of the surface on Mercury by detecting X-ray spectral lines from magnesium, aluminum, sulphur, calcium, titanium, and iron, in the 1-10 keV range.'),
(1204, 'GRNS - Gamma Ray and Neutron Spectrometer', 'Spectrometer', NULL, NULL, 0, 0, '', 'H, O, Na, Mg, Si, Ca, Ti, Fe, K, Th', '', '', 'http://messenger.jhuapl.edu/instruments/GRNS.html', 'Ref: http://www.springerlink.com/content/k732215880714128/ \r\n\r\nThe GRNS consists of separate gamma-ray and neutron spectrometers to collect complementary data on elements that form Mercury''s crust: The Gamma-Ray Spectrometer (GRS) measures gamma rays emitted by the nuclei of atoms on Mercury’s surface that are struck by cosmic rays; and the Neutron Spectrometer (NS) maps variations in the fast, thermal, and epithermal neutrons Mercury’s surface emits when struck by cosmic rays.\r\n\r\nThe GRS portion detects gamma-ray emissions in the 0.1- to 10-MeV energy range and achieves an energy resolution of 3.5 keV full-width at half-maximum for 60Co (1332 keV).\r\n\r\nThe NS sensor consists of a sandwich of three scintillation detectors working in concert to measure the flux of ejected neutrons in three energy ranges from thermal to ~7 MeV. '),
(1205, 'MDIS - Mercury Dual Imaging System', 'Imager', NULL, NULL, 395, 1040, 'nm (Wide)', 'Visible and near Infrared light (up to 1100nm)', '20–50 meters/pixel (Narrow), 250 metres/pixel (Wide)', '1.5° x 1.5° (Narrow), 10.5° x 10.5° (Wide)  ', 'http://messenger.jhuapl.edu/instruments/MDIS.html', 'Ref: http://www.springerlink.com/content/npu6x6v850682p3n/ \r\n\r\nMDIS consists of a monochrome narrow-angle camera (NAC) and a multispectral wide-angle camera (WAC). The NAC is a 1.5° field-of-view (FOV) off-axis reflector, coaligned with the WAC, a four-element refractor with a 10.5° FOV and 12-colour filter wheel. The focal plane electronics of each camera are identical and use a 1024×1024 Atmel (Thomson) TH7888A CCD detector.'),
(1206, 'RS - Radio Science', 'Various', NULL, NULL, 0, 0, '', '', '', '', 'http://messenger.jhuapl.edu/instruments/RS.html', 'Measures the gravity of Mercury and the state of the planetary core by utilizing the spacecraft positioning data.'),
(1207, 'CRIS - Cosmic Ray Isotope Spectrometer', 'Spectrometer', NULL, NULL, 250, 250, 'cm²-sr', 'Species: 2 ≤ Z ≤ 30; Quantities: Z, M, E', 'mass resolution, 0.25 amu ', '', '', 'Typical Energy (MeV/nuc): ~ 200\r\nTechnique: dE/dx - E'),
(1208, 'SWICS - Solar Wind Ion Composition Spectrometer', 'Spectrometer', NULL, NULL, 0, 100, 'keV/e', '', '', '', '', ''),
(1209, 'SEPICA - Solar Energetic Particle Ionic Charge Analyzer', 'Ionic state', NULL, NULL, 0.2, 100, 'MeV/Nuc', '', '', '', '', ''),
(1210, 'ULEIS - Ultra-Low Energy Isotope Spectrometer', 'Ion Flux', NULL, NULL, 20000, 10000, 'MeV/nucleon', '', '', '', '', ''),
(1211, 'SIS - Solar Isotope Spectrometer', 'Spectrometer', NULL, NULL, 10, 100, 'MeV/nucleon', '', 'mass resolution, 0.25 amu', '', '', ''),
(1212, 'SWIMS - Solar Wind Ions Mass Spectrometer', 'Spectrometer', NULL, NULL, 0, 10, 'keV/e', '', '', '', '', ''),
(1213, 'EPAM - Electron, Proton, and Alpha-particle Monitor', 'Spectrometer', NULL, NULL, 0, 50, 'keV', '', '', '', '', ''),
(1214, 'SWEPAM - Solar Wind Electron, Proton, and Alpha Monitor', 'Monitor', NULL, NULL, 0.26, 36, 'Kev', '', '', '', '', ''),
(1215, 'Mag - Magnetometer', 'Twin, triaxial fluxgate magnetometers (boom mounted)', NULL, NULL, 4, 65, 'nT', '', '', '', '', ''),
(1216, 'RTSW - Real-Time Solar Wind data', 'Geometric storm warning', NULL, NULL, 0, 0, '', '', '', '', '', ''),
(1225, 'Super-AGILE', 'Hard X-ray imager', NULL, NULL, 18, 60, 'keV', '', '', '', '', 'Ref: Costa et al., AIP Conference Proceedings, Volume 599, pp. 582-585 (2001): http://adsabs.harvard.edu//abs/2001AIPC..599..582C'),
(1226, 'GRID - Gamma Radiation Detector', 'Gamma-ray imager', NULL, NULL, 0.03, 50, 'GeV', '', '', '', '', ''),
(1227, 'MCAL - Mini-CALorimeter', 'Calorimeter', NULL, NULL, 0.35, 100, 'MeV', '', '', '', '', 'Ref: http://www.worldscientific.com/doi/abs/10.1142/9789812773678_0144'),
(1228, 'MPO - Mercury Planetary Orbiter', 'Various', NULL, NULL, 0, 0, '', '', '', '', 'http://sci.esa.int/science-e/www/object/index.cfm?fobjectid=38831', ''),
(1229, 'MMO - Mercury Magnetospheric Orbiter', 'Various', NULL, NULL, 0, 0, '', '', '', '', 'http://sci.esa.int/science-e/www/object/index.cfm?fobjectid=38832', ''),
(1230, 'Huygens Probe', 'Various (6)', NULL, NULL, 0, 0, '', '', '', '', 'http://sci.esa.int/science-e/www/object/index.cfm?fobjectid=31193', ''),
(1231, 'Cassini Orbiter', 'Various (12)', NULL, NULL, 0, 0, '', '', '', '', 'http://sci.esa.int/science-e/www/object/index.cfm?fobjectid=34954', ''),
(1295, 'C1XS - Chandrayaan-1 X-ray Spectrometer', 'X-ray spectrometer, ', 0.000000, 'x-ray, ', 1, 10, 'keV', 'Measure the elemental abundance, and map the distribution of the three main rock forming elements: Mg, Al, and Si.', '', '', 'http://www.isro.gov.in/Chandrayaan/htmls/cixs_esa.htm', 'The C1XS is, through ESA, a collaboration between Rutherford Appleton Laboratory,UK and ISRO Satellite Centre, ISRO.\r\n\r\nThe primary goal of the C1XS instrument is to carry out high quality X-ray spectroscopic mapping of the Moon.'),
(1296, 'SARA - Sub-keV Atom Reflecting Analyser', '', 0.000000, '', 0.01, 2, 'keV', 'Detect atoms with sufficient angular and mass resolution to address the scientific objectives.', '', '', 'http://www.isro.gov.in/Chandrayaan/htmls/sara_esa.htm', ''),
(1297, 'SIR-2 - Near Infrared Spectrometer', 'Spectrometer, ', 0.000000, 'infrared, ', 0.9, 2.4, 'microns', '', '6 nm', '', 'http://www.isro.gov.in/Chandrayaan/htmls/sir-2_esa.htm', ''),
(1298, 'TMC - Terrain Mapping Camera', 'Imaging camera, ', 0.000000, 'optical, ', 0.5, 0.85, 'µm', '', '', '', 'http://www.isro.gov.in/Chandrayaan/htmls/tmc.htm', 'The aim of TMC is to map topography of both near and far side of the Moon and prepare a 3-D atlas with high spatial and elevation resolution of 5 m.'),
(1299, 'HySi - Hyper Spectral Imager', 'Imaging spectrometer, ', 0.000000, 'optical, ', 0.4, 0.95, 'µm', '', '', '', 'http://www.isro.gov.in/Chandrayaan/htmls/hysi.htm', 'The uniqueness of the HySI is in its capability of mapping the lunar surface in 64 contiguous bands in the VNIR, the spectral range of 0.4-0.95 µm region with a spectral resolution of better than 15 nm and spatial resolution of 80 m, with swath coverage of 20 km. HySI will collect the Sun’s reflected light from the Moon’s surface through a tele-centric refractive optics and focus on to an Active Pixel Sensor (APS) area detector for this purpose. '),
(1300, 'LLRI - Lunar Laser Ranging Instrument', 'Altimeter, ', 0.000000, '', 0, 0, '', '', '', '', 'http://www.isro.gov.in/Chandrayaan/htmls/llri.htm', 'The LLRI will provide ranging data for determining the height difference between the spacecraft and the lunar surface.\r\n\r\nThe elevation map of the Moon prepared using the laser ranging instrument will help in studying the morphology of large basins and other lunar features, study stress, strain and flexural properties of the lithosphere and when coupled with gravity studies, would be able to find the density distribution of the crust.'),
(1301, 'HEX - High Energy X-ray Spectrometer', 'X-ray spectrometer, ', 0.000000, 'x-ray, ', 30, 270, 'keV', '', '', '', 'http://www.isro.gov.in/Chandrayaan/htmls/hex.htm', 'he High Energy X-ray (HEX) experiment is designed primarily to study the emission of low energy (30-270 keV) natural gamma-rays from the lunar surface due to 238U and 232Th and their decay chain nuclides. '),
(1302, 'MIP - Moon Impact Probe', 'Radar altimeter, CCD camera, Mass spectrometer, ', 0.000000, '', 0, 0, '', '', '', '', 'http://www.isro.gov.in/Chandrayaan/htmls/mip.htm', 'The impact probe of 35 kg mass will be attached at the top deck of the main orbiter and will be released during the final 100 km x 100 km orbit at a predetermined time to impact at a pre-selected location. During the descent phase, it is spin-stabilized. The total flying time from release to impact on Moon is around 25 minutes.\r\n\r\nThe primary objective is to demonstrate the technologies required for landing the probe at a desired location on the Moon and to qualify some of the technologies related to future soft landing missions. '),
(1303, 'RADOM - Radiation Dose Monitor Experiment', 'Miniature spectrometer-dosimeter, ', 0.000000, '', 0, 0, '', '', '', '', 'http://www.isro.gov.in/Chandrayaan/htmls/radom_bas.htm', 'RADOM will qualitatively and quantitatively characterise the radiation environment in near lunar space, in terms of particle flux, dose rate and deposited energy spectrum. '),
(1304, 'Mini-SAR - Miniature Synthetic Aperture Radar', 'Various, ', 0.000000, '', 0, 0, '', '', '', '', 'http://www.isro.gov.in/Chandrayaan/htmls/minisar_nasa.htm', 'Mini-SAR aims to detect water ice in the permanently shadowed regions on the Lunar poles, upto a depth of a few meters.'),
(1305, 'M3 - Moon Mineralogy Mapper', 'Imaging spectrometer', 0.000000, '', 0, 0, '', '', '', '', 'http://www.isro.gov.in/Chandrayaan/htmls/mmm_nasa.htm', 'The primary Science goal of M3 is to characterize and map lunar surface mineralogy in the context of lunar geologic evolution. This translates into several sub-topics relating to understanding the highland crust, basaltic volcanism, impact craters, and potential volatiles. ');

-- --------------------------------------------------------

--
-- Tabellenstruktur für Tabelle `sensor_to_scientific_contacts`
--

CREATE TABLE IF NOT EXISTS `sensor_to_scientific_contacts` (
  `sensor_id` int(10) unsigned NOT NULL,
  `scientific_contact_id` int(10) unsigned NOT NULL,
  PRIMARY KEY (`sensor_id`,`scientific_contact_id`),
  KEY `sensor_id_2` (`sensor_id`),
  KEY `scientific_contact_id_2` (`scientific_contact_id`)
) ENGINE=InnoDB DEFAULT CHARSET=utf8;

--
-- Daten für Tabelle `sensor_to_scientific_contacts`
--

INSERT INTO `sensor_to_scientific_contacts` (`sensor_id`, `scientific_contact_id`) VALUES
(669, 779),
(670, 780),
(671, 781),
(672, 782),
(673, 783),
(674, 784),
(675, 785),
(676, 786),
(677, 787),
(678, 788),
(678, 789),
(678, 790),
(678, 791),
(678, 792),
(678, 793),
(679, 794),
(680, 795),
(681, 796),
(682, 797),
(683, 798),
(684, 799),
(685, 800),
(686, 801),
(686, 802),
(687, 803),
(688, 804),
(688, 805),
(689, 806),
(690, 807),
(691, 808),
(692, 809),
(699, 811),
(700, 812),
(701, 813),
(702, 814),
(703, 815),
(708, 819),
(709, 820),
(710, 821),
(722, 828),
(723, 829),
(724, 830),
(725, 831),
(726, 832),
(727, 833),
(728, 834),
(729, 835),
(731, 837),
(732, 838),
(733, 839),
(734, 840),
(735, 841),
(753, 853),
(753, 854),
(753, 855),
(753, 856),
(756, 857),
(757, 858),
(760, 859),
(761, 860),
(769, 864),
(770, 865),
(771, 866),
(772, 867),
(773, 868),
(774, 869),
(775, 870),
(932, 1028),
(933, 1029),
(934, 1030),
(935, 1031),
(936, 1032),
(937, 1033),
(938, 1034),
(939, 1035),
(940, 1036),
(941, 1037),
(942, 1038),
(943, 1039),
(1123, 1210),
(1124, 1211),
(1125, 1212),
(1141, 1227),
(1142, 1228),
(1143, 1229),
(1144, 1230),
(1145, 1231),
(1146, 1232),
(1147, 1233),
(1199, 1284),
(1200, 1285),
(1201, 1286),
(1202, 1287),
(1203, 1288),
(1204, 1289),
(1205, 1290),
(1206, 1291),
(1207, 1292),
(1208, 1293),
(1209, 1294),
(1210, 1295),
(1211, 1296),
(1212, 1297),
(1213, 1298),
(1214, 1299),
(1215, 1300),
(1216, 1301),
(1228, 1302),
(1295, 1361),
(1296, 1362),
(1297, 1363),
(1298, 1364),
(1299, 1365),
(1300, 1366),
(1301, 1367),
(1303, 1368);

-- --------------------------------------------------------

--
-- Tabellenstruktur für Tabelle `space_missions`
--

CREATE TABLE IF NOT EXISTS `space_missions` (
  `id` int(10) unsigned NOT NULL AUTO_INCREMENT,
  `mission_name` text NOT NULL,
  `mission_agency` int(10) unsigned NOT NULL,
  `spice_id` varchar(10) DEFAULT NULL,
  `launch_date` date NOT NULL,
  `death_date` date DEFAULT NULL,
  `web_address` text NOT NULL,
  `brief_description` text,
  `creation_date` datetime NOT NULL,
  `modification_date` datetime DEFAULT NULL,
  `research_comments` text,
  `target_comments` text,
  PRIMARY KEY (`id`),
  KEY `mission_agency_id` (`mission_agency`)
) ENGINE=InnoDB  DEFAULT CHARSET=utf8 AUTO_INCREMENT=37 ;

--
-- Daten für Tabelle `space_missions`
--

INSERT INTO `space_missions` (`id`, `mission_name`, `mission_agency`, `spice_id`, `launch_date`, `death_date`, `web_address`, `brief_description`, `creation_date`, `modification_date`, `research_comments`, `target_comments`) VALUES
(1, 'AGILE - Astro‐rivelatore Gamma a Immagini LEggero', 10, NULL, '2007-04-23', '0000-00-00', 'http://agile.rm.iasf.cnr.it/', 'AGILE is an X-ray and Gamma ray astronomical satellite, aimed to observe the Gamma-Ray sources in the universe.', '2011-02-25 15:44:15', '2012-07-24 16:41:58', '', ''),
(3, 'Rosetta', 2, NULL, '2004-03-02', '2015-12-01', 'http://www.esa.int/esaMI/Rosetta/SEMYMF374OD_0.html', 'Rosetta is the first mission designed to orbit and land on a comet. It consists of an orbiter, carrying 11 science experiments, and a lander, called "Philae", carrying 10 additional instruments, for the most detailed study of a comet ever attempted. \r\n\r\nRosetta will rendezvous with comet 67P/Churyumov-Gerasimenko in 2014, releasing its lander onto the icy nucleus and continuing to orbit the comet as it heads towards perihelion. \r\n\r\nOn its approach to 67P, Rosetta has received gravity assists from Earth and Mars and has flown by two main-belt asteroids Steins (2008) and Lutetia (2010).', '2011-02-28 12:56:32', '2012-07-19 10:21:29', NULL, NULL),
(4, 'Mars Express', 2, NULL, '2003-06-02', '2012-12-31', 'http://www.esa.int/SPECIALS/Mars_Express/SEMFU55V9ED_0.html', '', '2011-02-28 13:14:52', '2012-07-19 10:50:01', NULL, NULL),
(5, 'Cassini-Huygens', 2, NULL, '1997-10-15', '2017-09-00', 'http://sci.esa.int/science-e/www/area/index.cfm?fareaid=12', 'The Cassini-Huygens mission is a NASA/ESA/ASI mission to explore the Saturnian system. \r\nThe ESA component consists largely of the Huygens probe, which entered the atmosphere of Saturn''s largest moon, Titan, and descended under parachute down to the surface. \r\nThe Cassini spacecraft is undertaking an extensive exploration of the Saturnian system with its rings and many satellites. \r\nCassini completed its initial four-year mission to explore the Saturn System in June 2008 and the first extended mission, called the ''Cassini Equinox Mission'', in September 2010. \r\nA second extended mission, called the ''Cassini Solstice Mission'' will continue until September 2017; this will allow scientists to study the Saturnian system until the summer solstice is passed in May 2017. By the time this new extension is completed the Cassini mission will have covered (since it arrived in the system) one half of a Saturnian year.', '2011-02-28 13:23:36', '2012-07-24 17:57:02', '', ''),
(6, 'BepiColombo', 2, NULL, '2015-00-00', '2023-00-00', 'http://sci.esa.int/science-e/www/area/index.cfm?fareaid=30', 'BepiColombo is Europe''s first mission to Mercury. It will set off in 2015 on a journey to the smallest and least explored terrestrial planet in our Solar System. When it arrives at Mercury in January 2022, it will endure temperatures in excess of 350 °C and gather data during its 1 year nominal mission, with a possible 1-year extension. \r\n\r\nThe mission comprises two spacecraft: the Mercury Planetary Orbiter (MPO) and the Mercury Magnetospheric Orbiter (MMO). \r\n\r\nBepiColombo is a joint mission between ESA and the Japan Aerospace Exploration Agency (JAXA), executed under ESA leadership.', '2011-02-28 13:25:47', '2012-07-24 17:42:08', '', ''),
(7, 'Cluster', 1, NULL, '2000-08-09', '2014-12-31', 'http://sci.esa.int/science-e/www/area/index.cfm?fareaid=8', '', '2011-03-02 16:03:09', '2012-07-19 10:46:28', NULL, NULL),
(8, 'INTEGRAL - International Gamma-Ray Astrophysics Laboratory', 2, NULL, '2002-10-17', '2014-12-31', 'http://sci.esa.int/science-e/www/area/index.cfm?fareaid=21', '', '2011-03-02 16:59:18', '2012-07-19 10:49:54', NULL, NULL),
(9, 'Planck', 2, NULL, '2009-05-14', '2012-01-01', 'http://sci.esa.int/science-e/www/area/index.cfm?fareaid=17', '', '2011-03-02 23:31:21', '2012-07-19 10:22:22', NULL, NULL),
(10, 'XMM-Newton', 2, NULL, '1999-12-10', '2014-12-31', 'http://sci.esa.int/science-e/www/area/index.cfm?fareaid=23', 'XMM-Newton is a joint ESA-NASA orbiting observatory, designed to observe high-energy X-rays emitted from exotic astronomical objects such as pulsars, black holes and active galaxies. XMM-Newton is the most powerful X-ray telescope ever placed in orbit. ', '2011-03-03 00:02:24', '2012-07-20 13:14:11', NULL, NULL),
(11, 'The Hubble Space Telescope', 1, NULL, '1990-04-24', '2014-12-31', 'http://hubble.nasa.gov/', '', '2011-03-03 00:27:48', '2012-07-19 10:48:35', NULL, NULL),
(12, 'Herschel Space Observatory', 2, NULL, '2009-05-14', '2013-05-13', 'http://sci.esa.int/science-e/www/area/index.cfm?fareaid=16', 'See also: http://www.esa.int/esaMI/Herschel\r\n\r\n', '2011-03-03 01:49:26', '2012-07-24 00:24:19', '', ''),
(13, 'Suzaku', 6, NULL, '2005-07-10', '0000-00-00', 'http://www.nasa.gov/mission_pages/astro-e2/main/index.html', '', '2011-03-03 02:43:26', '2012-07-19 10:31:46', NULL, NULL),
(14, 'Chandrayaan-1', 11, NULL, '2008-10-22', '0000-00-00', 'http://www.isro.gov.in/Chandrayaan/htmls/home.htm', 'The Chandrayaan-1 mission is India''s first scientific mission to the Moon, aimed at high-resolution remote sensing in visible, near infrared (NIR), low energy X-rays and high-energy X-ray regions. Specifically the objectives are:\r\n- To prepare a three-dimensional atlas (with high spatial and altitude resolution of 5-10 m) of both near and far side of the moon.\r\n	\r\n- To conduct chemical and mineralogical mapping of the entire lunar surface for distribution of mineral and chemical elements such as Magnesium, Aluminum, Silicon, Calcium, Iron and Titanium as well as high atomic number elements such as Radon, Uranium & Thorium with high spatial resolution.', '2011-03-03 03:32:02', '2012-07-25 13:02:34', '', ''),
(15, 'Hinode', 6, NULL, '2006-09-22', '0000-00-00', 'http://www.isas.jaxa.jp/e/enterp/missions/hinode/', '', '2011-03-03 04:16:56', '2012-07-19 10:29:46', NULL, NULL),
(16, 'COROT', 4, NULL, '2006-12-27', '2013-03-31', 'http://smsc.cnes.fr/COROT/', '', '2011-03-03 04:37:08', '2012-07-19 10:25:11', NULL, NULL),
(17, 'Prisma', 9, NULL, '2010-06-15', '2012-01-01', 'http://www.dlr.de/rb/en/desktopdefault.aspx/tabid-6813/11187_read-25543/', '', '2011-03-03 21:37:23', '2012-07-19 10:58:52', NULL, NULL),
(18, 'Akari', 6, NULL, '2006-02-21', '0000-00-00', 'http://www.ir.isas.jaxa.jp/ASTRO-F/Outreach/index_e.html', '', '2011-03-03 22:01:34', '2012-07-19 11:00:39', NULL, NULL),
(19, 'ACE - Advanced Composition Explorer', 1, NULL, '1997-08-25', '2024-01-01', 'http://www.srl.caltech.edu/ACE/', 'ACE launched on a McDonnell-Douglas Delta II 7920 launch vehicle on August 25, 1997 from the Kennedy Space Center in Florida.\r\n\r\nThe Earth is constantly bombarded with a stream of accelerated particles arriving not only from the Sun, but also from interstellar and galactic sources. Study of these energetic particles contributes to our understanding of the formation and evolution of the solar system as well as the astrophysical processes involved. The Advanced Composition Explorer (ACE) spacecraft carrying six high-resolution sensors and three monitoring instruments samples low-energy particles of solar origin and high-energy galactic particles with a collecting power 10 to 1000 times greater than past experiments.\r\n\r\nACE orbits the L1 libration point which is a point of Earth-Sun gravitational equilibrium about 1.5 million km from Earth and 148.5 million km from the Sun. From its location at L1 ACE has a prime view of the solar wind, interplanetary magnetic field and higher energy particles accelerated by the Sun, as well as particles accelerated in the heliosphere and the galactic regions beyond.\r\n\r\nACE also provides near-real-time 24/7 continuous coverage of solar wind parameters and solar energetic particle intensities (space weather). When reporting space weather ACE provides an advance warning (about one hour) of geomagnetic storms that can overload power grids, disrupt communications on Earth, and present a hazard to astronauts.\r\n\r\nThe spacecraft has enough propellant on board to maintain an orbit at L1 until ~2024.\r\n\r\nMore details of the ACE mission can be found in the ACE Mission Paper, published in Space Science Reviews:\r\n  \r\nhttp://www.srl.caltech.edu/ACE/ace-mission-ssr-paper.pdf', '2011-03-03 22:43:50', '2012-07-24 15:51:56', '', ''),
(20, 'Calipso', 1, NULL, '2006-04-28', '0000-00-00', 'http://www.nasa.gov/mission_pages/calipso/spacecraft/index.html', '', '2011-03-04 00:25:26', '2012-07-19 11:02:25', NULL, NULL),
(21, 'EPOXI', 1, NULL, '2005-01-12', '0000-00-00', 'http://www.nasa.gov/mission_pages/epoxi/index.html', '', '2011-03-04 00:40:10', '2012-07-19 10:29:10', NULL, NULL),
(22, 'Terra', 1, NULL, '1999-08-12', '0000-00-00', 'http://www.nasa.gov/mission_pages/terra/index.html', '', '2011-03-04 00:48:52', '2012-07-19 10:58:21', NULL, NULL),
(23, 'International Space Station', 1, NULL, '1998-00-00', '2015-00-00', 'http://www.nasa.gov/mission_pages/station/main/index.html', '', '2011-03-04 01:01:20', '2012-03-13 20:54:42', NULL, NULL),
(24, 'Venus Express', 2, NULL, '2005-11-09', '2014-12-31', 'http://www.esa.int/SPECIALS/Venus_Express/', 'Venus Express is a satellite optimised for studying the atmosphere of Venus, from the surface right up to the ionosphere. It has been successfully operating in orbit around Venus since April 2006.\r\n\r\nSee also: http://sci.esa.int/science-e/www/area/index.cfm?fareaid=64', '2011-03-04 10:25:27', '2012-07-19 15:15:53', NULL, NULL),
(25, 'TanDEM-X', 9, NULL, '2010-06-21', '0000-00-00', 'http://www.dlr.de/eo/en/desktopdefault.aspx/tabid-5727/10086_read-21046/', '', '2011-03-04 10:31:57', '2012-07-19 10:23:55', NULL, NULL),
(26, 'SATCOMBw', 9, NULL, '2009-01-10', '2024-00-00', 'http://www.dlr.de/rb/en/desktopdefault.aspx/tabid-6813/11187_read-25574/', '', '2011-03-04 10:51:58', '2012-07-19 10:23:21', NULL, NULL),
(27, 'SAR-Lupe', 9, NULL, '2006-12-19', '0000-00-00', 'http://www.dlr.de/en/desktopdefault.aspx/tabid-1/86_read-13077/', '', '2011-03-04 11:01:03', '2012-07-19 10:23:33', NULL, NULL),
(28, 'CloudSat', 1, NULL, '2006-04-28', '0000-00-00', 'http://www.nasa.gov/mission_pages/cloudsat/main/index.html', '', '2011-03-04 11:21:00', '2012-07-19 10:23:12', NULL, NULL),
(29, 'ARCTAS NASA', 1, NULL, '2008-07-01', '0000-00-00', 'http://www.nasa.gov/mission_pages/arctas/', '', '2011-03-04 11:30:55', '2012-07-19 10:22:46', NULL, NULL),
(30, 'GOES-O', 1, NULL, '2009-06-26', '0000-00-00', 'http://www.nasa.gov/mission_pages/GOES-O/main/index.html', '', '2011-03-04 11:39:34', '2012-07-19 10:22:38', NULL, NULL),
(31, 'GOES-15 - Geostationary Operational Environmental Satellite-15 (formerly GOES-P)', 1, NULL, '2010-03-04', '0000-00-00', 'http://www.nasa.gov/mission_pages/GOES-P/main/index.html', 'The Geostationary Operational Environmental Satellite (GOES)-15(-P) represents a continuation of the newest generation of environmental satellites built by Boeing for the National Oceanic and Atmospheric Administration (NOAA) under the technical guidance and project management of NASA''s Goddard Space Flight Center.\r\n\r\nGOES satellites provide the familiar weather pictures seen on United States television newscasts every day. The GOES imaging and sounding instruments (built by ITT) feature flexible scans for small-scale area viewing in regions of the visible and infrared spectrum allowing meteorologists to improve short-term forecasts. GOES provides nearly continuous imaging and sounding, which allow forecasters to better measure changes in atmospheric temperature and moisture distributions and hence increase the accuracy of their forecasts.\r\n\r\nGOES environmental information is used for a host of applications, including weather monitoring and prediction models, ocean temperatures and moisture locations, climate studies, cryosphere (ice, snow, glaciers) detection and extent, land temperatures and crop conditions, and hazards detection. ', '2011-03-04 11:50:00', '2012-07-19 11:07:55', NULL, NULL),
(32, 'Kepler', 1, NULL, '2009-03-07', '2012-12-30', 'http://kepler.nasa.gov/', '', '2011-03-04 12:02:04', '2012-07-19 10:22:02', NULL, NULL),
(33, 'NOAA-N Prime', 1, NULL, '2009-02-06', '0000-00-00', 'http://www.nasa.gov/mission_pages/NOAA-N-Prime/main/index.html', '', '2011-03-04 12:12:57', '2012-07-19 10:39:54', NULL, NULL),
(34, 'SOHO - Solar and Heliospheric Observatory', 1, NULL, '1995-12-02', '2012-12-31', 'http://sohowww.nascom.nasa.gov/home.html', 'SOHO is an international collaboration between ESA and NASA to study the Sun from its deep core to the outer corona and the solar wind. ', '2012-07-19 15:24:58', '2012-07-20 12:05:58', NULL, NULL),
(36, 'MESSENGER - Mercury Surface, Space Environment, Geochemistry and Ranging', 1, NULL, '2004-08-03', '0000-00-00', 'http://www.nasa.gov/mission_pages/messenger/main/', 'See also: http://messenger.jhuapl.edu/\r\n \r\nThe first spacecraft to orbit Mercury, MESSENGER, followed a path through the inner solar system, including one flyby of Earth, two flybys of Venus, and three flybys of Mercury. ', '2012-07-20 15:44:54', '2012-07-24 15:40:48', '', '');

-- --------------------------------------------------------

--
-- Tabellenstruktur für Tabelle `space_mission_to_research_areas`
--

CREATE TABLE IF NOT EXISTS `space_mission_to_research_areas` (
  `space_mission_id` int(10) unsigned NOT NULL,
  `research_area_id` int(10) unsigned NOT NULL,
  PRIMARY KEY (`space_mission_id`,`research_area_id`),
  KEY `space_mission_id_3` (`space_mission_id`),
  KEY `research_area_id_2` (`research_area_id`)
) ENGINE=InnoDB DEFAULT CHARSET=utf8;

--
-- Daten für Tabelle `space_mission_to_research_areas`
--

INSERT INTO `space_mission_to_research_areas` (`space_mission_id`, `research_area_id`) VALUES
(1, 133),
(3, 18),
(3, 19),
(3, 71),
(4, 134),
(5, 71),
(5, 134),
(5, 135),
(5, 136),
(5, 142),
(6, 12),
(6, 134),
(6, 135),
(7, 11),
(7, 134),
(7, 135),
(8, 133),
(9, 9),
(9, 133),
(10, 9),
(10, 14),
(10, 133),
(11, 9),
(11, 133),
(12, 9),
(12, 71),
(12, 133),
(12, 134),
(12, 139),
(13, 9),
(13, 19),
(13, 133),
(14, 19),
(14, 71),
(14, 142),
(15, 9),
(15, 11),
(15, 133),
(15, 135),
(16, 9),
(16, 133),
(16, 137),
(17, 12),
(18, 140),
(19, 11),
(19, 133),
(19, 134),
(19, 139),
(20, 134),
(21, 71),
(22, 134),
(23, 15),
(24, 134),
(24, 135),
(25, 12),
(26, 12),
(27, 12),
(28, 134),
(29, 134),
(30, 134),
(31, 134),
(32, 18),
(32, 71),
(32, 133),
(32, 137),
(33, 134),
(34, 11),
(36, 71),
(36, 142);

-- --------------------------------------------------------

--
-- Tabellenstruktur für Tabelle `space_mission_to_sensors`
--

CREATE TABLE IF NOT EXISTS `space_mission_to_sensors` (
  `space_mission_id` int(10) unsigned NOT NULL,
  `sensor_id` int(10) unsigned NOT NULL,
  PRIMARY KEY (`space_mission_id`,`sensor_id`),
  KEY `space_mission_id_1` (`space_mission_id`),
  KEY `sensor_id_1` (`sensor_id`)
) ENGINE=InnoDB DEFAULT CHARSET=utf8;

--
-- Daten für Tabelle `space_mission_to_sensors`
--

INSERT INTO `space_mission_to_sensors` (`space_mission_id`, `sensor_id`) VALUES
(1, 1225),
(1, 1226),
(1, 1227),
(3, 669),
(3, 670),
(3, 671),
(3, 672),
(3, 673),
(3, 674),
(3, 675),
(3, 676),
(3, 677),
(3, 678),
(3, 679),
(3, 680),
(3, 681),
(3, 682),
(3, 683),
(3, 684),
(3, 685),
(3, 686),
(3, 687),
(3, 688),
(4, 735),
(5, 1230),
(5, 1231),
(6, 1228),
(6, 1229),
(7, 723),
(8, 731),
(8, 732),
(8, 733),
(8, 734),
(9, 690),
(10, 957),
(10, 958),
(10, 959),
(10, 960),
(11, 724),
(11, 725),
(11, 726),
(11, 727),
(11, 728),
(11, 729),
(12, 1123),
(12, 1124),
(12, 1125),
(12, 1126),
(13, 707),
(13, 708),
(13, 709),
(13, 710),
(14, 1295),
(14, 1296),
(14, 1297),
(14, 1298),
(14, 1299),
(14, 1300),
(14, 1301),
(14, 1302),
(14, 1303),
(14, 1304),
(14, 1305),
(15, 701),
(15, 702),
(15, 703),
(16, 699),
(16, 700),
(17, 753),
(17, 754),
(17, 755),
(18, 756),
(18, 757),
(19, 1207),
(19, 1208),
(19, 1209),
(19, 1210),
(19, 1211),
(19, 1212),
(19, 1213),
(19, 1214),
(19, 1215),
(19, 1216),
(20, 758),
(20, 759),
(20, 760),
(22, 748),
(22, 749),
(22, 750),
(22, 751),
(22, 752),
(24, 769),
(24, 770),
(24, 771),
(24, 772),
(24, 773),
(24, 774),
(24, 775),
(25, 694),
(27, 693),
(28, 692),
(30, 691),
(31, 761),
(31, 762),
(31, 763),
(31, 764),
(32, 689),
(33, 717),
(33, 718),
(33, 719),
(33, 720),
(33, 721),
(33, 722),
(34, 932),
(34, 933),
(34, 934),
(34, 935),
(34, 936),
(34, 937),
(34, 938),
(34, 939),
(34, 940),
(34, 941),
(34, 942),
(34, 943),
(36, 1199),
(36, 1200),
(36, 1201),
(36, 1202),
(36, 1203),
(36, 1204),
(36, 1205),
(36, 1206);

-- --------------------------------------------------------

--
-- Tabellenstruktur für Tabelle `space_mission_to_targets`
--

CREATE TABLE IF NOT EXISTS `space_mission_to_targets` (
  `space_mission_id` int(10) unsigned NOT NULL,
  `target_id` int(10) unsigned NOT NULL,
  PRIMARY KEY (`space_mission_id`,`target_id`),
  KEY `space_mission_id_2` (`space_mission_id`),
  KEY `target_id_2` (`target_id`)
) ENGINE=InnoDB DEFAULT CHARSET=utf8;

--
-- Daten für Tabelle `space_mission_to_targets`
--

INSERT INTO `space_mission_to_targets` (`space_mission_id`, `target_id`) VALUES
(1, 218),
(3, 31),
(3, 33),
(3, 146),
(4, 3),
(5, 5),
(5, 48),
(6, 53),
(7, 2),
(7, 45),
(8, 2),
(9, 2),
(9, 45),
(10, 2),
(11, 218),
(12, 2),
(12, 31),
(12, 45),
(12, 218),
(13, 2),
(14, 2),
(14, 9),
(15, 2),
(15, 45),
(16, 2),
(16, 47),
(17, 2),
(18, 2),
(19, 45),
(19, 79),
(20, 2),
(21, 31),
(22, 2),
(23, 2),
(24, 1),
(25, 2),
(26, 2),
(27, 2),
(28, 2),
(29, 2),
(30, 2),
(31, 2),
(32, 47),
(33, 2),
(34, 45),
(36, 1),
(36, 2),
(36, 48),
(36, 53);

-- --------------------------------------------------------

--
-- Tabellenstruktur für Tabelle `targets`
--

CREATE TABLE IF NOT EXISTS `targets` (
  `id` int(10) unsigned NOT NULL AUTO_INCREMENT,
  `target_name` varchar(100) NOT NULL,
  PRIMARY KEY (`id`)
) ENGINE=InnoDB  DEFAULT CHARSET=utf8 AUTO_INCREMENT=220 ;

--
-- Daten für Tabelle `targets`
--

INSERT INTO `targets` (`id`, `target_name`) VALUES
(1, 'Venus'),
(2, 'Earth'),
(3, 'Mars'),
(4, 'Jupiter'),
(5, 'Saturn'),
(6, 'Uranus'),
(7, 'Neptune'),
(9, 'Moon'),
(31, 'Comets'),
(33, 'Asteroids'),
(34, 'Meteors'),
(36, 'TNOs (Trans-Neptunian Objects)'),
(45, 'Sun'),
(47, 'Exoplanets'),
(48, 'Planetary Satellites'),
(53, 'Mercury'),
(54, 'Artifical Satellites'),
(79, 'Interplanetary Medium'),
(146, 'Minor Planets'),
(218, 'All Targets'),
(219, 'Planets');

-- --------------------------------------------------------

--
-- Tabellenstruktur für Tabelle `telescopes`
--

CREATE TABLE IF NOT EXISTS `telescopes` (
  `id` int(10) unsigned NOT NULL AUTO_INCREMENT,
  `telescope_name` text,
  `telescope_type` int(10) unsigned NOT NULL,
  `mobile_flag` tinyint(1) DEFAULT '0',
  `telescope_elements` int(10) unsigned DEFAULT NULL,
  `diameter_m` float(10,6) DEFAULT NULL,
  `focallength_m` varchar(10) DEFAULT NULL,
  `antenna_type` int(10) unsigned NOT NULL,
  `wavelength` text,
  `wavelength_begin` float(10,6) DEFAULT NULL,
  `wavelength_b_unit` int(10) unsigned NOT NULL,
  `wavelength_end` float(10,6) DEFAULT NULL,
  `wavelength_e_unit` int(10) unsigned NOT NULL,
  `comments` text,
  PRIMARY KEY (`id`),
  KEY `telescope_type_id` (`telescope_type`),
  KEY `wavelength_unit_id_1` (`wavelength_b_unit`),
  KEY `wavelength_unit_id_2` (`wavelength_e_unit`),
  KEY `antenna_type_id` (`antenna_type`)
) ENGINE=InnoDB  DEFAULT CHARSET=utf8 AUTO_INCREMENT=3668 ;

--
-- Daten für Tabelle `telescopes`
--

INSERT INTO `telescopes` (`id`, `telescope_name`, `telescope_type`, `mobile_flag`, `telescope_elements`, `diameter_m`, `focallength_m`, `antenna_type`, `wavelength`, `wavelength_begin`, `wavelength_b_unit`, `wavelength_end`, `wavelength_e_unit`, `comments`) VALUES
(1147, '', 3, 0, 0, 0.000000, '', 1, ', ', 0.000000, 1, 0.000000, 1, ''),
(1339, 'Telescope 1', 2, 0, 0, 0.600000, '', 1, 'optical, ', 0.000000, 1, 0.000000, 1, ''),
(1340, 'Telescope 2', 3, 0, 0, 0.000000, '', 1, 'optical', 0.000000, 1, 0.000000, 1, ''),
(1341, 'Telescope 3', 2, 0, 0, 0.150000, '', 1, 'optical', 0.000000, 1, 0.000000, 1, ''),
(1365, 'Radio Telescope', 10, 0, 0, 25.000000, '', 1, 'radiowave, ', 0.000000, 1, 0.000000, 1, ''),
(1368, 'Thornton Reflector', 17, 0, 0, 0.600000, '', 1, 'optical', 0.000000, 1, 0.000000, 1, ''),
(1369, 'Hindle Reflector', 17, 0, 0, 0.400000, '', 1, 'optical, ', 0.000000, 1, 0.000000, 1, ''),
(1370, 'Telescope 3', 7, 0, 0, 0.310000, '', 1, 'optical, ', 0.000000, 1, 0.000000, 1, ''),
(1371, 'Telescope 1', 2, 0, 0, 0.020000, '', 1, 'optical', 0.000000, 1, 0.000000, 1, ''),
(1372, 'Telescope 2', 3, 0, 0, 0.036000, '', 1, 'optical, ', 0.000000, 1, 0.000000, 1, ''),
(1376, 'Meade LX200', 3, 0, 0, 0.406400, '4', 1, 'optical, ', 0.000000, 1, 0.000000, 1, ''),
(1377, 'Meade LX200', 3, 0, 0, 0.203000, '2', 1, 'optical, ', 0.000000, 1, 0.000000, 1, ''),
(1385, 'Telescope 1', 7, 0, 0, 0.150000, '1.2', 1, 'optical, ', 0.000000, 1, 0.000000, 1, ''),
(1386, 'Telescope 2', 17, 0, 0, 0.300000, '3.57', 1, 'optical, ', 0.000000, 1, 0.000000, 1, ''),
(1387, 'Telescope 1', 7, 0, 0, 0.150000, '1.5', 1, 'optical, ', 0.000000, 1, 0.000000, 1, ''),
(1388, 'Telescope 2', 2, 0, 0, 0.300000, '7', 1, 'optical, ', 0.000000, 1, 0.000000, 1, ''),
(1394, 'Telescope 1', 5, 0, 0, 0.600000, 'f/8', 1, 'optical, ', 0.000000, 1, 0.000000, 1, ''),
(1397, 'Solar 9-Channel Telescope', 19, 0, 0, 0.600000, '6', 1, 'optical, ', 0.000000, 1, 0.000000, 1, 'Focallength: 12m without Multi-Channel Filter\r\nEquipped with nine 1820 CCDs'),
(1398, 'Solar Tunnel Telescope', 7, 0, 0, 0.600000, '11', 1, 'optical, ', 0.000000, 1, 0.000000, 1, 'Attached Grubb Parson Coleostat'),
(1399, 'Telescope 2', 7, 0, 0, 0.200000, '18', 1, 'optical, ', 0.000000, 1, 0.000000, 1, ''),
(1413, 'CSO', 10, 0, 0, 10.400000, '', 11, 'Submillimeter, ', 180.000000, 5, 950.000000, 5, ''),
(1422, 'The 60 cm Telescope', 2, 0, 0, 0.600000, '12', 1, 'optical, ', 0.000000, 1, 0.000000, 1, 'Equipped with a UBVRI photometer, and a Marconi series 4710B CCD (size: 1055x1026 pix, pixel scale: 0.79 arcsec/pix).'),
(1423, 'The 152 cm G.D. Cassini Telescope', 5, 0, 0, 1.520000, '12', 1, 'optical, ', 0.000000, 1, 0.000000, 1, 'The main instruments presently operating at the Cassini telescope are:\r\na) a two channel photometer, used to study stellar variability;\r\nb) BFOSC a multi-purpose instrument for imaging and spectroscopy, with an EEV CCD (1340x1300 pix).'),
(1424, 'Zeiss Visual Refractor Telescope', 7, 0, 0, 0.400000, '6', 1, 'optical, ', 0.000000, 1, 0.000000, 1, ''),
(1425, 'Zeiss Double Astrograph', 16, 0, 0, 0.600000, '2.4', 1, 'optical, ', 0.000000, 1, 0.000000, 1, 'Reflector: Parabolic mirror\r\nAperture 60 cm, Focal l. 240 cm\r\n\r\nGerman mounting\r\nRefractor: Four lens objective,\r\nAperture 40 cm\r\nchromatic correction 390 to 460 m\r\nFocal l. 200 cm\r\nImage scale 1.42''/mm\r\nField 8 degrees\r\nPhotographic plate 30x30 cm2\r\n\r\nNewton System:\r\nplane secondary mirror,\r\n22 cm at 45\r\nImage scale 1''.22/mm\r\nField 2.6 degrees\r\n\r\nCassegrain System:\r\nconvex secondary mirror\r\n15 cm\r\nEquivalent focal l. 820 cm\r\nImage scale 25"/mm\r\nField 50'''),
(1426, '"Carte du Ciel" Telescope', 7, 0, 0, 0.330000, '3.43', 1, 'optical, ', 0.000000, 1, 0.000000, 1, 'English mounting. Double refractor.\r\nAstrograph: Aperture 33 cm, Focal l. 343 cm\r\nPhotographic plate 13x13 cm2\r\nImage scale 1''/mm\r\nField 2 degrees\r\nCollimator: Aperture 20 cm, Focal l. 360 cm'),
(1427, 'Schmidt Telescope', 3, 0, 0, 0.980000, '2.4', 1, 'optical, ', 0.000000, 1, 0.000000, 1, 'Fork mounting by Thomson & John Bowton Ltd\r\nOptics by Hargreavers & Cox\r\nSpherical mirror: Aperture 98 cm, Focal l. 240 cm\r\nCorrecting lens 65 cm\r\nImage scale 1''.26/mm\r\nField 5 degrees\r\nPhotographic plate 20x20 cm2'),
(1433, 'Riflettore astrometrico REOSC', 2, 0, 0, 1.050000, '0.994', 1, 'optical, ', 0.000000, 1, 0.000000, 1, ''),
(1434, 'Rifrattore fotovisuale MORAIS', 7, 0, 0, 0.430000, '7', 1, 'optical, ', 0.000000, 1, 0.000000, 1, ''),
(1435, 'Zeiss Astrograph', 7, 0, 0, 0.200000, '1.14', 1, 'optical, ', 0.000000, 1, 0.000000, 1, ''),
(1440, 'UH 88-inch Telescope ', 17, 0, 0, 2.200000, '22.6', 1, 'optical, infrared, ', 0.000000, 1, 0.000000, 1, ''),
(1446, 'Suburu Telescope', 5, 0, 0, 8.200000, '15m', 1, 'optical, infrared, ', 0.000000, 1, 0.000000, 1, ''),
(1447, 'Submillimeter Array', 10, 0, 8, 6.000000, '', 11, 'submillimeter, ', 230.000000, 5, 690.000000, 5, 'Detailed specifications of the SMA: http://sma1.sma.hawaii.edu/specs.html'),
(1448, 'APEX Telescope', 10, 0, 1, 12.000000, '8 f/D', 11, 'submillimeter, ', 211.000000, 5, 1390.000000, 5, ''),
(1454, 'Alan Cooper Telescope', 3, 0, 0, 0.400000, 'f/10', 1, 'optical, ', 0.000000, 1, 0.000000, 1, 'The telescope is a 16-inch Meade LX200.'),
(1455, '20-inch telescope', 21, 0, 0, 0.508000, 'f/6.8', 1, 'optical, ', 0.000000, 1, 0.000000, 1, 'A PlaneWave Instruments 20" CDK Carbon Fiber Truss Telescope on a Paramount ME mount.\r\n'),
(1462, 'Celestron C11 S Telescope', 3, 0, 0, 0.279000, '', 1, 'optical, ', 0.000000, 1, 0.000000, 1, ''),
(1463, 'FSQ-106 telescope', 7, 0, 0, 0.106000, '', 1, 'optical, ', 0.000000, 1, 0.000000, 1, ''),
(1467, 'Main Telescope', 17, 0, 0, 0.810000, 'f/7.8', 1, 'optical, ', 0.000000, 1, 0.000000, 1, ''),
(1468, 'Guide Telescope', 2, 0, 0, 0.250000, 'f/15', 1, 'optical, ', 0.000000, 1, 0.000000, 1, ''),
(1495, 'Meade LX200', 3, 0, 0, 0.400000, '', 1, 'optical, ', 0.000000, 1, 0.000000, 1, ''),
(1496, 'Zeiss BMK 75', 15, 0, 0, 0.300000, '0.75', 1, 'optical, ', 0.000000, 1, 0.000000, 1, 'Satellite Camera\r\n\r\n- GPS nd GLONASS receivers included.\r\n'),
(1497, 'Instrument1: Schmidt-Cassegrain', 3, 0, 0, 0.400000, '', 1, 'optical, ', 0.000000, 1, 0.000000, 1, ''),
(1498, 'Instrument2: Schmidt-Cassegrain', 3, 0, 0, 0.280000, '', 1, 'optical, ', 0.000000, 1, 0.000000, 1, ''),
(1509, 'Gemini North (Frederick C. Gillett Gemini Telescope)', 2, 0, 0, 8.100000, 'f/16', 1, 'optical, infrared, ', 0.000000, 1, 0.000000, 1, 'Effective Focal Length of the telescope at Cassegrain Focus: 128.12 m (f/16).\r\nPlate Scale at Cassegrain: 1.610 arcsec/mm'),
(1521, 'DSS-54', 10, 0, 0, 34.000000, '', 11, 'microwaves, ', 2.000000, 5, 27.000000, 5, 'This and DSS-55 are 34-m beam waveguide antennas.\r\nTransmits in S and X bands, and can receive in S, X and K bands.'),
(1522, 'DSS-55', 10, 0, 0, 34.000000, '', 11, 'microwaves, ', 2.000000, 5, 27.000000, 5, 'This and DSS-54 are 34-m beam waveguide antennas.\r\nTransmits in the X band, and can receive in S, X and K bands.'),
(1523, 'DSS-63', 10, 0, 0, 70.000000, '', 11, 'microwaves, ', 1.000000, 5, 12.000000, 5, 'Transmits in S and X-band with a power up to 400 kilowatts, and can receive in L, S, and X bands.'),
(1524, 'DSS-65', 10, 0, 0, 34.000000, '', 11, 'microwaves, ', 2.000000, 5, 12.000000, 5, 'A HEF (high-efficiency) antenna. It can transmit in the X band with a maximum power of 20 kW and receive in S and X bands.'),
(1527, '46m antenna', 10, 0, 1, 45.799999, '18.3', 11, 'radiowaves, ', 0.000000, 1, 0.000000, 1, 'Dual frequency S- and X-band front end receivers with concentric LCP feeds for simultaneous S- and X-band observations. L-band capability.'),
(1533, 'MEADE LX6', 3, 0, 0, 0.254000, '', 1, 'optical, ', 0.000000, 1, 0.000000, 1, ''),
(1534, 'Meade LX200', 3, 0, 0, 0.300000, '', 1, 'optical, ', 0.000000, 1, 0.000000, 1, ''),
(1535, '', 7, 0, 0, 0.090000, '', 1, '', 0.000000, 1, 0.000000, 1, ''),
(1536, 'Telescope 1 - Schmidt-Cassegrain', 3, 0, 0, 0.355000, '', 1, 'optical, ', 0.000000, 1, 0.000000, 1, ''),
(1554, 'telescope', 15, 0, 0, 1.000000, '', 1, 'optical, ', 0.000000, 1, 0.000000, 1, ''),
(1581, 'LOFAR', 10, 0, 0, 0.000000, '', 1, 'radiowave, ', 300.000000, 11, 3000.000000, 11, 'Consisting of over 10000 antennas (different in size) on several stations in Europe with 192 antennas per station. The whole area of all stations is ~0.5m^2.'),
(1582, '', 10, 0, 0, 0.000000, '', 1, 'radiowave, ', 120.000000, 11, 2700.000000, 11, ''),
(1588, 'Optical Cassegrain Telescope', 2, 0, 0, 1.200000, '', 1, 'optical, ', 0.000000, 1, 0.000000, 1, 'CCD Camera attached to the telescope'),
(1592, 'Instrument1', 2, 0, 0, 0.406000, '', 1, 'optical, ', 0.000000, 1, 0.000000, 1, ''),
(1593, 'Instrument 2', 7, 0, 0, 1.000000, '', 1, 'optical, ', 0.000000, 1, 0.000000, 1, ''),
(1594, 'Instrument1', 2, 0, 0, 0.406000, '', 1, 'optical, ', 0.000000, 1, 0.000000, 1, ''),
(1595, 'Instrument 2', 7, 0, 0, 1.000000, '', 1, 'optical, ', 0.000000, 1, 0.000000, 1, ''),
(1596, 'Telescope 1', 7, 0, 0, 0.150000, '', 1, 'optical, ', 0.000000, 1, 0.000000, 1, ''),
(1604, 'Incoherent scatter radar', 10, 0, 0, 32.000000, '', 11, 'infrared, ', 0.000000, 1, 0.000000, 1, 'Direct measurement of ionospheric electron-number density, ion velocity, and electron and ion temperatures along the radar beam.'),
(1605, 'Three-Frequency Riometers', 14, 0, 0, 0.000000, '', 1, '', 0.000000, 1, 0.000000, 1, 'Frequency ranges: 24 Hz, 30 Hz, 31 MHz, '),
(1606, 'Three-Axis Magnetometer', 13, 0, 0, 0.000000, '', 1, '', 0.000000, 1, 0.000000, 1, 'Three-axis flux-gate magnetometers are sensitive to variations of the ionospheric electric current and to induced ground currents.'),
(1607, 'STELLA/SES Robotic Telescope', 17, 0, 0, 1.200000, 'f/8', 1, 'optical, ', 0.000000, 1, 0.000000, 1, ''),
(1608, 'Carlos Sánchez Telescope (TCS)', 2, 0, 0, 1.550000, 'f/13.8', 1, 'infrared, ', 0.000000, 1, 0.000000, 1, ''),
(1609, 'GREGOR Telescope', 19, 0, 1, 1.500000, '55.6 m', 1, 'optical, ', 0.000000, 1, 0.000000, 1, ''),
(1610, 'Optical Telescope Array (OTA)', 3, 0, 2, 0.400000, 'f/10', 1, 'optical, ', 0.000000, 1, 0.000000, 1, 'Robotic Telescope which is part of SLOOH Space Camera (http://www.slooh.com)'),
(1613, '"Ciel Ouvert"', 1, 0, 0, 0.200000, '', 1, 'optical, ', 0.000000, 1, 0.000000, 1, 'Equipped with binoculars, controlled by a microcomputer and\r\nLumicon H-alpha filter'),
(1614, '"Coupole"', 16, 0, 0, 0.400000, '2', 1, 'optical, ', 0.000000, 1, 0.000000, 1, 'Attached Schmidt-Cassegrain C8 and CCD Video Camera'),
(1615, 'Achromatic Telescope', 7, 0, 0, 0.080000, '', 1, 'optical, ', 0.000000, 1, 0.000000, 1, ''),
(1629, 'The 32-m Antenna', 10, 0, 18, 32.000000, '', 11, 'radiowaves, ', 1.400000, 1, 22.000000, 5, 'The 32 m parabolic antenna is used for both single dish observations and interferometry. In interferometry it works together with the other EVN antennas, installed all over Europe, in order to produce very high resolution images, which are useful for detailed radio sources studies. In single dish, it is mainly used for: H2O and methanol maser spectrometry, monitoring of extragalactic compact sources flux variability, galactic polarimetric surveys, studies of comets, extrasolar planet research, and radar monitoring of Near Earth Objects (in collaboration with the NASA)  '),
(1630, 'The Northern Cross', 10, 0, 65, 0.000000, '', 1, 'radiowave, ', 408.000000, 1, 0.000000, 1, 'The Northern Cross is, currently, composed of two perpendicular arms that are 564 m long (East-West) and 640 m long (North-South) and it has a useable total surface area of 30000 m^2. Thanks to this vast area the antenna is capable of detecting very weak radio sources.\r\n\r\nIt has been mainly used to effect high sensitivity sky surveys and, thus, to produce large radio-source catalogues.\r\nIt has been used for pulsars research and for the spectrometric study of interstellar dust (emission line of ionized hydrogen and of ionized carbon). \r\n\r\nThe E-W arm is constituted by a single antenna having a parabolic-cylinder shape, for a length of 564 m and a width of 35 m. 1536 dipoles are aligned along the focal axis, which is parallel to the rotation axis - 20 m distant from it. Every dipole is distant 36 cm from the following one, and its task is to turn the incoming radio wave into a measurable electric signal.\r\n\r\nThe N-S arm is made up of 64 parallel antennas (parabolic cylinders), having a length of 23.5 m and a width of 8 m. The distance between two consecutive antennas is 10 m. Similarly to what happens on the E-W arm, 64 dipoles are located on the focal axis of every antenna.'),
(1636, 'VLBA Antenna', 10, 0, 1, 25.000000, '8.85', 11, 'microwave, ', 312.000000, 1, 90.000000, 5, 'Observational Status: http://www.vlba.nrao.edu/astro/obstatus/current'),
(1637, 'ALMA 12m Telescope', 10, 0, 54, 12.000000, '', 11, 'microwave, submillimeter, ', 0.000000, 1, 0.000000, 1, 'Can be used together as Interferometer.'),
(1638, 'ALMA 7m Telescope', 10, 0, 12, 7.000000, '', 11, 'microwave, submillimeter, ', 0.000000, 1, 0.000000, 1, 'Can be used together as Interferometer.'),
(1639, 'VISTA - Visible and Infrared Survey Telescope for Astronomy', 5, 0, 1, 4.100000, 'f/1', 1, 'infrared, ', 130.350006, 6, 352.700012, 6, ''),
(1640, 'VST - VLT Survey Telescope', 2, 0, 1, 2.650000, '14.4', 1, 'ultraviolet, optical, ', 299.799988, 6, 999.299988, 6, 'Cooperation of Osservatorio Astronomico di Capodimonte (OAC) and  European Southern Observatory (ESO)\r\n'),
(1641, 'E-ELT - European Extremely Large Telescope', 17, 0, 1, 39.299999, 'f/10 - f/2', 1, 'optical, infrared, ', 12.500000, 6, 999.299988, 6, ''),
(1648, 'Telescope 1', 2, 0, 0, 0.400000, '', 1, 'optical, ', 0.000000, 1, 0.000000, 1, 'A Schmidt-Newton (1:3.5, f= 0.5m) and a 0.1m Refr. (f=1m) are connected to this telescope too.\r\n'),
(1649, 'Telescope 2', 3, 0, 0, 0.250000, '', 1, 'optical, ', 0.000000, 1, 0.000000, 1, ''),
(1650, 'Telescope 3', 15, 0, 0, 0.150000, '', 1, 'optical, ', 0.000000, 1, 0.000000, 1, ''),
(1651, '25-cm Telescope', 17, 0, 0, 0.250000, '', 1, 'optical, ', 0.000000, 1, 0.000000, 1, ''),
(1652, '38-cm Telescope (Flecker, USA)', 2, 0, 0, 0.380000, 'f/15', 1, 'optical, ', 0.000000, 1, 0.000000, 1, ''),
(1653, '52-cm Telescope (Cox, Hargreaves and Thomson Ltd, UK)', 2, 0, 0, 0.520000, 'f/13', 1, 'optical, ', 0.000000, 1, 0.000000, 1, 'Additional Focus: f/70 at Coude'),
(1654, '56-cm Telescope', 2, 0, 0, 0.560000, 'f/15', 1, 'optical, ', 0.000000, 1, 0.000000, 1, ''),
(1655, '104-cm Sampurnanand Telescope (SNT)', 5, 0, 1, 1.040000, 'f/13', 1, 'ultraviolet, optical, infrared, ', 300.000000, 8, 1000.000000, 8, 'Focal plane instruments:\r\n- Cassegrain plate holder,\r\n- Meinel camera,\r\n- photoelectric photometer,\r\n- near-infrared photometer, \r\n- laboratory spectrum scanner, \r\n- CCD chips of sizes 384x576, 1024x1024 and 2048x2048 pixels. For spectrophotometric observtions, an optical multi-channel analyzer with 1024 pixel Reticon array as detector is also available.\r\n\r\nThe filter set available at ARIES is Johnsons UBV and Cousins RI.'),
(1656, '130-cm Devasthal Fast Optical Telescope (DFOT)', 5, 0, 1, 1.300000, 'f/4', 1, 'infrared, optical, ultraviolet, ', 300.000000, 8, 1000.000000, 8, 'Note: DFOT is located at Devasthal, altitude 2450 m AMSL, Lat. 29.38°, Long. 79.68°\r\n\r\nThree CCD cameras are currently available with the telescope for obtaining images of the celestial sky. The cameras are:\r\n(1) 2048x2048 pixels, 13.5 micron pixel size conventional back-illuminated, deep thermoelectrically cooled (-800 C) CCD,\r\n(2) 512x512 pixels, 16 micron pixel size electron multiplying frame transfer back-illuminated, deep thermoelectrically cooled (-900 C) CCD,\r\n(3) 3326x2504 pixels, 5.4 micron, front illuminated, thermoelectrically cooled (-300 C) conventional CCD. The first two cameras use high quantum efficiency E2V chip, assembled by ANDOR with low read noise electronics. The third camera is from SBIG using Kodak chip.'),
(1661, 'IRAM 30m telescope', 10, 0, 1, 30.000000, '', 11, 'microwave, submillimeter, ', 83.000000, 5, 348.000000, 5, ''),
(1674, 'Maksutov-Cassegrain', 4, 0, 1, 0.300000, '4.8', 1, 'infrared, optical, ultraviolet, ', 0.000000, 1, 0.000000, 1, 'Image scale: 43 arcsec/mm'),
(1675, 'MEADE ETX-125', 4, 0, 1, 0.127000, '1.9', 1, 'infrared, optical, ultraviolet, ', 0.000000, 1, 0.000000, 1, 'Image scale: 108 arcsec/mm'),
(1676, 'MEADE, 14', 5, 0, 1, 0.356000, '3.556', 1, 'infrared, optical, ultraviolet, ', 0.000000, 1, 0.000000, 1, 'Image scale: 58 arcsec/mm'),
(1677, 'Kreiken Telescope', 15, 0, 1, 0.406000, '4.064', 1, 'infrared, optical, ultraviolet, ', 0.000000, 1, 0.000000, 1, 'Image scale: 51 arcsec/mm'),
(1678, 'Coudé Refractor', 7, 0, 1, 0.150000, '2.25', 1, 'infrared, optical, ultraviolet, ', 0.000000, 1, 0.000000, 1, 'Image scale: 92 arcsec/mm\r\n\r\nSolar projection lens and screen for Sun spot observations, Contarex photo camera, Lyott H-alpha monochromator'),
(1687, 'Keck I', 2, 0, 0, 10.000000, '', 1, 'optical, infrared, ', 0.000000, 1, 0.000000, 1, 'For a current list of instruments that can be used with Keck I and Keck II, please see:\r\nhttp://www2.keck.hawaii.edu/inst/index.php'),
(1688, 'Keck II', 2, 0, 0, 10.000000, '', 1, 'optical, infrared, ', 0.000000, 1, 0.000000, 1, 'For a current list of instruments that can be used with Keck I and Keck II, please see:\r\nhttp://www2.keck.hawaii.edu/inst/index.php'),
(1742, 'T-40 Cassegrain-Schmidt Telescope', 3, 0, 0, 0.400000, 'f/10', 1, 'optical, ', 0.000000, 1, 0.000000, 1, 'TelType: \r\nf/6\r\n'),
(1743, 'T-30 Cassegrain-Schmidt Telescope (2 Piece)', 3, 0, 0, 0.300000, 'f/10', 1, 'optical, ', 0.000000, 1, 0.000000, 1, ''),
(1744, 'T-20', 3, 0, 0, 0.200000, 'f/10', 1, '', 0.000000, 1, 0.000000, 1, ''),
(1745, 'T-10', 1, 0, 0, 0.100000, '', 1, '', 0.000000, 1, 0.000000, 1, '- Aiming for amateur-usage'),
(1750, 'Schmidt-Cassegrain Telescope', 3, 0, 0, 0.279400, '', 1, 'optical, ', 0.000000, 1, 0.000000, 1, ''),
(1751, 'Newton-Telescope', 1, 0, 0, 0.203200, '', 1, 'optical, ', 0.000000, 1, 0.000000, 1, ''),
(1764, 'Telescope 1', 1, 0, 0, 0.600000, '2.7m', 1, 'optical, ', 0.000000, 1, 0.000000, 1, ''),
(1765, 'Telescope 2', 1, 0, 0, 0.400000, '1.8m', 1, 'optical, ', 0.000000, 1, 0.000000, 1, ''),
(1766, 'Telescope 3', 1, 0, 0, 0.300000, '1.6m', 1, 'optical, ', 0.000000, 1, 0.000000, 1, ''),
(1772, 'Telescope 1', 1, 1, 0, 0.500000, '', 1, 'optical, ', 0.000000, 1, 0.000000, 1, ''),
(1773, 'Telescope 2', 1, 0, 0, 0.300000, '', 1, 'optical, ', 0.000000, 1, 0.000000, 1, ''),
(1774, 'Telescope 3', 17, 0, 0, 0.300000, '', 1, 'optical, ', 0.000000, 1, 0.000000, 1, ''),
(1775, '6'''' Rich-Field Reflector', 17, 1, 0, 0.152400, '', 1, 'optical, ', 0.000000, 1, 0.000000, 1, ''),
(1790, 'Telescope 1', 6, 0, 0, 0.457200, 'f5', 1, 'optical, ', 0.000000, 1, 0.000000, 1, '\r\n'),
(1791, 'Telescope 2', 6, 0, 0, 0.250000, 'f4.5', 1, 'optical, ', 0.000000, 1, 0.000000, 1, ''),
(1803, 'Schmidt-Cassegrain Telescope', 3, 0, 0, 0.203000, '', 1, 'optical, ', 0.000000, 1, 0.000000, 1, ''),
(1806, 'Ritchey-Chretien', 5, 0, 0, 0.317500, '', 1, 'optical, ', 0.000000, 1, 0.000000, 1, '\r\n'),
(1807, 'Refracting Telescope', 7, 0, 0, 0.106000, '', 1, '', 0.000000, 1, 0.000000, 1, ''),
(1813, '16-inch Meade RCX400', 3, 0, 0, 0.406000, '3.251', 1, 'optical, ', 0.000000, 1, 0.000000, 1, ''),
(1816, 'Effelsberg 100-m Radio Telescope', 10, 0, 0, 100.000000, '', 1, 'radiowave, ', 0.300000, 5, 96.000000, 5, '- Antenna characteristics: http://www.mpifr.de/div/effelsberg/antenna/antenna_spec.html\r\n\r\n- Receivers for the Effesberg 100-m Telescope\r\n\r\n- Backends for the 100-m Telescope: http://www.mpifr.de/div/effelsberg/backends/eff_backends.html'),
(1839, 'RT-70', 10, 0, 0, 70.000000, '', 1, 'radiowave, ', 5.000000, 5, 300.000000, 5, '\r\n'),
(1848, 'Celestron C11-A  XLT', 3, 0, 0, 0.279400, '2.8', 1, 'optical, ', 0.000000, 1, 0.000000, 1, '\r\n'),
(1849, 'Skywatcher-80ED1 PRO 5.1"', 7, 0, 0, 0.129500, '', 1, 'optical, ', 0.000000, 1, 0.000000, 1, ''),
(1850, 'Meade 8" LX50', 3, 0, 0, 0.200000, '', 1, 'optical, ', 0.000000, 1, 0.000000, 1, ''),
(1854, 'Maksutov-Reflektor', 4, 0, 0, 0.300000, '', 1, 'optical, ', 0.000000, 1, 0.000000, 1, '\r\n'),
(1855, 'Meade LX200', 7, 0, 0, 0.254000, '', 1, 'optical, ', 0.000000, 1, 0.000000, 1, ''),
(1856, 'Imre-Refraktor mit Jaegers-Optik', 15, 0, 0, 0.152000, '', 1, 'optical, ', 0.000000, 1, 0.000000, 1, ''),
(1857, 'Refraktor 80/660 mm', 7, 0, 0, 0.080000, '', 1, 'optical, ', 0.000000, 1, 0.000000, 1, ''),
(1858, 'Refraktor 75/1250 mm', 7, 0, 0, 0.075000, '', 1, 'optical, ', 0.000000, 1, 0.000000, 1, ''),
(1861, 'FCRAO', 10, 0, 0, 14.000000, '', 1, '', 0.000000, 1, 0.000000, 1, '\r\n'),
(1862, 'FCRAO', 10, 0, 0, 14.000000, '', 1, '', 0.000000, 1, 0.000000, 1, 'TelType: Radio\r\n'),
(1866, 'Galenki RT-70 radio telescope', 10, 0, 0, 70.000000, '', 1, '', 5.000000, 5, 300.000000, 5, 'It has a range between 5 - 300 GHz. It works with the Evpatoria RT-70 radio telescope and the Suffa RT-70 radio telescope.'),
(1890, 'Mars', 10, 0, 0, 70.000000, '', 1, 'radiowave, ', 0.000000, 1, 0.000000, 1, ''),
(1891, 'Venus', 10, 0, 0, 34.000000, '', 1, 'radiowave, ', 0.000000, 1, 0.000000, 1, ''),
(1892, 'Uranus', 10, 0, 0, 34.000000, '', 1, 'radiowave, ', 0.000000, 1, 0.000000, 1, ''),
(1893, 'Apollo', 10, 0, 0, 34.000000, '', 1, 'radiowave, ', 0.000000, 1, 0.000000, 1, ''),
(1894, 'Gemini', 10, 0, 0, 34.000000, '', 1, 'radiowave, ', 0.000000, 1, 0.000000, 1, ''),
(1899, 'Gran Telescopio Canarias', 17, 0, 0, 10.400000, '0.63', 1, 'infrared, optical, ', 0.000000, 1, 0.000000, 1, ''),
(1904, 'Galileo National Telescope', 5, 0, 0, 3.580000, '', 1, 'infrared, optical, ', 0.000000, 1, 0.000000, 1, ''),
(1912, 'Green Bank Telescope', 10, 0, 0, 100.000000, '60', 1, 'radiowave, ', 0.100000, 5, 116.000000, 5, 'Further information on the telescope available under: https://science.nrao.edu/facilities/gbt/people/people'),
(1913, '43 Meter (140 Foot) Telescope', 10, 0, 0, 43.000000, '', 1, 'radiowave, ', 0.000000, 1, 0.000000, 1, 'Further information on the telescope available under: https://science.nrao.edu/facilities/gbt/other-telescopes/43meter'),
(1914, '20 Meter Geodetic Telescope', 10, 0, 0, 20.000000, '', 1, 'radiowave, ', 0.000000, 1, 0.000000, 1, 'Further information on this telescope available under: https://science.nrao.edu/facilities/gbt/other-telescopes/20meter'),
(1915, '40 Foot Telescope', 10, 0, 0, 12.192000, '', 1, 'radiowave, ', 0.000000, 1, 0.000000, 1, '- Educational instrument\r\n\r\n- Further information on this telescope available under: https://science.nrao.edu/facilities/gbt/other-telescopes/40foot'),
(1916, 'GBI - Green Bank Interferometer', 10, 0, 3, 26.000000, '', 1, 'radiowave, ', 0.000000, 1, 0.000000, 1, '- The telescopes are currently not in use.\r\n\r\n- Further information on these telescopes available under: https://science.nrao.edu/facilities/gbt/other-telescopes/gbi'),
(1937, 'LMT - Large Milimetric Telescope', 10, 0, 0, 50.000000, '', 11, 'radiowave, ', 75.000000, 5, 300.000000, 5, ''),
(1939, 'The HAWC Instrument', 15, 0, 300, 7.300000, '', 1, 'gamma-ray, ', 0.000000, 1, 0.000000, 1, 'Further information on this instrument available under: http://hawc.umd.edu/observatory/'),
(1944, '150 cm Reflector', 5, 0, 0, 1.500000, '12.20', 1, 'infrared, optical, ', 0.000000, 1, 0.000000, 1, 'Further information on this telescope available under: http://www.astron.pref.gunma.jp/e/inst_150cm.html'),
(1945, 'GAO 65 cm Reflector', 2, 0, 0, 0.650000, '0.78', 1, 'optical, ', 0.000000, 1, 0.000000, 1, 'Further information on this telescope available under: http://www.astron.pref.gunma.jp/e/inst_65cm.html'),
(1946, 'GAO Solar telescope', 20, 0, 0, 0.300000, '', 1, 'optical, ', 0.000000, 1, 0.000000, 1, 'Further information on this telescope available under: http://www.astron.pref.gunma.jp/e/inst_solar.html'),
(1961, '10'''' Meqade 2120', 3, 0, 0, 0.254000, '', 1, 'optical, ', 0.000000, 1, 0.000000, 1, '\r\n'),
(1962, 'Meade 125-ETX', 7, 0, 0, 0.127000, '', 1, 'optical, ', 0.000000, 1, 0.000000, 1, ''),
(1966, 'HartRAO 26m Radio Telescope', 10, 0, 1, 25.900000, '', 1, 'radiowave, ', 0.000000, 1, 1.300000, 11, 'Further information on this telescope available under: http://www.hartrao.ac.za/hh26m_factsfile.html'),
(1967, 'HartRAO 15m Radio Telescope', 10, 0, 0, 15.000000, '', 1, 'radiowave, ', 0.000000, 1, 0.000000, 1, ''),
(1976, 'Allen Telescope Array', 10, 0, 350, 6.100000, '', 1, 'radiowave, ', 0.327000, 5, 11.500000, 5, ''),
(2005, 'Aristarchos Telescope', 5, 0, 0, 2.300000, '8.00', 1, 'optical, ', 0.000000, 1, 0.000000, 1, 'Further information on this telescope available under: http://www.astro.noa.gr/helmos/telescope_information.html'),
(2016, 'Telescope 1', 1, 0, 0, 0.700000, '', 1, 'optical, ', 0.000000, 1, 0.000000, 1, ''),
(2017, 'Telescope 2', 7, 0, 0, 0.400000, '', 1, 'optical, ', 0.000000, 1, 0.000000, 1, ''),
(2035, 'Celestron CPC 1100 XLT', 3, 0, 0, 0.279400, '', 1, 'optical, ', 0.000000, 1, 0.000000, 1, '\r\n'),
(2036, 'Celestron C-130', 4, 0, 0, 0.130000, '2', 1, 'optical, ', 0.000000, 1, 0.000000, 1, ''),
(2037, 'Meade 102mm', 3, 0, 0, 0.102000, '1', 1, 'optical, ', 0.000000, 1, 0.000000, 1, ''),
(2038, 'Meade 97 90mm', 4, 0, 0, 0.090000, '1', 1, '', 0.000000, 1, 0.000000, 1, ''),
(2039, 'Coronado PST Solar', 20, 0, 0, 0.040000, '', 1, 'optical, ', 0.000000, 1, 0.000000, 1, 'Hydrogen Alpha telescope, mounted on the CPC'),
(2051, 'HAGAR (High Altitude Gamma Ray Telescope)', 15, 0, 7, 4.400000, '1.75', 1, 'gamma-ray, ', 0.000000, 1, 0.000000, 1, '- Gamma-ray observatory\r\n\r\n- HAGAR is an Atmospheric Cerenkov experiment with 7 telescopes, each with 7 mirrors of total area of 4.4 sq.mtrs - the total light gathering area of 7 telescopes is thus 31 sq.mtrs. The telescopes are deployed on the periphery of a circle of radius 50 meters with one telescope at the center. Each telescope has alt-azimuth mounting. Each of the 7 mirrors in each telescope is looked at by a UV sensitive PhotoMultiplier Tube. All seven units are installed, and calibration tests are underway.\r\n\r\n- Further information on this telescope available under: http://www.iiap.res.in/iao_hagar'),
(2052, 'HCT - The Himalayan Chandra optical-infrared Telescope', 5, 0, 0, 2.000000, '', 1, 'infrared, optical, ', 0.000000, 1, 0.000000, 1, 'Further information on this telescope available under: http://www.iiap.res.in/iao_telescope'),
(2066, 'The Lovell Telescope', 10, 0, 0, 76.199997, '22.9', 1, 'radiowave, ', 0.000000, 1, 5.000000, 5, '- Part of MERLIN\r\n\r\n- Further information on this telescope available under: http://www.jb.man.ac.uk/aboutus/lovell/'),
(2067, 'Mark II', 10, 0, 0, 38.099998, '', 1, 'radiowave, ', 0.000000, 1, 0.000000, 1, '- Part of MERLIN\r\n\r\n- Elliptical radio telescope -> 38.1m x 25.4m'),
(2071, '24'''' Newton Telescope', 1, 0, 0, 0.610000, '', 1, 'optical, ', 0.000000, 1, 0.000000, 1, ''),
(2072, '6'''' Refractor', 7, 0, 0, 0.150000, '', 1, 'optical, ', 0.000000, 1, 0.000000, 1, ''),
(2083, 'Kashima 34m Antenna', 10, 0, 0, 34.000000, '', 1, 'radiowave, ', 1.350000, 5, 43.000000, 5, 'Further information on this telescope available under: http://www2.nict.go.jp/aeri/sts/stmg/34m/antenna-34m/index.html'),
(2085, 'H-Alpha Telescope', 20, 0, 0, 0.150000, '', 1, 'optical, ', 0.000000, 1, 0.000000, 1, 'H alpha telescope is for the observation of solar chromosphere and photosphere. Its main features are \r\n\r\n(1) high resolution digital full-disk H alpha images with 2K by 2K pixels CCD. \r\n(2) real-time data processing with an automatic frame-selection\r\n(3)spectroscopic observation with automatic wavelength shift of Lyot filter.'),
(2095, 'Meade LX200', 3, 0, 0, 0.356000, '3.5', 1, 'optical, ', 0.000000, 1, 0.000000, 1, ''),
(2096, '20'''' Split Ring Equatorial', 1, 0, 0, 0.508000, '2.0m', 1, 'optical, ', 0.000000, 1, 0.000000, 1, ''),
(2097, 'Coronado MaxScope 60', 20, 0, 0, 0.060000, '0.4', 1, 'optical, ', 0.000000, 1, 0.000000, 1, ''),
(2104, 'Radio Telescope', 10, 0, 0, 1.500000, '', 1, 'radiowave, ', 0.000000, 1, 0.000000, 1, 'Frequency band: 115.27 GHz'),
(2111, 'Gemeni South', 15, 0, 0, 8.100000, '', 1, '', 0.000000, 1, 0.000000, 1, 'TelType: Optical, Infrared\r\n'),
(2113, 'Blanco Telescope', 15, 0, 0, 4.000000, '', 1, '', 0.000000, 1, 0.000000, 1, 'TelType: Optical\r\n'),
(2144, 'The 3m KOSMA Radio Telescope', 10, 0, 0, 3.000000, '', 1, 'radiowave, ', 0.000000, 1, 0.000000, 1, '210 and 880 GHz'),
(2145, '1.5m infrared telescope', 15, 0, 0, 1.500000, '', 1, 'infrared, ', 0.000000, 1, 0.000000, 1, ''),
(2146, 'The 3m KOSMA submillimeter telescope', 15, 0, 0, 0.000000, '', 1, 'submillimeter, ', 0.000000, 1, 0.000000, 1, 'historic, not any longer available.'),
(2160, '11'''' Schmidt-Cassegrain Telescope', 3, 0, 0, 0.280000, '2.8', 1, 'optical, ', 0.000000, 1, 0.000000, 1, ''),
(2161, '80mm Apochromatic Refractor', 22, 0, 0, 0.080000, '', 1, 'optical, ', 0.000000, 1, 0.000000, 1, ''),
(2185, 'WIYN 3.5-m Telescope', 17, 0, 0, 3.500000, '1.75', 1, 'infrared, optical, ', 0.000000, 1, 0.000000, 1, ''),
(2186, 'WIYN 0.9-m Telescope', 2, 0, 0, 0.900000, '7.5', 1, 'optical, ', 0.000000, 1, 0.000000, 1, 'There are two optical imaging instruments available for use at the 0.9-m telescope: S2KB is a single chip with a field of view of 20 arcmin; and Mosaic has 8 chips with a field of view of 1 degree. '),
(2189, 'IRTF - Infrared Telescope Facility', 2, 0, 0, 3.000000, '', 1, 'infrared, ', 0.000000, 1, 0.000000, 1, ''),
(2241, 'Maksutov-Telescope', 4, 0, 0, 0.260000, '', 1, 'optical, ', 0.000000, 1, 0.000000, 1, '\r\n'),
(2242, 'Newton-Telescope', 1, 0, 0, 0.250000, '', 1, 'optical, ', 0.000000, 1, 0.000000, 1, ''),
(2243, 'Dobson-Telescope', 6, 0, 0, 0.400000, '', 1, 'optical, ', 0.000000, 1, 0.000000, 1, ''),
(2278, 'Liverpool Telescope', 2, 0, 0, 2.000000, '', 1, 'optical, ', 0.000000, 1, 0.000000, 1, 'Further information on the telescope available under: http://telescope.livjm.ac.uk/Info/TelInst/Spec/index.php'),
(2296, '20/300 cm ZEISS coronagraph', 20, 0, 0, 0.200000, '3', 1, 'optical, ', 0.000000, 1, 0.000000, 1, '- Observations in H-alpha\r\n\r\n'),
(2297, '20/300 cm ZEISS coronagraph', 20, 0, 0, 0.200000, '', 1, 'optical, ', 0.000000, 1, 0.000000, 1, '- Observations in H-alpha '),
(2298, 'Neutron Monitor', 15, 0, 0, 0.000000, '', 1, '', 0.000000, 1, 0.000000, 1, 'Further information on this instrument can be found under: http://neutronmonitor.ta3.sk/description.php'),
(2325, 'MAGIC I', 15, 0, 0, 17.000000, '1.03', 1, 'gamma-ray, ', 0.000000, 1, 0.000000, 1, '- Imaging Atmospheric Cherenkov Telescope\r\n- Further information on the telescope: http://wwwmagic.mppmu.mpg.de/magic/index.html'),
(2326, 'MAGIC II', 15, 0, 0, 17.000000, '1.03', 1, 'gamma-ray, ', 0.000000, 1, 0.000000, 1, '- Imaging Atmospheric Cherenkov Telescope\r\n- Further information on the telescope: http://wwwmagic.mppmu.mpg.de/magic/index.html'),
(2341, 'Schmidt-Cassegrain Telescope', 3, 0, 0, 0.254000, '', 1, 'optical, ', 0.000000, 1, 0.000000, 1, ''),
(2345, '0.6 Meter Dahl Kirkham Telescope', 5, 0, 0, 0.600000, '', 1, 'optical, ', 0.000000, 1, 0.000000, 1, '\r\n'),
(2376, 'Ritchey-Chretien Telescope', 5, 0, 0, 0.254000, '', 1, 'optical, ', 0.000000, 1, 0.000000, 1, '\r\n'),
(2377, 'Schmidt-Cassegrain Telescope', 3, 0, 0, 0.279000, '', 1, 'optical, ', 0.000000, 1, 0.000000, 1, ''),
(2382, 'Radio Observatory', 10, 0, 0, 13.700000, '', 1, 'microwave, ', 2.000000, 5, 150.000000, 5, 'Uses extrasolar radio signals between 2 to 150 GHz, with corresponding wavelengths in the range of 13.0 cm-2.0 mm.'),
(2414, '24'''' Perkin-Elmer Reflecting Telescope', 17, 0, 0, 0.610000, '', 1, 'optical, ', 0.000000, 1, 0.000000, 1, ''),
(2418, 'Mopra 22-m Antenna', 10, 0, 0, 22.000000, '', 1, 'radiowave, ', 0.000000, 1, 0.000000, 1, '- 3-mm band covering 76 to 117 GHz \r\n- 7-mm band covering 30 to 50 GHz \r\n- 12-mm band covering 16 to 27 GHz\r\n\r\n- Further information on the telescope and its instruments available under http://www.narrabri.atnf.csiro.au/mopra/obsinfo.html'),
(2420, 'Heinrich Hertz Submillimeter Telescope', 10, 0, 0, 10.000000, '0.35', 11, 'submillimeter, ', 0.700000, 10, 4.000000, 10, 'Further information on this telescope available under http://aro.as.arizona.edu/smt_docs/smt_telescope_specs.htm'),
(2436, 'MLO 40-inch Telescope', 17, 0, 0, 1.070000, '', 1, 'infrared, optical, ', 0.000000, 1, 0.000000, 1, 'Further information on the telescope and its instruments available under http://mintaka.sdsu.edu/MLO/FACILITIES/40_in_scope.html'),
(2437, 'Smith 24-inch Telescope', 2, 0, 0, 0.609000, 'f/20', 1, 'optical, ', 0.000000, 1, 0.000000, 1, '- Further information on this telescope and its instruments available under http://mintaka.sdsu.edu/MLO/FACILITIES/24_in_scope.html'),
(2438, 'Buller 21-inch Visitors'' Telescope', 2, 0, 0, 0.530000, '', 1, 'optical, ', 0.000000, 1, 0.000000, 1, '- Further information on this telescope available under http://mintaka.sdsu.edu/MLO/FACILITIES/21_in_scope.html\r\n\r\n- Mainly used for public outreach\r\n\r\n- A 35-mm film camera and an SBIG CCD camera are available for student use'),
(2439, '50-inch Phillips Claud Telescope', 17, 0, 0, 1.270000, '', 1, 'optical, ', 0.000000, 1, 0.000000, 1, 'Under construction'),
(2481, 'Arcminute Microkelvin Imager Small Array', 10, 0, 10, 3.700000, '', 11, 'radiowave, ', 12.000000, 5, 18.000000, 5, 'Further information on the array available under http://www.mrao.cam.ac.uk/telescopes/ami/'),
(2482, 'Arcminute Microkelvin Imager Large Array', 10, 0, 8, 12.800000, '', 11, 'radiowave, ', 12.000000, 5, 18.000000, 5, 'Further information on the array available under http://www.mrao.cam.ac.uk/telescopes/ami/'),
(2483, '68489648', 15, 0, 0, 648.000000, '', 1, '', 0.000000, 1, 0.000000, 1, 'TelType: Optical\r\n'),
(2484, '', 15, 0, 0, 0.000000, '', 1, '', 0.000000, 1, 0.000000, 1, 'TelType: Optical\r\n'),
(2493, 'Meade LX200R''''', 5, 0, 0, 0.305000, '', 1, 'optical, ', 0.000000, 1, 0.000000, 1, ''),
(2494, 'Meade LX200 8''''', 3, 0, 0, 0.203000, '', 1, 'optical, ', 0.000000, 1, 0.000000, 1, ''),
(2495, 'Soligor 8''''', 17, 0, 0, 0.203000, '', 1, 'optical, ', 0.000000, 1, 0.000000, 1, ''),
(2496, 'Williams Megrez II 80mm Triplet APO Flourite', 22, 0, 0, 0.080000, '', 1, 'optical, ', 0.000000, 1, 0.000000, 1, ''),
(2504, 'NRT - Nançay Radio Telescope', 10, 0, 10, 0.000000, '', 1, 'radiowave, ', 1.100000, 5, 3.500000, 5, '- Two receivers available:\r\n* Low Frequency System: 1.1-1.8 GHz\r\n* High Frequency System: 1.7-3.5 GHz\r\n\r\n- It contains ten panels, each 20 m long and 40 m (131 ft) high; it reflects radio waves towards the fixed secondary mirror 460 m away. The secondary mirror is shaped as a section of a sphere with a radius of 560m.\r\n\r\n- Further information on this telescope available under http://nrt.obspm.fr/nrt/obs/NRT_tech_info.html'),
(2505, 'Radio Heliograph', 10, 0, 48, 0.000000, '', 1, 'radiowave, ', 150.000000, 4, 450.000000, 4, 'Further information on this telescope available under http://www.obs-nancay.fr/en/index.php/instruments/radio-heliograph/carateristiques-techniques'),
(2506, 'Réseau Décamétrique', 10, 0, 144, 0.000000, '', 1, 'radiowave, ', 10.000000, 4, 100.000000, 4, 'Further information available under http://www.obs-nancay.fr/index.php?option=com_content&view=category&layout=blog&id=49&Itemid=4'),
(2507, 'LOFAR', 10, 0, 0, 0.000000, '', 1, 'radiowave, ', 30.000000, 4, 240.000000, 4, 'Further information available under http://www.obs-nancay.fr/lofar/'),
(2508, 'Antenne TBF ', 10, 0, 0, 0.000000, '', 1, 'radiowave, ', 5.000000, 2, 20.000000, 3, 'Further information available under http://www.obs-nancay.fr/index.php?option=com_content&view=category&layout=blog&id=64&Itemid=17'),
(2512, 'High Resolving Solar Radio Telescope', 10, 0, 0, 2.000000, '', 1, 'radiowave, ', 0.000000, 1, 0.000000, 1, ''),
(2515, 'NANTEN2', 2, 0, 0, 4.000000, '', 1, 'microwave, submillimeter, ', 110.000000, 5, 880.000000, 5, 'Further information on this telescope available under http://www.astro.uni-koeln.de/nanten2/'),
(2542, 'Meade LX200 10''''', 3, 0, 0, 0.250000, '', 1, 'optical, ', 0.000000, 1, 0.000000, 1, '\r\n'),
(2555, 'Celestron C11 HD', 2, 0, 0, 0.280000, '', 1, 'optical, ', 0.000000, 1, 0.000000, 1, '\r\n'),
(2556, 'Officina Stellare Pro RC 400', 5, 0, 0, 0.400000, '3.2', 1, 'optical, ', 0.000000, 1, 0.000000, 1, ''),
(2559, 'Celestron 280mm', 3, 0, 0, 0.280000, '2.8', 1, 'optical, ', 0.000000, 1, 0.000000, 1, '\r\n'),
(2560, 'William Optics Megrez 90', 7, 0, 0, 0.090000, '0.621', 1, 'optical, ', 0.000000, 1, 0.000000, 1, ''),
(2561, 'Vixen VC 200L', 2, 0, 0, 0.200000, '1.8', 1, 'optical, ', 0.000000, 1, 0.000000, 1, ''),
(2566, 'TEC Apo 140', 7, 0, 0, 0.140000, '0.980', 1, 'optical, ', 0.000000, 1, 0.000000, 1, '\r\n'),
(2567, 'Orion 80ED', 7, 0, 0, 0.085000, '0.450', 1, 'optical, ', 0.000000, 1, 0.000000, 1, ''),
(2587, '2.12 Meter Telescope', 17, 0, 0, 2.120000, '', 1, 'infrared, optical, ', 0.000000, 1, 0.000000, 1, 'Further information on this telescope available under: http://astro.inaoep.mx/en/observatories/oagh/telescopes/'),
(2588, '16-Inch Meade', 3, 0, 0, 0.400000, '', 1, 'optical, ', 0.000000, 1, 0.000000, 1, '- It is meant for monitoring atmospheric extinction and sky brightness\r\n\r\n- Equipped with a CCD STS-6 camera (UV and UBVRI filters)\r\n\r\n- Further information on this telescope available under: http://astro.inaoep.mx/en/observatories/oagh/telescopes/meade.php'),
(2589, '8-Inch DIMM Seeing Monitor', 15, 0, 0, 0.200000, '', 1, 'optical, ', 0.000000, 1, 0.000000, 1, 'Further information on this telescope available under: http://astro.inaoep.mx/en/observatories/oagh/telescopes/dimm.php'),
(2603, 'Schmidt-Cassegrain Telescope', 3, 0, 0, 0.203000, '', 1, 'optical, ', 0.000000, 1, 0.000000, 1, ''),
(2607, 'Meade SCT LX200 10''''', 3, 0, 0, 0.254000, '2.500', 1, 'optical, ', 0.000000, 1, 0.000000, 1, ''),
(2608, 'Telescope 1', 7, 0, 0, 0.110000, '1.65', 1, 'optical, ', 0.000000, 1, 0.000000, 1, ''),
(2609, 'H-Alpha Telescope', 7, 0, 0, 0.100000, '', 1, 'optical, ', 653.299988, 8, 0.000000, 1, ''),
(2614, 'Celestron EdgeHD 9,25', 7, 0, 1, 0.235000, '2.35 m', 1, 'infrared, optical, ', 0.000000, 1, 0.000000, 1, ''),
(2615, 'Triplet fluorite APO refractor', 7, 0, 0, 0.080000, 'f6', 1, 'optical, ', 0.000000, 1, 0.000000, 1, ''),
(2647, 'Ritchey-Chretien Telescope', 5, 0, 0, 0.318000, '', 1, 'optical, ', 0.000000, 1, 0.000000, 1, ''),
(2648, 'Refracting Telescope', 7, 0, 0, 0.140000, '', 1, '', 0.000000, 1, 0.000000, 1, ''),
(2664, '40m Telescope', 10, 0, 0, 40.000000, '', 1, 'microwave, ', 0.000000, 1, 0.000000, 1, '\r\n'),
(2665, 'C-BASS - C-Band All Sky Survey', 10, 0, 0, 6.100000, '', 1, 'microwave, ', 0.000000, 1, 0.000000, 1, 'It maps the Northern Sky at 5GHz.'),
(2666, 'OVSA - Owens Valley Solar Array', 10, 0, 2, 27.000000, '', 1, 'microwave, ', 1.200000, 5, 18.000000, 5, 'Besides two 27m radio telescopes there are also additional 5 2m dishes.\r\n\r\nFurther information on this array available under http://www.ovsa.njit.edu/'),
(2687, 'Parkes Radio Telescope', 10, 0, 0, 64.000000, '27.4', 1, 'radiowave, microwave, ', 0.700000, 11, 400.000000, 11, 'Detailed Information Sheet: http://www.csiro.au/~/Media/CSIROau/Divisions/CSIRO%20Astronomy%20and%20Space%20Science/CSIRO%20Parkes%20Observatory%20fact%20sheet%202011.ashx'),
(2723, 'Hale Telescope', 17, 0, 0, 5.080000, 'f/3.30', 1, 'infrared, optical, ', 0.000000, 1, 0.000000, 1, '- Further information on this telescope available under http://www.astro.caltech.edu/palomar/hale.html\r\n\r\n- Information on the adaptive optics system PALM-3000: http://www.oir.caltech.edu/twiki_oir/bin/view/Palomar/Palm3000/ProposerInfo\r\n\r\n- Information on the CCDs: http://www.astro.caltech.edu/palomar/ccds/ccds.html'),
(2724, 'Samuel Oschin Telescope', 18, 0, 0, 1.220000, 'f/2.50', 1, 'optical, ', 0.000000, 1, 0.000000, 1, 'Further information on this telescope available under http://www.astro.caltech.edu/palomar/sot.html'),
(2725, '60-inch Telescope', 17, 0, 0, 1.500000, 'f/8.75', 1, 'optical, ', 0.000000, 1, 0.000000, 1, '- Further information on this telescope available under http://www.astro.caltech.edu/palomar/60inch.html\r\n\r\n- Information on the adaptive optics system Robo-AO: http://www.astro.caltech.edu/Robo-AO/'),
(2726, '18-inch Schmidt Telescope', 18, 0, 0, 0.457000, '', 1, 'optical, ', 0.000000, 1, 0.000000, 1, '- No longer used for scientific research, but there are plans in the works to put it on public display\r\n\r\n- Further information on this telescope available under http://www.astro.caltech.edu/palomar/18inch.html'),
(2727, '24-inch Telescope', 17, 0, 0, 0.610000, '', 1, 'optical, ', 0.000000, 1, 0.000000, 1, 'Further information on this telescope available under http://www.astro.caltech.edu/palomar/24inch.html'),
(2731, 'Newton Telescope', 1, 0, 0, 0.000000, '', 1, 'optical, ', 0.000000, 1, 0.000000, 1, ''),
(2732, 'Dobson Telescope', 6, 0, 0, 0.000000, '', 1, 'optical, ', 0.000000, 1, 0.000000, 1, ''),
(2733, 'Binocular Telescope', 8, 0, 0, 0.000000, '', 1, 'optical, ', 0.000000, 1, 0.000000, 1, ''),
(2739, 'ATCA', 10, 0, 6, 22.000000, '', 1, 'radiowave, ', 1.100000, 5, 105.000000, 5, '\r\nFurther information on this array available under http://www.narrabri.atnf.csiro.au/observing/users_guide/html/new_atug_6.html#Overview-of-the-ATCA'),
(2800, '26-meter West Radio Telescope', 10, 0, 0, 26.000000, '', 1, '', 0.000000, 1, 0.000000, 1, '- Five scanning spectrometers and two 64 Msps FFT spectrometers\r\n\r\n- Current receivers on the West 26-m telescope include the frequencies 1.4 GHz for HI measurements, 4.8 GHz for formaldehyde. The 26-m radio telescopes can also be used at other frequencies with receivers provided by visiting astronomers.\r\n\r\n- Further information on this telescope and its spectrometers available under http://www.pari.edu/telescopes/RadioTelescopes/26West/'),
(2801, '26-meter East Radio Telescope', 10, 0, 0, 26.000000, '', 1, 'radiowave, ', 0.000000, 1, 0.000000, 1, '- 26 East is currently configured for 327 MHz pulsar research.\r\n\r\n- Five scanning spectrometers and two 64 Msps FFT spectrometers\r\n\r\n- Further information on this telescope and its spectrometers available under http://www.pari.edu/telescopes/RadioTelescopes/26East/'),
(2802, '12m Radio Telescope', 10, 0, 0, 12.000000, '', 1, '', 0.000000, 1, 0.000000, 1, '- Prime focus feeds currently in place support: 6 cm (3.3 - 4.2 GHz) and 3 cm (10.95 - 12.75 GHz). A removable cassegrain subreflector and feed assembly is also available for 6 / 5 cm (6.6 - 8 GHz) operation. \r\n\r\n- Further information for this telescope available under http://www.pari.edu/telescopes/RadioTelescopes/twelve/'),
(2803, 'Radio Jove Antenna', 10, 0, 2, 0.000000, '', 1, 'radiowave, ', 17.000000, 4, 30.000000, 4, '- Automatic Tracking\r\n\r\n- Further information available under http://www.pari.edu/telescopes/RadioTelescopes/parijove/'),
(2804, '4.6m Radio Telescope "Smiley"', 10, 0, 0, 4.600000, '', 1, 'radiowave, ', 0.000000, 1, 0.000000, 1, '- The antenna is currently configured for 21 cm (1.42 GHz) neutral hydrogen reception\r\n\r\n- For public outreach only.\r\n\r\n- Further information o nthis telescope available under http://www.pari.edu/telescopes/RadioTelescopes/four_six/'),
(2805, 'West Optical Observatory', 5, 0, 0, 0.400000, 'f/8', 1, 'optical, ', 0.000000, 1, 0.000000, 1, '- Filter set = Bessell UBVRI and a clear filter\r\n\r\n- Further information available under http://www.pari.edu/telescopes/OpticalTelescopes/WOT/'),
(2806, 'South Optical Observatory', 17, 0, 0, 0.350000, 'f/1.9', 1, '', 0.000000, 1, 0.000000, 1, '- Filter set = RGB and a clear filter\r\n\r\n- SBIG ST2000 Camera\r\n\r\n- Further information available under http://www.pari.edu/telescopes/OpticalTelescopes/copy_of_WOT/'),
(2807, 'Sunspot Telescope Celestron c-5', 20, 0, 0, 0.200000, '', 1, 'optical, ', 0.000000, 1, 0.000000, 1, '- Monochrome CCD with 1280 x 960 pixels\r\n\r\n- Further information on this telescope available under http://www.pari.edu/telescopes/OpticalTelescopes/solar-telescopes/'),
(2808, 'Solar Flare Telescope Coronado Solarmax 40', 20, 0, 0, 0.040000, '', 1, '', 0.000000, 1, 0.000000, 1, '- Hydrogen alpha filter with a bandwidth of 0.7 Angstrom\r\n\r\n-  SBIG ST-8300M1 with 3326 pixels x 2504 pixels'),
(2809, 'Furman/PARI Telescope', 17, 0, 0, 0.350000, '', 1, 'optical, ', 0.000000, 1, 0.000000, 1, '- SBIG ST10XME CCD + BVRI filter set\r\n\r\n- Further information on this telescope available under http://www.pari.edu/telescopes/OpticalTelescopes/FurmanPARITelescope/'),
(2815, 'Plateau de Bure Interferometer', 10, 0, 6, 15.000000, '', 1, '', 0.000000, 1, 0.000000, 1, ''),
(2827, '10” f/10 SCT', 3, 0, 0, 0.254000, 'f/10', 1, 'optical, ', 0.000000, 1, 0.000000, 1, ''),
(2828, '10” f/4.7  Newtonian', 1, 0, 0, 0.254000, '', 1, 'optical, ', 0.000000, 1, 0.000000, 1, ''),
(2832, 'Telescópio 1,6 m Perkin-Elmer', 5, 0, 0, 1.600000, 'f/10', 1, 'optical, ', 0.000000, 1, 0.000000, 1, ''),
(2833, 'Telescópio 0,6 m Boller & Chivens', 5, 0, 0, 0.600000, 'f/13.5', 1, 'optical, ', 0.000000, 1, 0.000000, 1, ''),
(2834, 'Telescópio 0,6 m Zeiss', 2, 0, 0, 0.600000, 'f/12.5', 1, 'optical, ', 0.000000, 1, 0.000000, 1, ''),
(2851, 'Historical Instruments', 15, 0, 0, 0.000000, '', 1, '', 0.000000, 1, 0.000000, 1, ''),
(2861, 'Radio Telescope', 10, 0, 0, 13.700000, '', 1, 'radiowave, ', 85.000000, 5, 115.000000, 5, ''),
(2867, 'ORT - Ooty Radio Telescope', 10, 0, 24, 530.000000, '', 11, 'radiowave, ', 0.000000, 1, 0.000000, 1, 'The telescope is operated at 327 MHz (a wavelength of 0.92 m) with 15 MHz usable bandwidth\r\n\r\nFurther information on this telescope available under http://rac.ncra.tifr.res.in/OotyRadioTelescope.html'),
(2923, 'T Shaped Array', 10, 0, 0, 815.000000, '', 1, '', 0.000000, 1, 0.000000, 1, 'TelType: Radio\r\n'),
(2925, 'Meade LX200 GPS', 23, 1, 0, 0.254000, '2.5', 1, 'optical, ', 0.000000, 1, 0.000000, 1, ''),
(2926, 'Orion Astroview 100mm', 7, 1, 0, 0.100000, '0.6', 1, 'optical, ', 0.000000, 1, 0.000000, 1, ''),
(2930, '0.5m Newton Telescope', 1, 1, 0, 0.500000, '2', 1, 'optical, ', 0.000000, 1, 0.000000, 1, ''),
(2931, '0.5m Cassegrain Telescope', 2, 0, 0, 0.500000, '7.8', 1, 'optical, ', 0.000000, 1, 0.000000, 1, ''),
(2932, '16.2cm Refracting Telescope', 7, 1, 0, 0.160000, '2.06', 1, 'optical, ', 0.000000, 1, 0.000000, 1, ''),
(2933, 'Newton Telescope', 1, 0, 0, 0.250000, '1.2', 1, 'optical, ', 0.000000, 1, 0.000000, 1, 'Further information on this telescope available under https://sites.google.com/site/observatorysamostopar/'),
(2945, 'Meade LX200 GPS', 3, 0, 0, 0.400000, 'f/10', 1, 'optical, ', 0.000000, 1, 0.000000, 1, ''),
(2946, 'Celestron 14', 3, 0, 0, 0.350000, 'f6', 1, 'optical, ', 0.000000, 1, 0.000000, 1, 'Robotic mounted C14 ON Paramount ME with SBIG ST9 XE ccd and bvri photometric filters'),
(2947, 'Celestron C14 SCT', 3, 0, 0, 0.350000, 'f/7.7', 1, 'optical, ', 0.000000, 1, 0.000000, 1, ''),
(2948, '12” f/5.3  Newtonian', 17, 0, 0, 0.300000, 'f/5.3', 1, 'optical, ', 0.000000, 1, 0.000000, 1, ''),
(2949, 'Takahashi E-160', 17, 0, 0, 0.160000, 'f/3.6', 1, 'optical, ', 0.000000, 1, 0.000000, 1, ''),
(2953, 'DARO LogPer', 10, 0, 21, 3.000000, '', 7, 'radiowave, ', 50.000000, 4, 1300.000000, 4, 'Creative Design Corp CLP5130-1 Logperiodic Antenna'),
(2954, 'DARO T2FD', 10, 0, 0, 5.500000, '', 2, 'radiowave, ', 10.000000, 4, 90.000000, 4, 'Homebrew T2FD Beam direction W-E'),
(2955, 'DARO VLF', 10, 0, 0, 0.000000, '', 3, 'radiowave, ', 5.000000, 3, 90.000000, 3, 'homebrew VLF LOOP'),
(2956, 'Ritchey-Chretien Telescope', 5, 0, 0, 0.305000, '', 1, 'optical, ', 0.000000, 1, 0.000000, 1, ''),
(2957, 'Pentax 75 SDHF', 7, 0, 0, 0.075000, '', 1, 'optical, ', 0.000000, 1, 0.000000, 1, ''),
(2958, 'Maksutov 90', 4, 0, 0, 0.090000, '', 1, 'optical, ', 0.000000, 1, 0.000000, 1, ''),
(2959, 'Newton Telescope', 1, 0, 0, 0.400000, '', 1, 'optical, ', 0.000000, 1, 0.000000, 1, ''),
(2960, 'Schmidt-Cassegrain', 3, 1, 0, 0.200000, '', 1, 'optical, ', 0.000000, 1, 0.000000, 1, ''),
(2961, 'Instrument 2', 15, 1, 0, 0.090000, '', 1, 'optical, ', 0.000000, 1, 0.000000, 1, ''),
(2962, 'Meade LX200 GPS', 3, 1, 0, 0.203000, '2', 1, 'optical, ', 0.000000, 1, 0.000000, 1, ''),
(2963, 'Magellan Telescopes', 17, 0, 2, 6.500000, 'f/11; f/15', 1, 'infrared, optical, ', 0.000000, 1, 0.000000, 1, '- The Magellan Telescopes are a pair of 6.5m optical telescopes, i.e the "Magellan I - Baade Telescope" and the "Magellan II - Clay Telescope"\r\n\r\n- f/11: Nasmyth focus; f/15: Cassegrain focus\r\n\r\n- Further information on this telescope available under http://www.lco.cl/telescopes-information/magellan/'),
(2964, 'Irénée du Pont Telescope', 2, 0, 0, 2.500000, 'f/7.5', 1, 'infrared, optical, ', 0.000000, 1, 0.000000, 1, 'Further information on this telescope can be found under http://www.lco.cl/telescopes-information/magellan/instruments/telescopes-information/irenee-du-pont/'),
(2965, 'Henrietta Swope Telescope', 5, 0, 0, 1.000000, 'f/7', 1, 'optical, ', 0.000000, 1, 0.000000, 1, 'Further information on this telescope available under http://www.lco.cl/telescopes-information/henrietta-swope/'),
(2966, 'Warsaw Telescope', 5, 0, 0, 1.300000, '', 1, 'optical, ', 0.000000, 1, 0.000000, 1, 'Operated by the University of Warsaw Observatory and main instrument of the Optical Gravitational Lensing Experiment (http://ogle.astrouw.edu.pl/)'),
(2967, 'Schmidt-Cassegrain Telescope', 3, 0, 0, 0.300000, 'f/4.4', 1, 'optical, ', 0.000000, 1, 0.000000, 1, ''),
(2968, 'Schmidt-Cassegrain Telescope', 3, 0, 0, 1.000000, '', 1, 'optical, ', 0.000000, 1, 0.000000, 1, ''),
(2969, 'RCC Telescope', 17, 0, 0, 1.000000, '13.50', 1, 'optical, ', 0.000000, 1, 0.000000, 1, ''),
(2970, '60 inch Rockefeller Reflector', 2, 0, 0, 1.500000, '', 1, 'optical, ', 0.000000, 1, 0.000000, 1, 'Further information: http://www.assabfn.co.za/friendsofboyden/explore_60inch.htm'),
(2971, '16 inch Nishimura reflector', 2, 0, 0, 0.406000, '', 1, 'optical, ', 0.000000, 1, 0.000000, 1, '- It is currently not operational, but future funds will re-instate it as a powerful, publicly accessible telescope.\r\n\r\n- Further information: http://www.assabfn.co.za/friendsofboyden/explore_16inchnishimura.htm');
INSERT INTO `telescopes` (`id`, `telescope_name`, `telescope_type`, `mobile_flag`, `telescope_elements`, `diameter_m`, `focallength_m`, `antenna_type`, `wavelength`, `wavelength_begin`, `wavelength_b_unit`, `wavelength_end`, `wavelength_e_unit`, `comments`) VALUES
(2972, '10 inch Metcalf Photographic Triplet Refractor', 7, 0, 0, 0.254000, '', 1, 'optical, ', 0.000000, 1, 0.000000, 1, '- A 6 inch refractor of remarkable quality accompanies the Metcalf\r\n\r\n- Historic telescope (over 100 years), but still operating\r\n\r\n- Further information: http://www.assabfn.co.za/friendsofboyden/explore_10inch.htm '),
(2973, '13 inch Alvin Clark Refractor', 7, 0, 0, 0.330000, '', 1, 'optical, ', 0.000000, 1, 0.000000, 1, '- The telescope has an 8 inch refractor mounted on it\r\n\r\n- Historic telescope (110 years old), but still operating.\r\n\r\n- Further information: http://www.assabfn.co.za/friendsofboyden/explore_13inch.htm'),
(2974, '20 cm Coelostat (Solar Telescope)', 20, 0, 0, 0.200000, '', 1, 'optical, ', 0.000000, 1, 0.000000, 1, '- Further information: http://www.assabfn.co.za/friendsofboyden/explore_solartelescope.htm'),
(2975, 'Antu(UT1), Kueyen(UT2), Melipal(UT3), Yepun(UT4)', 5, 0, 4, 8.200000, '', 1, 'infrared, optical, ', 0.300000, 9, 20.000000, 9, 'http://www.eso.org/public/teles-instr/vlt.html \r\n\r\nThe Very Large Telescope (VLT), the largest telescope on Paranal, is composed of four separate 8.2-m telescopes. In addition, the four main telescopes can combine their light to make a fifth instrument, the Very Large Telescope Interferometer (VLTI). \r\n\r\nFour moveable auxiliary telescopes of 1.8 m each are also part of the VLTI.'),
(2976, 'VST - VLT Survey Telescope', 5, 0, 0, 2.650000, '14.4', 1, 'infrared, optical, ultraviolet, ', 0.300000, 9, 1.000000, 9, 'See also: http://www.eso.org/sci/facilities/paranal/telescopes/vst/'),
(2977, 'VLT Auxiliary Telescopes', 17, 0, 4, 1.800000, 'f/1.5', 1, 'infrared, optical, ', 0.000000, 1, 0.000000, 1, 'See: http://www.eso.org/sci/facilities/paranal/telescopes/vlti/at/ \r\n\r\nThe complete system is mobile (on a rail network) in order to allow several configurations of the four telescopes, working together in interferometric mode, and with the four main VLT 8.2-m telescopes. '),
(2978, 'Cassegrain Telescope', 2, 0, 0, 0.600000, '7.5 (Newto', 1, '', 0.000000, 1, 0.000000, 1, ''),
(2979, 'Cassegrain Telescope', 2, 0, 0, 0.400000, '', 1, 'optical, ', 0.000000, 1, 0.000000, 1, ''),
(2980, 'The 188cm Telescope', 2, 0, 0, 1.880000, '', 1, 'optical, ', 0.000000, 1, 0.000000, 1, 'Further information on this telescope available under http://www.oao.nao.ac.jp/en/telescope/abouttel188/'),
(2981, 'The 91cm telescope', 17, 0, 0, 0.910000, '', 1, 'optical, ', 0.000000, 1, 0.000000, 1, ''),
(2982, 'The 50cm Telescope', 2, 0, 0, 0.500000, '3.25m', 1, 'optical, ', 0.000000, 1, 0.000000, 1, ''),
(2983, 'The 65cm Solar Telescope', 20, 0, 0, 0.650000, '', 1, 'optical, ', 0.000000, 1, 0.000000, 1, ''),
(2984, 'Celestron 8', 3, 0, 0, 0.200000, '', 1, 'optical, ', 0.000000, 1, 0.000000, 1, ''),
(2985, '83cm Telescope', 7, 0, 0, 0.830000, '16.34', 1, 'optical, ', 0.000000, 1, 0.000000, 1, ''),
(2986, '62cm Telescope', 7, 0, 0, 0.620000, '15.9', 1, 'optical, ', 0.000000, 1, 0.000000, 1, ''),
(2987, '1m Telescope', 2, 0, 0, 1.000000, '22', 1, 'optical, ', 0.000000, 1, 0.000000, 1, ''),
(2988, '60cm Telescope', 2, 0, 0, 0.600000, '9', 1, 'optical, ', 0.000000, 1, 0.000000, 1, ''),
(2989, '32cm Telescope', 17, 0, 0, 0.320000, '', 1, 'infrared, ', 0.000000, 1, 0.000000, 1, ''),
(2990, 'Solar Tower', 20, 0, 0, 0.800000, '', 1, 'optical, ', 0.000000, 1, 0.000000, 1, ''),
(2991, '2m RCC-telescope', 5, 0, 0, 2.000000, '16', 1, 'optical, ', 0.000000, 1, 0.000000, 1, ''),
(2992, 'Cassegrain-telescope "Zeiss 600"', 2, 0, 0, 0.600000, '', 1, 'optical, ', 0.000000, 1, 0.000000, 1, ''),
(2993, '50/70 cm Schmidt-telescope', 18, 0, 0, 0.500000, '1.72', 1, 'optical, ', 0.000000, 1, 0.000000, 1, ''),
(2994, 'The 100-inch Hooker Telescope', 17, 0, 0, 2.540000, '', 1, 'optical, ', 0.000000, 1, 0.000000, 1, 'Further information on the telescope and its instruments available under http://www.mtwilson.edu/vir/100in.php'),
(2995, '60-inch Hale Telescope', 17, 0, 0, 1.520000, '', 1, 'optical, ', 0.000000, 1, 0.000000, 1, '- For public outreach mainly\r\n\r\n- Further information on this telescope available under http://www.mtwilson.edu/vir/60in.php'),
(2996, '150-ft Solar Tower Telescope', 20, 0, 0, 0.350000, '', 1, 'optical, ', 0.000000, 1, 0.000000, 1, 'Further information on this telescope available under http://www.mtwilson.edu/vir/150ft.php'),
(2997, '60-ft Solar Tower Telescope', 20, 0, 0, 0.305000, '', 1, 'optical, ', 0.000000, 1, 0.000000, 1, 'Further information about this telescope available under http://www.mtwilson.edu/vir/60ft.php'),
(2998, 'Snow Solar Telescope', 20, 0, 0, 0.600000, '', 1, 'optical, ', 0.000000, 1, 0.000000, 1, 'Further information on this telescope available under http://www.mtwilson.edu/vir/snow.php'),
(2999, 'ISI - The Infrared Spatial Interferometer', 17, 0, 3, 1.651000, '', 1, 'infrared, ', 0.000000, 1, 0.000000, 1, '- Operated by the Universityof California at Berkeley.\r\n\r\n- Further information on this interferometer available under'),
(3000, 'CHARA Array', 17, 0, 6, 1.000000, '', 1, 'infrared, optical, ', 0.000000, 1, 0.000000, 1, '- Long-baseline optical interferometer\r\n\r\n- Further information on this interferometer is available under http://www.mtwilson.edu/vir/CHARA.php and http://www.chara.gsu.edu/CHARA/'),
(3001, '1.6 Meter Ritchey-Chrétien Telescope', 5, 0, 0, 1.600000, '', 1, 'infrared, optical, ', 0.000000, 1, 0.000000, 1, ''),
(3002, '165cm Reflecting Telescope', 17, 0, 0, 1.650000, '4.92', 1, 'optical, ', 0.000000, 1, 0.000000, 1, 'Further information on this telescope available under http://mao.tfai.vu.lt/mao/en/content/165-m-telescope'),
(3003, '63cm Reflecting Telescope', 17, 0, 0, 0.630000, '3.03', 1, 'optical, ', 0.000000, 1, 0.000000, 1, 'Further information on this telescope available under http://mao.tfai.vu.lt/mao/en/content/63-cm-telescope'),
(3004, '35/51 cm Maksutov Telescope ACT-452', 4, 0, 0, 0.510000, '1.20', 1, 'optical, ', 0.000000, 1, 0.000000, 1, 'Further information on this telescope available under http://mao.tfai.vu.lt/mao/en/content/3551-cm-maksutov-telescope-act-452'),
(3005, 'T1T - Treburer - 1 Meter - Teleskop', 2, 0, 0, 1.200000, '9.55', 1, 'optical, ', 0.000000, 1, 0.000000, 1, ''),
(3006, '11'''' Maksutov-Newton', 4, 0, 0, 0.280000, '', 1, 'optical, ', 0.000000, 1, 0.000000, 1, ''),
(3007, 'HET - Hobby-Eberly Telescope', 17, 0, 0, 9.200000, '13.08', 1, 'infrared, optical, ', 0.000000, 1, 0.000000, 1, 'Further information on this telescope available under: http://www.as.utexas.edu/mcdonald/het/het.html'),
(3008, 'Harlan J. Smith Telescope', 17, 0, 0, 2.700000, '10.68', 1, 'optical, ', 0.000000, 1, 0.000000, 1, 'Further information on this telescope available under: http://www.as.utexas.edu/mcdonald/facilities/2.7m/2.7.html'),
(3009, 'Otto Struve Telescope', 17, 0, 0, 2.100000, '8.13', 1, 'optical, ', 0.000000, 1, 0.000000, 1, ''),
(3010, '0.9m Telescope', 17, 0, 0, 0.900000, '3.18', 1, 'optical, ', 0.000000, 1, 0.000000, 1, '- For public outreach only.\r\n- Further information on this telescope available under: http://www.as.utexas.edu/mcdonald/facilities/0.9m/0.9.html'),
(3011, '0.8m Telescope', 17, 0, 0, 0.800000, '2.29', 1, 'optical, ', 0.000000, 1, 0.000000, 1, 'Further information on this telescope available under: http://www.as.utexas.edu/mcdonald/facilities/0.8m/0.8.html'),
(3012, 'MRLS 76cm Laser Ranging System', 15, 0, 0, 0.760000, '2.286', 1, '', 0.000000, 1, 0.000000, 1, '- Laser Ranging Station\r\n- Further information on this instrument available under: http://www.as.utexas.edu/mcdonald/facilities/laser.html'),
(3013, 'Newton-Telescope', 1, 0, 0, 0.440000, '', 1, 'optical, ', 0.000000, 1, 0.000000, 1, ''),
(3014, '2.4-meter Telescope', 5, 0, 0, 2.400000, '8.85', 1, 'infrared, optical, ', 0.000000, 1, 0.000000, 1, 'Further information on the telescope available under: http://www.mro.nmt.edu/2.4m/'),
(3015, 'MROI - Magdalena Rich Optical Interferometer', 17, 0, 10, 1.400000, '', 1, 'infrared, optical, ', 0.600000, 9, 2.400000, 9, 'Further information on the interferometer can be found under: http://www.mro.nmt.edu/about-mro/interferometer-mroi/'),
(3016, 'Trebur Cassegrain Telescope', 2, 0, 0, 1.000000, '8.00', 1, 'optical, ', 0.000000, 1, 0.000000, 1, ''),
(3017, 'SLT - Super Light Telescope', 5, 0, 0, 0.400000, '8.8', 1, 'optical, ', 0.000000, 1, 0.000000, 1, ''),
(3018, 'Perkins Telescope', 17, 0, 0, 1.800000, '', 1, 'optical, ', 0.000000, 1, 0.000000, 1, 'Further information on this telescope available under: http://www.lowell.edu/research_telescopes_perkins.php'),
(3019, 'John S Hall Telescope', 17, 0, 0, 1.050000, '', 1, 'optical, ', 0.000000, 1, 0.000000, 1, 'Further information on this telescope available under: http://www.lowell.edu/research_telescopes_hall.php'),
(3020, '31'''' Telescope', 17, 0, 0, 0.780000, '', 1, 'optical, ', 0.000000, 1, 0.000000, 1, 'Further information on this telescope available under: http://www.lowell.edu/research_telescopes_nuro.php'),
(3021, 'Discovery Channel telescope', 5, 0, 0, 4.300000, '', 1, 'infrared, optical, ', 0.000000, 1, 0.000000, 1, 'Further information on this telescope available under: http://www.lowell.edu/dct.php and http://www.lowell.edu/dct_instruments.php'),
(3022, 'Shane Reflector', 17, 0, 0, 3.000000, '', 1, 'infrared, optical, ', 0.000000, 1, 0.000000, 1, 'Further information on this telescope available under: http://mthamilton.ucolick.org/techdocs/telescopes/Shane/intro/'),
(3023, 'Automated Planet Finder', 15, 0, 0, 2.400000, '', 1, 'optical, ', 0.000000, 1, 0.000000, 1, ''),
(3024, 'Nickel Reflector', 17, 0, 0, 1.000000, '', 1, 'optical, ', 0.000000, 1, 0.000000, 1, 'Further information on this telescope available under: http://mthamilton.ucolick.org/techdocs/telescopes/Nickel/intro/'),
(3025, 'CAT - Coude Auxiliary Telescope', 2, 0, 0, 0.600000, '', 1, 'optical, ', 0.000000, 1, 0.000000, 1, 'Further information on this telescope available under: http://mthamilton.ucolick.org/techdocs/telescopes/CAT/index.html/'),
(3026, 'KAIT - Katzman Automatic imaging Telescope', 17, 0, 0, 0.760000, '', 1, 'optical, ', 0.000000, 1, 0.000000, 1, '- Automated for the search of supernovae and monitoring of celestial objects\r\n- Further information on this telescope available under: http://astro.berkeley.edu/bait/public_html/kait.html'),
(3027, 'Jorge Sahade Telescope', 5, 0, 0, 2.153000, '8.485', 1, 'optical, ', 0.000000, 1, 0.000000, 1, 'Further information on this telescoe available under: http://www.casleo.gov.ar/instrumental/js-en.php'),
(3028, 'Helen Sawyer Hogg Telescope', 2, 0, 0, 0.600000, '9.131', 1, 'optical, ', 0.000000, 1, 0.000000, 1, '- Further information about this telescope available under: http://www.casleo.gov.ar/instrumental/hsh-en.php'),
(3029, 'Solar Submillimeter Telescope (SST) and Heliogeophysical Laboratory', 20, 0, 0, 1.500000, '', 1, 'radiowave, submillimeter, ', 0.000000, 1, 0.000000, 1, '- Two mainfrequencies: 212 and 405 GHz (1.4 and 0.7 mm\r\n- Further information on this telecope available under: http://www.casleo.gov.ar/instrumental/sst-en.php'),
(3030, 'Astrograph for the Southern Hemisphere', 1, 0, 0, 0.450000, '1.260', 1, 'optical, ', 0.000000, 1, 0.000000, 1, '- Furtherinformation on this telescope and its equipment available under: http://www.casleo.gov.ar/instrumental/ash-en.php'),
(3031, 'Horacio Ghielmetti Telescope', 3, 0, 0, 0.406400, '4.064', 1, 'optical, ', 0.000000, 1, 0.000000, 1, '- Further information on this telescope and its equipment available under: http://www.casleo.gov.ar/instrumental/thg-en.php'),
(3032, 'Canon widefield', 22, 0, 0, 0.100000, 'f/2.8', 1, 'optical, ', 400.000000, 8, 900.000000, 8, 'Telescope can be used unfiltered or with an Astrodon dichroic V filter'),
(3033, 'Celestron 11', 3, 0, 0, 0.280000, 'f/9.4', 1, 'optical, ', 400.000000, 8, 900.000000, 8, 'telescope tube assembly currently off the mount'),
(3034, 'Newton Skywatcher 10''''', 1, 1, 0, 0.254000, '1.2', 1, 'optical, ', 0.000000, 1, 0.000000, 1, ''),
(3035, 'WO Doublet APO Megrez 72', 22, 1, 0, 0.072000, '0.432', 1, 'optical, ', 0.000000, 1, 0.000000, 1, ''),
(3036, 'Schmidt Telescope', 18, 0, 0, 1.000000, '', 1, 'optical, ', 0.000000, 1, 0.000000, 1, ''),
(3037, '1.06-m KLENOT telescope', 1, 0, 0, 1.060000, 'f/3', 1, 'optical, ', 0.000000, 1, 0.000000, 1, '- Further information on this telescope can be found under: http://www.klet.org/?stranka=klenot_telescope&menu_id=84&uroven=3\r\n\r\n- Information on the KLENOT-project: http://www.klet.org/?stranka=klenot&menu_id=4&uroven=2'),
(3038, '0.57-m f/5.2 reflector', 17, 0, 0, 0.570000, 'f/5.2', 1, 'optical, ', 0.000000, 1, 0.000000, 1, 'Further information on this telescope available under: http://www.klet.org/?stranka=telescopes&menu_id=3&uroven=2'),
(3039, 'Maksutov telescope', 4, 0, 0, 0.630000, '', 1, 'optical, ', 0.000000, 1, 0.000000, 1, 'Further information on this telescope can be found under: http://www.klet.org/?stranka=telescopes&menu_id=3&uroven=2'),
(3040, '105cm Schmidt Telescope', 18, 0, 0, 1.050000, '3.10', 1, 'optical, ', 0.000000, 1, 0.000000, 1, 'Further information on this telescope available under: http://www.ioa.s.u-tokyo.ac.jp/kisohp/TELS/tels_e.html'),
(3041, 'K.3T (Kiso 0.3m Telescope)', 15, 0, 0, 0.300000, '3.572', 1, 'optical, ', 0.000000, 1, 0.000000, 1, '- Telescope Type: Takahashi Mewlon 300\r\n\r\n- Further information on this telescope available under: http://www.ioa.s.u-tokyo.ac.jp/kisohp/TELS/Kd3T/Kd3TTop.html'),
(3042, '28-inch telescope', 7, 0, 0, 0.711200, '', 1, 'optical, ', 0.000000, 1, 0.000000, 1, '- The 28-inch Greenwich refracting telescope is the largest of its kind in the UK and the seventh largest in the world.\r\n\r\n- Further information on this historical telescope available under: http://www.rmg.co.uk/royal-observatory/flamsteed-house-and-meridian/28-inch-telescope/'),
(3043, '2-m-Alfred-Jensch-Teleskop', 17, 0, 0, 2.000000, '4.00', 1, 'optical, ', 0.000000, 1, 0.000000, 1, '- 3 possible optical focus-configurations:\r\n* Schmidt\r\n* Quasi-Cassegrain\r\n* Coudé\r\n\r\n- Further information on this telescope available (in German) under: http://www.tls-tautenburg.de/tls_d.php?category=jensch_d'),
(3044, 'TEST - 30-cm Tautenburg Exoplanet Search Telescope', 7, 0, 0, 0.000000, '', 1, 'optical, ', 0.000000, 1, 0.000000, 1, 'Further information on this telescope available (in German) under: http://www.tls-tautenburg.de/tls_d.php?category=test_d'),
(3045, 'LOFAR-field Tautenburg', 10, 0, 192, 1.380000, '', 2, 'radiowave, ', 30.000000, 4, 240.000000, 4, '- 96 lowband antennas (30-80 MHz) & 96 highband antennas (120-240 MHz)\r\n\r\n- Further information on this array can be found under: http://www.tls-tautenburg.de/research/lofar/TLS.html\r\n\r\n- Information about LOFAR:\r\n* German site: http://www.mpifr-bonn.mpg.de/div/lofar/\r\n* Main site: http://www.lofar.org/'),
(3046, '18'''' Newton Telescope', 1, 0, 0, 0.457200, '2.135', 1, 'optical, ', 0.000000, 1, 0.000000, 1, 'Optional focal length: 1.61m'),
(3047, 'Meade 14'''' LX200GPS', 3, 0, 0, 0.360000, 'f/10', 1, 'optical, ', 0.000000, 1, 0.000000, 1, ''),
(3048, '1m-Teleskop', 24, 0, 0, 1.000000, '14.50', 1, 'optical, ', 0.000000, 1, 0.000000, 1, ''),
(3049, 'Ritchey-Chretien Telescope', 5, 0, 0, 1.000000, '', 1, 'optical, ', 0.000000, 1, 0.000000, 1, ''),
(3050, '"Aristarchos"', 5, 0, 0, 2.300000, '2', 1, 'optical, ', 0.000000, 1, 0.000000, 1, ''),
(3051, 'Haystack Radio Telescope', 10, 0, 0, 37.000000, '', 1, 'radiowave, ', 0.000000, 1, 0.000000, 1, 'Further information available under: http://www.haystack.mit.edu/obs/haystack/index.html'),
(3052, 'Westford Radio Telescope', 10, 0, 0, 18.299999, '', 1, 'radiowave, ', 0.000000, 1, 0.000000, 1, 'Further information available under: http://www.haystack.mit.edu/obs/westford/index.html'),
(3053, 'Télescope de 193cm', 2, 0, 0, 1.930000, '2.86', 1, 'optical, ', 0.000000, 1, 0.000000, 1, 'Further information on this telescope available under: http://www.obs-hp.fr/guide/t193.shtml'),
(3054, 'Télescope de 152cm', 17, 0, 0, 1.520000, '', 1, 'optical, ', 0.000000, 1, 0.000000, 1, ''),
(3055, 'Télescope de 120cm', 1, 0, 0, 1.200000, '', 1, 'optical, ', 0.000000, 1, 0.000000, 1, ''),
(3056, 'Télescope de 80cm', 2, 0, 0, 0.800000, '', 1, 'optical, ', 0.000000, 1, 0.000000, 1, 'Further information on this telescope available under: http://www.obs-hp.fr/guide/t80.shtml'),
(3057, '8'''' and 18'''' Telescopes', 1, 0, 2, 0.450000, '', 1, 'optical, ', 0.000000, 1, 0.000000, 1, 'Besides the bigger 18'''' telescope there is also an 8'''' telescope on this mount.\r\n\r\nFurther information on these telescopes are available under: http://www.harvestmoonorchard.com/hmoon/18inch.html'),
(3058, '6'''' Telescope', 17, 0, 0, 0.150000, '', 1, 'optical, ', 0.000000, 1, 0.000000, 1, ''),
(3059, 'Faulkes Telescope North', 17, 0, 0, 2.000000, '', 1, 'optical, ', 0.000000, 1, 0.000000, 1, 'Further information on the Faulkes TelescopeProject: http://www.faulkes-telescope.com/'),
(3060, 'AEOS - Advanced Electro-Optic System', 17, 0, 0, 3.670000, '', 1, 'optical, ', 0.000000, 1, 0.000000, 1, 'Further information on this telescope available under: http://www.wpafb.af.mil/library/factsheets/factsheet.asp?id=9454'),
(3061, 'Celestron C14', 3, 0, 0, 0.360000, '', 1, 'optical, ', 0.000000, 1, 0.000000, 1, ''),
(3062, 'Schmidt-Cassegrain Telescope', 3, 0, 0, 0.250000, '2.5m', 1, 'optical, ', 0.000000, 1, 0.000000, 1, ''),
(3063, 'Meade 14'''' LX200R', 3, 0, 0, 0.360000, '', 1, 'optical, ', 0.000000, 1, 0.000000, 1, ''),
(3064, 'Meade ETX125 EC', 2, 0, 0, 0.127000, '', 1, 'optical, ', 0.000000, 1, 0.000000, 1, ''),
(3065, '1.8-metre Plaskett Telescope', 7, 0, 0, 1.800000, '', 1, 'optical, ', 0.000000, 1, 0.000000, 1, '- Besides research activities, this historic telescope is also open for the public'),
(3066, '1.2-metre Telescope', 7, 0, 0, 1.200000, '', 1, '', 0.000000, 1, 0.000000, 1, '- Zhe telescope is equipped for spectroscopy only.'),
(3067, 'Newton-Telescope', 1, 0, 0, 0.500000, '', 1, 'optical, ', 0.000000, 1, 0.000000, 1, ''),
(3068, 'APT1 Telescope', 2, 0, 0, 0.800000, '1.6', 1, 'optical, ', 0.000000, 1, 0.000000, 1, ''),
(3069, '91cm Telescope', 2, 0, 0, 0.910000, '4.143', 1, 'optical, ', 0.000000, 1, 0.000000, 1, ''),
(3070, '61cm Telescope', 2, 0, 0, 0.610000, '1.21', 1, 'optical, ', 0.000000, 1, 0.000000, 1, ''),
(3071, 'ATP2 Telescope', 5, 0, 0, 0.800000, '2.4', 1, 'optical, ', 0.000000, 1, 0.000000, 1, ''),
(3072, 'Telescope 1 - Schmidt-Cassegrain', 3, 0, 0, 0.400000, '', 1, 'optical, ', 0.000000, 1, 0.000000, 1, ''),
(3073, 'Telescope 2 - Schmidt-Cassegrain', 3, 0, 0, 0.250000, '', 1, 'optical, ', 0.000000, 1, 0.000000, 1, ''),
(3074, 'Ritchey-Chretien Telescope', 5, 0, 0, 1.200000, '', 1, 'optical, ', 0.000000, 1, 0.000000, 1, ''),
(3075, 'Meade 10'''' LX200 ACF', 23, 0, 0, 0.254000, '2,5m', 1, 'optical, ', 0.000000, 1, 0.000000, 1, ''),
(3076, 'Celestron ED-80', 7, 0, 0, 0.080000, '', 1, '', 0.000000, 1, 0.000000, 1, ''),
(3077, 'Telescope 1', 3, 0, 0, 0.250000, '', 1, 'optical, ', 0.000000, 1, 0.000000, 1, '\r\n'),
(3078, 'Telescope 2', 7, 0, 0, 0.100000, '', 1, 'optical, ', 0.000000, 1, 0.000000, 1, ''),
(3079, 'C-14 Celestron Schmidt Cassegrain', 3, 0, 0, 0.355600, '', 1, 'optical, ', 0.000000, 1, 0.000000, 1, '\r\n'),
(3080, 'C-14 Celestron Schmidt Cassegrain', 3, 0, 0, 0.355600, '', 1, 'optical, ', 0.000000, 1, 0.000000, 1, ''),
(3081, '3.5m Telescope', 17, 0, 0, 3.500000, '', 1, 'infrared, optical, ', 0.000000, 1, 0.000000, 1, '- Further information on the telescope: http://www.caha.es/CAHA/Telescopes/3.5m.html\r\n\r\n'),
(3082, '2.2m Telescope', 17, 0, 0, 2.200000, '', 1, 'optical, ', 0.000000, 1, 0.000000, 1, '- Further information on the telescope: http://www.caha.es/CAHA/Telescopes/2.2m.html'),
(3083, '1.23m Telescope', 17, 0, 0, 1.230000, '', 1, 'optical, ', 0.000000, 1, 0.000000, 1, '- Further information on the telescope: http://www.caha.es/CAHA/Telescopes/1.2m.html'),
(3084, 'Schmidt-Telescope', 18, 0, 0, 0.800000, '2.4', 1, 'optical, ', 0.000000, 1, 0.000000, 1, '- Further information on the telescope: http://www.caha.es/CAHA/Telescopes/schmidt.html'),
(3085, 'Refraktor Ganda Zeiss 60 cm', 7, 1, 0, 0.600000, '10.8', 1, 'optical, ', 0.000000, 1, 0.000000, 1, 'Further information (indonesian): http://bosscha.itb.ac.id/en/research/facilities.html'),
(3086, 'Refraktor Bamberg 37 cm', 7, 0, 0, 0.370000, '7', 1, 'optical, ', 0.000000, 1, 0.000000, 1, '- Solar filter\r\n\r\n- Further information (indonesian): http://bosscha.itb.ac.id/en/refraktor-bamberg-mainmenu-109.html'),
(3087, 'Reflektor GAO-ITB', 3, 0, 0, 0.200000, '2', 1, 'optical, ', 0.000000, 1, 0.000000, 1, 'Further information (indonesian): http://bosscha.itb.ac.id/en/reflektor-gao-itb-mainmenu-115.html'),
(3088, 'Teleskop Radio 2.3m', 10, 0, 0, 2.300000, '', 1, '', 0.000000, 1, 0.000000, 1, 'Further information (indonesian): http://bosscha.itb.ac.id/en/teleskop-radio-23-m-mainmenu-118.html'),
(3089, 'Teleskop Radio JOVE', 10, 0, 1, 7.000000, '', 2, '', 0.000000, 1, 0.000000, 1, 'Further information (indonesian): http://bosscha.itb.ac.id/en/teleskop-radio-jove-mainmenu-119.html'),
(3090, 'Refraktor Unitron', 17, 1, 0, 0.102000, '1.5', 1, 'optical, ', 0.000000, 1, 0.000000, 1, '- Solar Filter\r\n\r\nFurther information (indonesian): http://bosscha.itb.ac.id/en/refraktor-unitron-mainmenu-114.html'),
(3091, 'Teleskop Goto 45 cm', 2, 0, 0, 0.450000, '5.4', 1, 'optical, ', 0.000000, 1, 0.000000, 1, 'Further information (indonesian): http://bosscha.itb.ac.id/en/reflektor-goto-45-cm-mainmenu-113.html'),
(3092, 'Teleskop Schmidt Bima Sakti', 18, 0, 0, 0.710000, '1.27', 1, 'optical, ', 0.000000, 1, 0.000000, 1, '- Lens corrcetions and prismas on it.\r\n\r\n- This telescope was sponsored by the UNESCO.\r\n\r\n- Further information (indonesian): http://bosscha.itb.ac.id/en/teleskop-bima-sakti-mainmenu-112.html'),
(3093, '125-cm Richey Chretien', 5, 0, 1, 1.250000, '1/13', 1, 'optical, ', 0.000000, 1, 0.000000, 1, 'FOV = 30 arcmin'),
(3094, '70-cm meniscus', 15, 0, 1, 0.700000, '1/3', 1, 'infrared, optical, ultraviolet, ', 0.000000, 1, 0.000000, 1, 'FOV = 6 degree'),
(3095, '50-cm reflector', 17, 0, 1, 0.500000, '1/12', 1, 'optical, ', 0.000000, 1, 0.000000, 1, ''),
(3096, '40-cm Zeiss refractor', 7, 0, 1, 0.400000, '1/17.5', 1, 'optical, ', 0.000000, 1, 0.000000, 1, ''),
(3097, '40-cm Zeiss double astrograph', 7, 0, 1, 0.400000, '1/7', 1, 'optical, ', 0.000000, 1, 0.000000, 1, 'FOV = 6 degree'),
(3098, '36-cm Zeiss Schmidt', 17, 0, 1, 0.360000, '1/1.5', 1, 'optical, ', 0.000000, 1, 0.000000, 1, 'FOV = 7.5 degree'),
(3099, '53-cm Coronograph', 15, 0, 0, 0.530000, '', 1, '', 0.000000, 1, 0.000000, 1, ''),
(3100, '44-cm Coelostat', 15, 0, 0, 0.440000, '', 1, '', 0.000000, 1, 0.000000, 1, ''),
(3101, '0.18-m Telescope', 7, 0, 0, 0.180000, '', 1, 'optical, ', 0.000000, 1, 0.000000, 1, ''),
(3102, '0.5-m Telesope', 15, 0, 0, 0.500000, '', 1, 'optical, ', 0.000000, 1, 0.000000, 1, 'Schmidt-Väisälä camera telescope intended for wide-field photography (further information on wikipedia: http://en.wikipedia.org/wiki/Schmidt-V%C3%A4is%C3%A4l%C3%A4_camera).'),
(3103, '0.08-m Telescope', 7, 0, 0, 0.080000, '', 1, 'optical, ', 0.000000, 1, 0.000000, 1, ''),
(3108, 'Automatic Comet Imaging Telescope (ACIT)', 3, 0, 0, 0.190000, 'f/4', 1, 'optical, ', 0.000000, 1, 0.000000, 1, 'Computerised BVRI filter wheel'),
(3109, '60-cm Cichocki Sky Survey Telescope ', 18, 0, 0, 0.600000, 'f/3', 1, 'optical, ', 0.000000, 1, 0.000000, 1, ''),
(3110, '36-cm AIT Imaging System', 3, 0, 0, 0.360000, 'f/11', 1, 'optical, ', 0.000000, 1, 0.000000, 1, ''),
(3111, '1m RCC Telescope', 5, 0, 0, 1.000000, '13.5', 1, 'optical, ', 0.000000, 1, 0.000000, 1, 'Additional Focus: f/13 at Coude'),
(3112, '50cm Cassegrain Telescope', 2, 0, 0, 0.500000, '0.74', 1, 'optical, ', 0.000000, 1, 0.000000, 1, ''),
(3113, '40cm RC Telescope', 5, 0, 0, 0.400000, '2.4', 1, 'optical, ', 0.000000, 1, 0.000000, 1, ''),
(3114, '60/90cm Schmidt Telescope', 18, 0, 0, 0.900000, '1.8', 1, 'optical, ', 0.000000, 1, 0.000000, 1, ''),
(3120, 'Telescope 1', 15, 0, 0, 0.402000, '', 1, 'optical, ', 0.000000, 1, 0.000000, 1, ''),
(3121, 'Telescope 2', 7, 0, 0, 0.203000, '', 1, 'optical, ', 0.000000, 1, 0.000000, 1, ''),
(3122, 'Telescope 1', 15, 0, 0, 0.500000, '', 1, 'optical, ', 0.000000, 1, 0.000000, 1, ''),
(3123, 'Radio Telescope', 10, 0, 0, 3.000000, '', 1, 'radiowave, ', 0.000000, 1, 0.000000, 1, ''),
(3124, 'Meade LX200', 23, 0, 0, 0.406000, '', 1, 'optical, ', 0.000000, 1, 0.000000, 1, ''),
(3125, 'Meade LX200', 23, 0, 0, 0.254000, '', 1, 'optical, ', 0.000000, 1, 0.000000, 1, ''),
(3126, 'Telescope 1', 5, 0, 0, 1.800000, '', 1, 'optical, ', 0.000000, 1, 0.000000, 1, ''),
(3127, 'SOFT - Solar Flare Telescope', 15, 0, 0, 0.000000, '', 1, 'optical, ', 0.000000, 1, 0.000000, 1, ''),
(3128, 'Schmidt Telescope', 18, 0, 0, 1.200000, '2.4', 1, 'optical, ', 0.000000, 1, 0.000000, 1, '- B,V,R,I filters'),
(3129, 'The 182cm Telescope', 2, 0, 0, 1.820000, '5.393', 1, 'optical, ', 0.000000, 1, 0.000000, 1, ''),
(3130, 'The Schmidt Telescope', 18, 0, 0, 0.920000, '0.215', 1, 'optical, ', 0.000000, 1, 0.000000, 1, '- Further information available under: http://www.pd.astro.it/asiago/3000.html\r\n\r\n- The telescope is equipped with a 67 cm, 4.5 degrees angle UV-transparent objective prism, and another UV-transparent objective prism. The two prisms can be used in direct or reversed combination. '),
(3131, 'Pennar Observatory', 17, 0, 0, 1.220000, '', 1, 'optical, ', 0.000000, 1, 0.000000, 1, 'Historical'),
(3132, 'Telescope 1', 2, 0, 0, 0.100000, '', 1, 'optical, ', 0.000000, 1, 0.000000, 1, 'NEED TO UPDATE ABOVE AS NOT CORRECT - CAN''T FIND INFO'),
(3133, 'Zeiss Mirror Telescope', 2, 0, 0, 0.600000, '0.329', 1, 'optical, ', 0.000000, 1, 0.000000, 1, 'BVRI filter-changing device included'),
(3134, 'Instrument2: Other', 7, 0, 0, 0.200000, '0.304', 1, 'optical, ', 0.000000, 1, 0.000000, 1, 'Used to observe the Sun in the H-alfa line'),
(3137, 'Gemini South', 2, 0, 0, 8.100000, 'f/16', 1, 'infrared, optical, ', 0.000000, 1, 0.000000, 1, 'Effective Focal Length of the telescope at Cassegrain Focus: 128.12 m (f/16).\r\nPlate Scale at Cassegrain: 1.610 arcsec/mm '),
(3138, 'Optical Cassegrain Telescope', 2, 0, 0, 1.000000, '3.00', 1, 'optical, ', 0.000000, 1, 0.000000, 1, ''),
(3139, '25-cm Optical Tracking Telescope ', 5, 0, 0, 0.250000, 'f/5', 1, 'optical, ', 0.000000, 1, 0.000000, 1, 'CCD camera: 2,000 x 2,000 pixel CCD cell'),
(3140, '50-cm Optical Tracking Telescope ', 2, 0, 0, 0.500000, 'f/2', 1, 'optical, ', 0.000000, 1, 0.000000, 1, 'CCD camera: Approx. 50-mm imaging diameter\r\nUses two of 2,000 x 4,000 pixel CCD cell'),
(3141, 'Instrument1: Newton', 1, 0, 0, 0.304000, '', 1, 'optical, ', 0.000000, 1, 0.000000, 1, ''),
(3142, 'Instrument2: Schmidt-Cassegrain', 3, 0, 0, 0.360000, '', 1, 'optical, ', 0.000000, 1, 0.000000, 1, ''),
(3143, 'Arecibo Telescope', 10, 0, 0, 305.000000, '265.109', 12, '', 300.000000, 4, 10.000000, 5, 'Arecibo Observatory Receivers: http://www.naic.edu/~astro/RXstatus/rcvrtabz.shtml\r\n'),
(3144, 'Vixen Visac', 2, 0, 0, 0.200000, 'f/9', 1, 'optical, ', 0.000000, 1, 0.000000, 1, ''),
(3145, 'Troughton Equatorial Telescope', 7, 0, 0, 0.250000, '0.9144', 1, 'optical, ', 0.000000, 1, 0.000000, 1, 'Historic 10-inch equatorial refractor built by Grubb brothers (Dublin) in 1885. Used mostly for visual and video work.'),
(3146, 'Planewave CDK 17-inch Corrected Hall-Dirkham Astrograph', 17, 0, 0, 0.430000, 'f/6.8', 1, 'optical, ', 0.000000, 1, 0.000000, 1, 'Auxiliary Telescope: 10.6 cm f/5.0 apochromatic reflector\r\nGuide Telescope: Equinox 120ED guidescope'),
(3147, 'Telescope 1', 1, 1, 0, 0.400000, '', 1, 'optical, ', 0.000000, 1, 0.000000, 1, ''),
(3148, 'Telescope 2', 2, 0, 0, 0.280000, '', 1, 'optical, ', 0.000000, 1, 0.000000, 1, ''),
(3149, 'Orion ED 80', 7, 1, 0, 0.080000, '0.6', 1, 'optical, ', 0.000000, 1, 0.000000, 1, ''),
(3152, '1-metre McLellan Telescope', 17, 0, 0, 1.000000, 'f/7.7', 1, 'optical, ', 0.000000, 1, 0.000000, 1, 'Additional Focus: f/13.5 at Cassegrain'),
(3153, '0.6-metre Optical Craftsmen Telescope', 2, 0, 0, 0.610000, 'f/16', 1, 'optical, ', 0.000000, 1, 0.000000, 1, 'Additional Focus: f/6.25 at Cassegrain'),
(3154, '0.6-metre Boller&Chivens Telescope', 2, 0, 0, 0.600000, 'f/13.5', 1, 'optical, ', 0.000000, 1, 0.000000, 1, ''),
(3155, 'Telescope 1', 10, 0, 0, 26.000000, '', 1, 'radiowave, ', 0.000000, 1, 0.000000, 1, ''),
(3156, 'Telescope 1', 10, 0, 0, 14.000000, '', 1, 'optical, ', 0.000000, 1, 0.000000, 1, ''),
(3157, 'Meade LX200', 3, 0, 0, 0.305000, '3.048', 1, 'optical, ', 0.000000, 1, 0.000000, 1, ''),
(3158, 'Marsh Telescope', 2, 0, 0, 0.500000, '', 1, 'optical, ', 0.000000, 1, 0.000000, 1, 'Equiped with CDD and Spectrometer\r\nFinder and Guiding Telescope: Vince 0.15m Refractor Telescope '),
(3159, '4.5m Radio Telescope', 10, 0, 0, 4.500000, '', 1, 'radiowave, ', 0.000000, 1, 0.000000, 1, ''),
(3160, 'Telescope 1', 15, 0, 0, 1.200000, '', 1, 'optical, ', 0.000000, 1, 0.000000, 1, ''),
(3161, 'Telescope 2', 15, 0, 0, 1.000000, '', 1, 'optical, ', 0.000000, 1, 0.000000, 1, ''),
(3162, 'Bernard Comte Telescope "TBC61"', 2, 0, 0, 0.610000, '0.003', 1, 'optical, ', 0.000000, 1, 0.000000, 1, ''),
(3163, '310mm "Altair" Telescope', 1, 0, 0, 0.310000, '1.31', 1, 'optical, ', 0.000000, 1, 0.000000, 1, ''),
(3164, 'ZIMLAT Telescope', 17, 0, 0, 1.000000, '', 1, 'optical, ', 0.000000, 1, 0.000000, 1, 'Satellite Laser Ranging (SLR) and optical observation of positions and magnitudes of near-Earth objects with CDD cameras'),
(3165, 'Telescope 1', 3, 0, 0, 0.400000, '4', 1, 'optical, ', 0.000000, 1, 0.000000, 1, ''),
(3166, 'Celestron C11', 3, 0, 0, 0.280000, '2.8', 1, 'optical, ', 0.000000, 1, 0.000000, 1, 'Additional Focallengths: f/40, f/20'),
(3167, 'Televue Pronto', 7, 0, 0, 0.070000, 'f/6.8', 1, 'optical, ', 0.000000, 1, 0.000000, 1, ''),
(3168, 'Takahashi CN212', 16, 0, 0, 0.212000, '2.630', 1, 'optical, ', 0.000000, 1, 0.000000, 1, 'Additional Focus: 0.82m at Newton (2.630m at Cassegrain)'),
(3169, 'Celestron C.14 Compustar', 3, 0, 0, 0.356000, '3.910', 1, 'optical, ', 0.000000, 1, 0.000000, 1, ''),
(3170, 'Telescopi refractor Mailhat', 7, 0, 0, 0.380000, '', 1, 'optical, ', 0.000000, 1, 0.000000, 1, ''),
(3171, 'Càmera Baker-Nunn', 18, 0, 0, 0.500000, '', 1, 'optical, ', 0.000000, 1, 0.000000, 1, ''),
(3172, 'Telescope 1', 10, 0, 0, 40.000000, '', 11, 'radiowave, ', 0.000000, 1, 0.000000, 1, ''),
(3173, 'Telescope 2', 10, 0, 0, 14.000000, '', 11, 'radiowave, ', 0.000000, 1, 0.000000, 1, ''),
(3174, 'Zeiss Double Astrograph', 7, 0, 0, 0.400000, '2', 1, 'optical, ', 0.000000, 1, 0.000000, 1, ''),
(3177, 'HRT Hamburger Robotisches Teleskop', 24, 1, 0, 1.200000, '9.6', 1, 'optical, ', 0.000000, 1, 0.000000, 1, 'Further information available under: http://www.hs.uni-hamburg.de/DE/Ins/Per/Hempelmann/HRT/index.html'),
(3178, 'Großer Refraktor', 7, 0, 0, 0.600000, '9', 1, 'optical, ', 0.000000, 1, 0.000000, 1, 'Further information available under (German): http://www.hs.uni-hamburg.de/DE/Oef/Stw/grrefr/grrefr.html'),
(3179, '1 Meter-Spiegelteleskop', 17, 0, 0, 1.000000, '3', 1, 'optical, ', 0.000000, 1, 0.000000, 1, 'Further information available under (German): http://www.hs.uni-hamburg.de/DE/Oef/Stw/1mspiegel/1mspiegel.html'),
(3180, 'Oskar-Lühning-Teleskop', 17, 0, 0, 1.200000, '15.6', 1, 'optical, ', 0.000000, 1, 0.000000, 1, 'Further information available udner (German): http://www.hs.uni-hamburg.de/DE/Oef/Stw/luehning/luehning.html'),
(3181, 'Salvador-Spiegel', 2, 0, 0, 0.400000, '8', 1, 'optical, ', 0.000000, 1, 0.000000, 1, 'Further information available under (German): http://www.hs.uni-hamburg.de/DE/Oef/Stw/salvador/salvador.html'),
(3182, 'Lippert-Teleskop', 17, 0, 1, 3.000000, '', 1, 'optical, ', 0.000000, 1, 0.000000, 1, ''),
(3183, 'Äquatoreal', 7, 0, 0, 0.260000, '3', 1, 'optical, ', 0.000000, 1, 0.000000, 1, ''),
(3184, 'Zonenastrograph', 7, 0, 0, 0.230000, '2.050000', 1, 'optical, ', 0.000000, 1, 0.000000, 1, 'Furtherinformation available under (German): http://www.hs.uni-hamburg.de/DE/Oef/Stw/za/index.html'),
(3185, 'Newton Telescope', 1, 0, 0, 0.210000, '', 1, 'optical, ', 0.000000, 1, 0.000000, 1, ''),
(3186, 'T500 Newton Telescope', 3, 0, 0, 0.500000, '', 1, 'optical, ', 0.000000, 1, 0.000000, 1, ''),
(3187, 'T400  Cassegrain Telescope', 2, 0, 0, 0.400000, '', 1, 'optical, ', 0.000000, 1, 0.000000, 1, ''),
(3193, 'Schmidt-Cassegrain Telescope', 3, 0, 0, 0.250000, '', 1, 'optical, ', 0.000000, 1, 0.000000, 1, ''),
(3200, 'Telescope 1', 7, 0, 0, 0.152000, '', 1, 'optical, ', 0.000000, 1, 0.000000, 1, ''),
(3201, '', 7, 0, 0, 0.130000, '', 1, 'optical, ', 0.000000, 1, 0.000000, 1, ''),
(3210, 'Meade LX200GPS 10''''', 2, 0, 0, 0.254000, '', 1, 'optical, ', 0.000000, 1, 0.000000, 1, ''),
(3211, 'Meade 5'''' ETX-125EC', 4, 0, 0, 0.127000, '', 1, 'optical, ', 0.000000, 1, 0.000000, 1, ''),
(3212, 'Coronado Solarmax 60', 20, 0, 0, 0.060000, '', 1, 'optical, ', 0.000000, 1, 0.000000, 1, ''),
(3215, 'MERLIN', 10, 0, 7, 0.000000, '', 1, 'radiowave, ', 15.100000, 4, 24.000000, 5, 'The array consists of up to seveb radio telescopes in the UK: \r\n- Lovell Telescope\r\n- Mark II \r\n- Cambridge\r\n- Defford\r\n- Knockin\r\n- Darnhall\r\n- Pickmere'),
(3217, '1868 15-centimetre Farnham telescope', 7, 0, 0, 0.150000, '', 1, 'optical, ', 0.000000, 1, 0.000000, 1, 'Only telescope which survided the Canberra firestorm.'),
(3221, 'Reflecting Telescope', 17, 0, 0, 1.030000, '', 1, 'optical, ', 0.000000, 1, 0.000000, 1, ''),
(3223, '1.3m Telescope', 8, 0, 0, 1.300000, '15.6', 1, 'optical, ', 0.000000, 1, 0.000000, 1, ''),
(3229, 'Shanghai 65m Radio Telescope', 10, 0, 1, 65.000000, '', 1, 'radiowave, ', 1.400000, 5, 43.000000, 5, 'The telescope saw ist first light on October 26, 2012. It will be full completed in ~2015.\r\n'),
(3230, 'Sheshan 25m Radio Telescope', 10, 0, 1, 25.000000, '', 1, 'radiowave, ', 0.000000, 1, 0.000000, 1, 'In operation since 1987, and one of the five main facilities of the Chinese National Astronomical Observatory. Member of the European VLBI Network (EVN), the International VLBI Service for Geodesy and Astrometry (IVS), and the Asia Pacific Telescope.\r\n\r\nFive bands of VLBI observations:\r\n- L band (18 cm)\r\n- C band (6 cm)\r\n- K band (1.3 cm)\r\n- S/X band (13/3.6 cm)\r\n\r\nFurther information on this telescope available under http://english.shao.cas.cn/rh/vlbi/200908/t20090805_27086.html'),
(3231, '1.56m refelector', 17, 0, 0, 1.560000, '', 1, 'optical, ', 0.000000, 1, 0.000000, 1, ''),
(3232, '60cm Laser Ranging System', 15, 0, 0, 0.600000, '', 1, 'optical, ', 0.000000, 1, 0.000000, 1, 'Satellite LaserRanging System for Satellite Geodesy.'),
(3234, 'Telescopio de 1 Metro', 2, 0, 0, 1.000000, '', 1, 'optical, ', 0.000000, 1, 0.000000, 1, '- Several instruments included (spectrograph, CCD camera, photometer, red ethernet) \r\n\r\n- Further information on this telescope (and its instruments) available (in spanish) under: http://www.astroscu.unam.mx/Tonantzintla/'),
(3235, '0.7 m Schmidt Camera', 18, 0, 0, 0.700000, '', 1, 'optical, ', 0.000000, 1, 0.000000, 1, 'Historical Telescope, installed in 1942. No digital sensors.'),
(3236, 'MISA Antenna', 15, 0, 0, 46.000000, '', 1, 'radiowave, ', 0.000000, 1, 0.000000, 1, '- Incoherent Scatter Radar\r\n\r\n'),
(3237, 'Zenith Antenna', 15, 0, 0, 68.000000, '', 1, 'radiowave, ', 0.000000, 1, 0.000000, 1, '- Incoherent Scatter Radar'),
(3348, 'Cassegrain Telescope', 2, 0, 0, 0.000000, '', 1, 'optical, ', 0.000000, 1, 0.000000, 1, ''),
(3449, 'RT-22', 10, 0, 1, 22.000000, '9.525', 1, 'radiowave, ', 0.000000, 1, 0.000000, 1, 'Further information on this instrument available under http://crao.crimea.ua/rt22/enviroment_en.htm and under http://quake.stanford.edu/~crao/craoinfo/rt22.html \r\n\r\n***\r\n\r\nBasic trends of researches (with wavelength regions included) (as cited by http://crao.crimea.ua/rt22/enviroment_en.htm ):\r\n\r\n1.      VLBI observations\r\n\r\nInternational VLBI-observations within the framework of astrophysical, geophysical and radio-location projects at frequencies 326, 612 MHz, 1.6, 2.3, 5.0, 8.4 and 22 GHz. These observations are supported by the hydrogen frequency standard with the stability 10-14 in the interval 1-24 hours and registration systems Мark-5 and NRTV.\r\n \r\n2.      Multi-frequency monitoring of active galactic nuclei (AGNs).\r\n\r\nThe regular monitoring is carried out at frequencies 22.2 and 36.8 GHz.\r\n \r\n3.      Researches of the solar and stellar activity.\r\n \r\nAt the station the observations of the Sun and stars are carried out at frequencies 8.6, 10.7, 13.3, 15.4, 22.2 and 36.8 GHz. I (intensity) and V (circular polarization) Stokes parameters are registered.\r\n \r\n4.      Observations of molecular lines in millimeter range\r\n \r\nObservations of molecular lines of maser sources, star forming region and others, intragalactic objects at frequencies 1.6 - 1.8 GHz (ON masers), 4.6 - 5.1 GHz (ON masers), 22.2 GHz (Н2О masers) and in the range from 85 - 115 GHz (thermal radiation of various molecules). '),
(3450, 'RT-3', 10, 0, 1, 3.000000, '1.25', 1, 'radiowave, ', 0.000000, 1, 0.000000, 1, 'Further information on this telescope available under http://quake.stanford.edu/~crao/craoinfo/rt22.html'),
(3451, '2.6m Shajn Reflector', 17, 0, 0, 0.000000, '', 1, 'optical, ', 0.000000, 1, 0.000000, 1, '- Observations are possible in Primary, Nasmyth, Cassegrain and Coude foci.\r\n\r\n- A new polarimeter will replace the old one, expected in 2013.\r\n\r\n- A new primary focus low-resolution spectrograph is at the conceptual design stage.\r\n\r\n- Further information on this telescope available under http://www.crao.crimea.ua/~dshakh/\r\n'),
(3452, 'AZT-11', 5, 0, 0, 1.250000, '', 1, 'optical, ', 0.000000, 1, 0.000000, 1, 'Further information on this telescope and its instruments available under http://www.crao.crimea.ua/index.php?option=com_content&view=article&id=219%3Aazt-11&catid=16%3Alfzg-telescopes&Itemid=39&lang=ru'),
(3453, '48''''', 2, 0, 0, 1.220000, '', 1, 'optical, ', 0.000000, 1, 0.000000, 1, 'Further information on this instrument available under http://www.crao.crimea.ua/index.php?option=com_content&view=article&id=220%3A48q&catid=16%3Alfzg-telescopes&Itemid=39&lang=ru'),
(3454, 'MTM-500', 4, 0, 0, 0.500000, '', 1, 'optical, ', 0.000000, 1, 0.000000, 1, 'Further information on this instrument availabe under http://www.crao.crimea.ua/index.php?option=com_content&view=article&id=221%3Amtm-500&catid=16%3Alfzg-telescopes&Itemid=39&lang=ru'),
(3455, 'RC-800', 5, 0, 0, 0.800000, 'F/16', 1, '', 0.000000, 1, 0.000000, 1, 'Further information on this telescope and its instrumetns are available under http://www.crao.crimea.ua/index.php?option=com_content&view=article&id=223%3Arc-800&catid=16%3Alfzg-telescopes&Itemid=39&lang=ru'),
(3456, 'Cassegrain Telescope K-380', 2, 0, 0, 0.380000, 'F/13', 1, 'optical, ', 0.000000, 1, 0.000000, 1, 'Further information on this telescope available under http://www.crao.crimea.ua/index.php?option=com_content&view=article&id=224%3Acassegrain-telescope-k-380&catid=16%3Alfzg-telescopes&Itemid=39&lang=ru'),
(3457, '40cm Double Astrograph', 15, 0, 0, 0.000000, '', 1, 'optical, ', 0.000000, 1, 0.000000, 1, 'Further information on this telescope available udner http://www.crao.crimea.ua/index.php?option=com_content&view=article&id=226%3Aat-64-richter-slevogt-640-mm-camera&catid=16%3Alfzg-telescopes&Itemid=39&lang=ru'),
(3458, 'The Solar Tower telescope TST-1', 20, 0, 0, 1.200000, '', 1, 'optical, ', 0.000000, 1, 0.000000, 1, '- 0.9m spherical mirror with f/78\r\n\r\n- Further information on the telescope and its instrument available under http://solar.crao.crimea.ua/eng/telescopes.htm#bst_1'),
(3459, 'The Solar Tower telescope TST-2', 20, 0, 0, 0.600000, 'f/27', 1, 'optical, ', 0.000000, 1, 0.000000, 1, '- 45-cm spherical primary mirror (f/27), one flat and two convex secondary mirrors provide f/27, f/46 and f/78 Cassegrain foci on the entrance slit of a spectrograph. Echelle-grating, universal spectrophotometer with a scanning and a CCD-camera available.\r\n\r\n- Further information on this telescope available under http://solar.crao.crimea.ua/eng/telescopes.htm#bst_2'),
(3460, 'The Large Coronograph KG-2', 20, 0, 0, 0.210000, 'f/17', 1, 'optical, ', 0.000000, 1, 0.000000, 1, 'Further information on this telescope available under http://solar.crao.crimea.ua/eng/telescopes.htm#kg_1'),
(3461, 'The large Coronograph KG-2', 20, 0, 0, 0.530000, 'f/15', 1, 'optical, ', 0.000000, 1, 0.000000, 1, 'Further information on this telescope available under http://solar.crao.crimea.ua/eng/telescopes.htm#kg_2'),
(3462, 'Satellite Ranging station SLR Simeiz-1873', 15, 0, 0, 1.000000, '', 1, 'optical, ', 0.000000, 1, 0.000000, 1, '- Primary Wavelength: 532nm\r\n\r\n- Further information available e.g. under the following links:\r\n* http://www.crao.crimea.ua/index.php?option=com_content&view=article&id=4&Itemid=10&lang=en \r\n* http://cddis.gsfc.nasa.gov/lw13/docs/posters/upg_filikov_1o.pdf \r\n* http://cddis.gsfc.nasa.gov/lw15/docs/papers/Current%20Status%20of%20Simeiz-1873%20Station.pdf  '),
(3465, '2.4-m Hiltner Telescope', 17, 0, 0, 2.400000, 'f/7.5', 1, 'infrared, optical, ', 0.000000, 1, 0.000000, 1, 'https://dept.astro.lsa.umich.edu/obs/mdm/technical/hiltner.html\r\n\r\nThe 2.4-m Hiltner telescope optics are very close to a Ritchey-Chretien design with access to both f/7.5 and f/13.5 Cassegrain foci. There is no prime focus (except for engineering tests). '),
(3466, '1.3-m McGraw Hill Telescope', 15, 0, 0, 1.300000, 'f/7.6', 1, 'infrared, optical, ', 0.000000, 1, 0.000000, 1, 'https://dept.astro.lsa.umich.edu/obs/mdm/technical/mcgraw.html\r\n\r\nThe 1.3-m McGraw-Hill telescope can be used at either f/7.6 (20.72 arcseconds/mm) or f/13.5 (11.81 arcseconds/mm).\r\n\r\nWhen imaging, the filterbox can hold up to 8 filters. The largest size filter that can be used is 2 inch square, with smaller sizes and formats mounted using special adaptors. '),
(3467, 'IceCube', 11, 0, 5000, 0.000000, '', 1, 'gamma-ray, ', 0.000000, 1, 0.000000, 1, '- Neutrino Detector\r\n\r\n- Further information available under http://icecube.wisc.edu/about/explained'),
(3471, 'Cavagna Telescope', 5, 0, 0, 0.500000, 'f/6.8', 1, 'optical, ', 0.000000, 1, 0.000000, 1, ''),
(3472, 'Refracting Telescope', 7, 0, 0, 0.150000, '', 1, 'optical, ', 0.000000, 1, 0.000000, 1, ''),
(3473, 'Maksutov Guide Telescope', 4, 0, 0, 0.178000, 'f/15', 1, 'optical, ', 0.000000, 1, 0.000000, 1, ''),
(3484, 'Mayall 4-m Telescope', 2, 0, 0, 4.000000, 'f/2.7', 1, 'infrared, optical, ', 0.000000, 1, 0.000000, 1, 'http://www.noao.edu/outreach/kptour/mayall.html\r\n\r\nHas a prime focus, a wide-field Ritchey-Chrétien focus, and a coudé focus'),
(3485, '2.1-m Telescope', 2, 0, 0, 2.100000, 'f/2.63', 1, 'infrared, optical, ', 0.000000, 1, 0.000000, 1, ''),
(3538, '1.5-m NASA Telescope', 15, 0, 0, 1.500000, '', 1, 'optical, ', 0.000000, 1, 0.000000, 1, ''),
(3548, '1.6-m Kuiper Telescope', 15, 0, 0, 1.600000, '', 1, 'optical, ', 0.000000, 1, 0.000000, 1, ''),
(3549, '0.7-m Schmidt Camera', 15, 0, 0, 0.700000, '', 1, 'optical, ', 0.000000, 1, 0.000000, 1, ''),
(3559, '6.5-m MMT - Multiple Mirror Telescope', 15, 0, 0, 6.500000, '', 1, 'optical, ', 0.000000, 1, 0.000000, 1, ''),
(3560, 'Celestron C11', 3, 0, 0, 0.280000, '10', 1, 'optical, ', 0.000000, 1, 0.000000, 1, ''),
(3561, 'Heinrich Hertz Submillimeter Telescope', 15, 0, 0, 10.000000, '', 1, 'submillimeter, ', 0.000000, 1, 0.000000, 1, ''),
(3562, 'Large Binocular Telescope - LBT', 8, 0, 2, 8.400000, '9.6 m', 1, 'infrared, optical, ', 0.000000, 1, 0.000000, 1, 'http://www.lbto.org/index.htm\r\n\r\nThe LBT is an optical telescope which uses two 8.4-m mirrors to provide the same light gathering ability as a 11.8-m single circular telescope and the details of a 22.8-m one.'),
(3567, 'ARO 12m Radio Telescope', 10, 0, 0, 12.000000, '0.34', 1, '', 0.000000, 1, 0.000000, 1, 'TelType: dish\r\n0.34\r\n'),
(3568, '2.3-m Bok Telescope', 2, 0, 0, 2.300000, '', 1, 'infrared, optical, ', 0.000000, 1, 0.000000, 1, 'http://james.as.arizona.edu/~psmith/90inch/90finst.html\r\n\r\n\r\n\r\n'),
(3569, 'Spacewatch 1.8', 15, 0, 0, 1.800000, '', 1, '', 0.000000, 1, 0.000000, 1, 'TelType: telescope\r\n'),
(3570, 'Spacewatch 0.9', 15, 0, 0, 0.900000, '', 1, 'optical, ', 0.000000, 1, 0.000000, 1, ''),
(3581, 'SALT - South African Large Telescope', 17, 0, 0, 11.000000, '', 1, 'infrared, optical, ultraviolet, ', 320.000000, 8, 1700.000000, 8, 'Further information on the telescope available under http://www.salt.ac.za/'),
(3582, '1.9m Radcliffe Telescope', 2, 0, 0, 1.900000, 'f/18', 1, 'infrared, optical, ', 350.000000, 8, 1000.000000, 8, '- Additional Newtonian Focus: f/4.85\r\n\r\n- Further information available under http://www.saao.ac.za/facilities/telescopes/19-m/'),
(3583, '1.0m Elizabeth Telescope', 2, 0, 0, 1.000000, 'f/16', 1, 'infrared, optical, ', 0.000000, 1, 0.000000, 1, '- The SHOC and UCT CCD are also availabe for this telescope (see specifications for these instruments at the 1.9m telescope)\r\n\r\n- Further information on this instrument available under http://www.saao.ac.za/facilities/telescopes/10-m/'),
(3584, '0.75m Telescope', 2, 0, 0, 0.750000, 'f/15', 1, 'infrared, optical, ', 0.000000, 1, 0.000000, 1, '- The SHOC and UCT CCD are also availabe for this telescope (see specifications for these instruments at the 1.9m telescope)\r\n\r\n- Further information on this instrument available under http://www.saao.ac.za/facilities/telescopes/075-m/'),
(3585, '0.5m Telescope', 2, 0, 0, 0.500000, 'f/18', 1, 'optical, ', 0.000000, 1, 0.000000, 1, '- Further informaton on this instrument availble under http://www.saao.ac.za/facilities/telescopes/05-m/'),
(3586, 'IRFS - InfraRed Survey Facility', 2, 0, 0, 1.400000, '9.9', 1, 'infrared, ', 0.000000, 1, 0.000000, 1, '- A joint Japanese / South African Project\r\n\r\n- Further information on this telescope available under http://www.z.phys.nagoya-u.ac.jp/~telescop/index_e.html'),
(3587, 'BiSON - Birmingham Solar Oscillations Network Sutherland Station', 20, 0, 0, 0.000000, '', 1, 'optical, ', 0.000000, 1, 0.000000, 1, '- Part of the BiSON network for the monitoring of low-degree solar oscillation modes. Further information available online under http://bison.ph.bham.ac.uk/index.php?page=bison\r\n\r\n- The BiSON network is described in a paper by Chaplin et al. 1996: http://adsabs.harvard.edu/abs/1996SoPh..168....1C '),
(3588, 'KELT-South', 7, 0, 0, 0.080000, 'f/1.9', 1, 'optical, ', 0.000000, 1, 0.000000, 1, '- Main purpose of this fully robotic small telescope is the detection of expolanets.\r\n\r\n- Further information on this telescope and its instruments are available under https://my.vanderbilt.edu/keltsouth/'),
(3589, 'LCOGT - Las Cumbras Observatory Global Telescope Network', 17, 0, 3, 1.000000, '8', 1, 'optical, ', 0.000000, 1, 0.000000, 1, 'Las Cumbras Observatory Global Telescope Network is a private foundation, building a global network of telescopes. Sutherland is the location of three 1m-telescopes. For further information on the foundation and the telescopes, please take a look at http://lcogt.net/network'),
(3590, 'MONET - MOnitoring NEtwork of Telescopes', 5, 0, 0, 1.200000, '', 1, 'optical, ', 0.000000, 1, 0.000000, 1, 'One of two identical telescopes. The other one is  located at the McDonald Observatory, Texas. This project was established by the UNiversity Gottingen.'),
(3591, 'Solaris-1', 5, 0, 0, 0.500000, '', 1, 'optical, ', 0.000000, 1, 0.000000, 1, 'One of two telescopes of the Solaris Project located at the SAAO. The aims of the project is to detect circumbinary planets around eclipsing binary stars.'),
(3592, 'Solaris-2', 5, 0, 0, 0.500000, 'f/15', 1, 'optical, ', 0.000000, 1, 0.000000, 1, 'One of two telescopes of the Solaris Project located at the SAAO. The aims of the project is to detect circumbinary planets around eclipsing binary stars.'),
(3593, '2.3m Advanced Technology Telescope', 17, 0, 0, 2.300000, '4.715', 1, 'optical, ', 0.000000, 1, 0.000000, 1, 'Secondary Mirrors: 0.3m/18.056m at Nasmyth and 0.3m/18.056m at Cassegrain'),
(3594, 'SkyMapper', 2, 0, 0, 1.350000, '6.2', 1, 'infrared, optical, ultraviolet, ', 325.000000, 8, 969.000000, 8, ''),
(3595, 'Faulkes Telescope South', 5, 0, 0, 2.000000, 'f/3', 1, 'optical, ', 0.000000, 1, 0.000000, 1, 'Secondary Mirror: 0.62m/f/10 at Cassegrain'),
(3596, 'AAT - Anglo-Australian Telescope', 2, 0, 0, 3.900000, '12.7', 1, 'infrared, optical, ', 0.000000, 1, 0.000000, 1, ''),
(3597, 'UK Schmidt Telescope', 18, 0, 0, 1.240000, '3.07', 1, 'optical, ', 0.000000, 1, 0.000000, 1, ''),
(3598, '180-mm telescope', 22, 0, 0, 0.180000, '', 1, 'optical, ', 420.000000, 8, 810.000000, 8, 'The 180mm APO refractor is housed in a 4-m rotating aluminium dome (manufactured by Roger Van Huffel), on an AP1200 mount. An SBIG-ST10XME CCD camera is at the prime focus. The camera is equipped with a filter wheel with BVRI filters (Bessel specifications).\r\nDouble-star measurements are performed with the CCD camera or a bifilar micrometer.'),
(3599, '40-cm telescope', 1, 0, 0, 0.400000, 'f/5', 1, 'optical, ', 0.000000, 1, 0.000000, 1, 'The 40-cm Newtonian reflector was previously housed in the 4-m dome but was recently moved to a darker site.'),
(3600, '32m Radio Telescope', 10, 0, 0, 32.000000, '', 1, 'radiowave, ', 925.000000, 4, 931.500000, 4, 'Second frequency range: 1415 MHz - 1425 MHz'),
(3601, '42m ESR', 10, 0, 0, 42.000000, '', 1, 'radiowave, ', 485.000000, 4, 515.000000, 4, ''),
(3602, '32m ESR', 10, 0, 0, 32.000000, '', 1, 'radiowave, ', 485.000000, 4, 515.000000, 4, ''),
(3603, 'Telescope 1', 10, 0, 0, 32.000000, '', 1, 'radiowave, ', 929.000000, 4, 930.500000, 4, 'Second frequency range: 1415 MHz - 1425 MHz'),
(3604, '40m ESR', 10, 0, 0, 40.000000, '', 1, 'radiowave, ', 214.300003, 4, 234.699997, 4, ''),
(3605, '32m ESR', 10, 0, 0, 32.000000, '', 1, 'radiowave, ', 921.000000, 4, 933.500000, 4, ''),
(3606, 'JCMT', 2, 0, 0, 15.000000, '', 11, 'submillimeter, ', 0.000000, 1, 0.000000, 1, ''),
(3607, 'Kyiv Internet Telescope (KIT)', 3, 0, 0, 0.356000, '3.91', 1, '', 0.000000, 1, 0.000000, 1, '');
INSERT INTO `telescopes` (`id`, `telescope_name`, `telescope_type`, `mobile_flag`, `telescope_elements`, `diameter_m`, `focallength_m`, `antenna_type`, `wavelength`, `wavelength_begin`, `wavelength_b_unit`, `wavelength_end`, `wavelength_e_unit`, `comments`) VALUES
(3608, 'Instrument1: Schmidt-Cassegrain', 3, 0, 0, 0.000000, '', 1, '', 0.000000, 1, 0.000000, 1, 'TelType: \r\n'),
(3609, 'Instrument2: Newton', 1, 0, 0, 0.000000, '', 1, '', 0.000000, 1, 0.000000, 1, ''),
(3610, 'Nordic Optical Telescope (NOT)', 5, 0, 0, 2.560000, 'f/11', 1, 'infrared, optical, ultraviolet, ', 0.000000, 1, 0.000000, 1, 'Minimal accessible declination: -55 degrees'),
(3611, 'OGS - Optical Ground Station', 5, 0, 0, 1.000000, '', 1, 'optical, ', 0.000000, 1, 0.000000, 1, ''),
(3612, 'PIRATE Mark II (PlaneWave Instruments CDK17 )', 21, 0, 0, 0.430000, 'f/6.8', 1, 'optical, ', 0.000000, 1, 0.000000, 1, 'Main Camera (since September 2011)\r\nSBIG camera STX-16803\r\nKAF-16803 CCD, 4096 x 4096 pixels @ 9&#181;m\r\n42 arc min field of view\r\n5 position filter wheel'),
(3613, '1.5m Telescope', 5, 0, 0, 1.500000, '12000', 1, 'optical, ', 0.000000, 1, 0.000000, 1, 'Additional focus: 2.135m at Nasmyth'),
(3614, '0.9m Telescope', 2, 0, 0, 0.900000, '7.2', 1, 'optical, ', 0.000000, 1, 0.000000, 1, 'Additional focus: 1.14m at Nasmyth'),
(3615, 'BAT 6', 5, 0, 1, 6.000000, '24', 1, 'infrared, optical, ultraviolet, ', 30.000000, 1, 999.299988, 6, 'located near Mt.Pastukhova at an altitude of 2070m '),
(3616, 'RATAN-600', 10, 0, 895, 600.000000, '', 1, '', 610.000000, 1, 30.000000, 5, ''),
(3617, 'Zeiss-1000', 5, 0, 1, 1.000000, '13.3', 1, 'infrared, optical, ultraviolet, ', 30.000000, 1, 999.299988, 6, ''),
(3618, 'Zeiss-600', 2, 0, 1, 0.600000, '', 1, 'optical, ', 0.000000, 1, 0.000000, 1, ''),
(3619, 'United Kingdom Infrared Telescope (UKIRT)', 2, 0, 1, 3.800000, '135.256 m', 1, 'infrared, ', 0.000000, 1, 0.000000, 1, ''),
(3620, 'Meade LX200', 3, 0, 0, 0.250000, '2.5', 1, 'optical, ', 0.000000, 1, 0.000000, 1, ''),
(3621, 'Fry 8-inch Refractor', 7, 0, 0, 0.200000, '3.2', 1, 'optical, ', 0.000000, 1, 0.000000, 1, ''),
(3622, 'Celestron C14 14-inch Reflector', 3, 0, 2, 0.356000, '3.910', 1, 'optical, ', 0.000000, 1, 0.000000, 1, ''),
(3623, 'Allen 24-inch Reflector', 5, 0, 0, 0.600000, '7', 1, 'optical, ', 0.000000, 1, 0.000000, 1, ''),
(3624, 'Radcliffe 18/24-inch Double Refractor', 7, 0, 0, 0.600000, '7', 1, 'optical, ', 0.000000, 1, 0.000000, 1, ''),
(3625, 'The Vatican Advanced Technology Telescope (VATT)', 19, 0, 0, 1.800000, 'f/1.0', 1, 'optical, ', 0.000000, 1, 0.000000, 1, 'Secondary Mirror: Diameter 0.38 m / Focal length f/0.9'),
(3626, 'CFHT', 2, 0, 0, 3.580000, '', 1, 'infrared, optical, ', 0.000000, 1, 0.000000, 1, ''),
(3627, 'NTT - New Technology Telescope', 5, 0, 0, 3.580000, '', 1, 'infrared, optical, ', 0.000000, 1, 0.000000, 1, 'http://www.eso.org/sci/facilities/lasilla/telescopes/ntt/index.html'),
(3628, 'WHT - William Herschel Telescope', 17, 0, 0, 4.200000, '', 1, 'infrared, optical, ', 0.000000, 1, 0.000000, 1, '- Applying for time: http://www.ing.iac.es/Astronomy/observing/INGinfo_home.html\r\n\r\n- Further information on this instrument available under: http://www.ing.iac.es/astronomy/telescopes/wht/'),
(3629, 'INT - Isaac Newton Telescope', 17, 0, 0, 2.540000, '', 1, 'infrared, optical, ', 0.000000, 1, 0.000000, 1, 'Further information on this telescope available under: http://www.ing.iac.es/astronomy/telescopes/int/'),
(3630, 'Jacobus ', 17, 0, 0, 1.000000, '', 1, 'optical, ', 0.000000, 1, 0.000000, 1, 'Further information on this telescope available under: http://www.ing.iac.es/astronomy/telescopes/jkt/'),
(3631, 'BAO 2.6', 2, 0, 0, 2.600000, '3.85, 16, ', 1, 'optical, ', 0.000000, 1, 0.000000, 1, ''),
(3632, 'BAO 1.0', 3, 0, 0, 1.000000, '2.13', 1, 'optical, ', 0.000000, 1, 0.000000, 1, ''),
(3633, 'SOFIA', 17, 0, 0, 2.500000, '', 1, 'infrared, ', 0.000000, 1, 0.000000, 1, '- Far infrared telescope mounted on an airplane.\r\n\r\n- Further information on the telescope available under http://www.sofia.usra.edu/Sofia/telescope/sofia_tele.html'),
(3634, 'ARC Astrophysical Research Consortium Telescope', 5, 0, 0, 3.500000, '', 1, 'infrared, optical, ', 0.000000, 1, 0.000000, 1, '- Alt-azimuth mount with instruments attached at several focal points\r\n\r\n- Used by the Apache Point Observatory Lunar Laser-ranging Operation (APOLLO) lunar-ranging project\r\n\r\n- Observations using the 3.5 m telescope can be carried out remotely by observers using TUI, the Telescope User Interface, via the internet: http://www.apo.nmsu.edu/35m_operations/TUI/\r\n\r\n- A list of all instruments available for this telescope can be found under (the permanent mounted instruments are listed below): http://www.apo.nmsu.edu/arc35m/Instruments/index.html'),
(3635, 'SDSS - Sloan Digital Sky Survey', 5, 0, 0, 2.500000, '', 1, 'optical, ', 0.000000, 1, 0.000000, 1, '- Further instrument (despite those below): SEGUE-2 Spectrograph (http://www.sdss3.org/instruments/segue2_spectrograph.php)\r\n\r\n- Mostly used for sky survey\r\n\r\n- Further information on the SDSS available under: http://www.sdss3.org/index.php'),
(3636, 'New Mexico State University 1.0-meter Telescope', 5, 0, 0, 1.000000, '', 1, 'optical, ', 0.000000, 1, 0.000000, 1, ''),
(3637, '0.5 m ARCSAT', 17, 0, 0, 0.500000, '', 1, 'optical, ', 0.000000, 1, 0.000000, 1, 'CCD camera on this instrument.'),
(3661, 'Victor M. Blanco Telescope', 17, 0, 0, 4.000000, 'Radius of ', 1, 'infrared, optical, ', 0.000000, 1, 0.000000, 1, 'More information about the telescope on:\r\nhttp://www.ctio.noao.edu/noao/content/Victor-Blanco-4-m-Telescope'),
(3662, 'Southern Astrophysics Research Telescope', 15, 0, 0, 4.300000, 'f/1.6855', 1, 'infrared, optical, ', 0.000000, 1, 0.000000, 1, 'More information on telescope:\r\nhttp://www.soartelescope.org/observing/telescope-and-facility\r\nmore information on instruments:\r\nMore information on the instruments on:\r\nhttp://www.soartelescope.org/observing/instruments'),
(3663, 'SMARTS 1.5 m Telescope', 15, 0, 0, 1.500000, '', 1, 'infrared, optical, ', 0.000000, 1, 0.000000, 1, 'weblink:\r\nhttp://www.ctio.noao.edu/noao/content/SMARTS-15-m-Telescope'),
(3664, 'SMARTS 1.3m Telescope', 15, 0, 0, 1.300000, '', 1, 'infrared, optical, ', 0.000000, 1, 0.000000, 1, 'weblink:\r\nhttp://www.ctio.noao.edu/noao/content/SMARTS-13-m-Telescope'),
(3665, 'SMARTS 1.0 m Telescope', 17, 0, 0, 1.000000, 'f/10', 1, 'optical, ', 0.000000, 1, 0.000000, 1, 'weblink:\r\nhttp://www.ctio.noao.edu/noao/content/SMARTS-10-m-Telescope'),
(3666, 'SMARTS 0.9m', 2, 0, 0, 0.900000, '', 1, 'optical, ', 0.000000, 1, 0.000000, 1, 'weblink:\r\nhttp://www.ctio.noao.edu/noao/content/SMARTS-09-m-Telescope'),
(3667, '2m Telescope', 17, 0, 0, 2.000000, '', 1, '', 0.000000, 1, 0.000000, 1, '');

-- --------------------------------------------------------

--
-- Tabellenstruktur für Tabelle `telescope_to_instruments`
--

CREATE TABLE IF NOT EXISTS `telescope_to_instruments` (
  `telescope_id` int(10) unsigned NOT NULL,
  `instrument_id` int(10) unsigned NOT NULL,
  PRIMARY KEY (`telescope_id`,`instrument_id`),
  KEY `telescope_id_2` (`telescope_id`),
  KEY `instrument_id_1` (`instrument_id`)
) ENGINE=InnoDB DEFAULT CHARSET=utf8;

--
-- Daten für Tabelle `telescope_to_instruments`
--

INSERT INTO `telescope_to_instruments` (`telescope_id`, `instrument_id`) VALUES
(1376, 762),
(1394, 767),
(1413, 773),
(1413, 774),
(1423, 782),
(1433, 789),
(1440, 792),
(1440, 793),
(1440, 794),
(1440, 795),
(1440, 796),
(1440, 797),
(1446, 822),
(1446, 823),
(1446, 824),
(1446, 825),
(1446, 826),
(1446, 827),
(1446, 828),
(1446, 829),
(1448, 830),
(1448, 831),
(1448, 832),
(1448, 833),
(1448, 834),
(1448, 835),
(1448, 836),
(1448, 837),
(1448, 838),
(1448, 839),
(1448, 840),
(1448, 841),
(1455, 844),
(1462, 851),
(1467, 852),
(1467, 853),
(1467, 854),
(1467, 855),
(1467, 856),
(1467, 857),
(1497, 868),
(1509, 873),
(1509, 874),
(1509, 875),
(1509, 876),
(1509, 877),
(1534, 902),
(1536, 903),
(1554, 910),
(1604, 922),
(1608, 923),
(1608, 924),
(1639, 935),
(1640, 936),
(1648, 947),
(1655, 948),
(1655, 949),
(1655, 950),
(1655, 951),
(1661, 963),
(1661, 964),
(1661, 965),
(1661, 966),
(1674, 973),
(1675, 974),
(1676, 975),
(1677, 976),
(1687, 977),
(1687, 978),
(1687, 979),
(1688, 980),
(1688, 981),
(1688, 982),
(1688, 983),
(1742, 1030),
(1742, 1031),
(1750, 1034),
(1764, 1037),
(1803, 1043),
(1848, 1048),
(1854, 1049),
(1899, 1062),
(1899, 1063),
(1899, 1064),
(1899, 1065),
(1899, 1066),
(1899, 1067),
(1899, 1068),
(1904, 1074),
(1904, 1075),
(1904, 1076),
(1904, 1077),
(1937, 1093),
(1937, 1094),
(1937, 1095),
(1937, 1096),
(1944, 1097),
(1944, 1098),
(1944, 1099),
(1944, 1100),
(1961, 1102),
(2005, 1121),
(2005, 1122),
(2005, 1123),
(2005, 1124),
(2017, 1130),
(2035, 1131),
(2160, 1175),
(2185, 1191),
(2185, 1192),
(2185, 1193),
(2185, 1194),
(2185, 1195),
(2241, 1251),
(2278, 1291),
(2278, 1292),
(2278, 1293),
(2278, 1294),
(2278, 1295),
(2278, 1296),
(2278, 1297),
(2296, 1300),
(2341, 1314),
(2376, 1357),
(2418, 1368),
(2420, 1369),
(2420, 1370),
(2420, 1371),
(2420, 1372),
(2420, 1373),
(2420, 1374),
(2436, 1385),
(2436, 1386),
(2436, 1387),
(2436, 1388),
(2436, 1389),
(2437, 1390),
(2437, 1391),
(2542, 1411),
(2555, 1412),
(2559, 1413),
(2566, 1414),
(2587, 1415),
(2587, 1416),
(2587, 1417),
(2587, 1418),
(2603, 1425),
(2608, 1426),
(2614, 1427),
(2614, 1428),
(2647, 1442),
(2723, 1562),
(2723, 1563),
(2723, 1564),
(2723, 1565),
(2723, 1566),
(2723, 1567),
(2723, 1568),
(2723, 1569),
(2723, 1570),
(2723, 1571),
(2725, 1572),
(2731, 1573),
(2805, 1577),
(2827, 1579),
(2930, 1689),
(2930, 1690),
(2933, 1691),
(2953, 1697),
(2954, 1698),
(2955, 1699),
(2956, 1700),
(2959, 1701),
(2960, 1702),
(2962, 1703),
(2963, 1704),
(2963, 1705),
(2963, 1706),
(2963, 1707),
(2963, 1708),
(2963, 1709),
(2963, 1710),
(2963, 1711),
(2963, 1712),
(2964, 1713),
(2964, 1714),
(2964, 1715),
(2964, 1716),
(2964, 1717),
(2964, 1718),
(2964, 1719),
(2965, 1720),
(2966, 1721),
(2967, 1722),
(2968, 1723),
(2975, 1724),
(2975, 1725),
(2975, 1726),
(2975, 1727),
(2975, 1728),
(2975, 1729),
(2975, 1730),
(2975, 1731),
(2975, 1732),
(2975, 1733),
(2975, 1734),
(2975, 1735),
(2975, 1736),
(2976, 1737),
(2978, 1738),
(2980, 1739),
(2980, 1740),
(2980, 1741),
(2980, 1742),
(2980, 1743),
(2984, 1744),
(2991, 1745),
(2991, 1746),
(2991, 1747),
(2991, 1748),
(2992, 1749),
(2993, 1750),
(2993, 1751),
(3002, 1752),
(3002, 1753),
(3002, 1754),
(3007, 1755),
(3007, 1756),
(3007, 1757),
(3008, 1758),
(3008, 1759),
(3008, 1760),
(3008, 1761),
(3008, 1762),
(3008, 1763),
(3009, 1764),
(3009, 1765),
(3009, 1766),
(3009, 1767),
(3009, 1768),
(3009, 1769),
(3013, 1770),
(3014, 1771),
(3021, 1772),
(3021, 1773),
(3021, 1774),
(3022, 1775),
(3022, 1776),
(3022, 1777),
(3022, 1778),
(3022, 1779),
(3024, 1780),
(3024, 1781),
(3027, 1782),
(3027, 1783),
(3027, 1784),
(3027, 1785),
(3030, 1786),
(3031, 1787),
(3032, 1788),
(3033, 1789),
(3034, 1790),
(3037, 1791),
(3038, 1792),
(3043, 1793),
(3043, 1794),
(3044, 1795),
(3046, 1796),
(3047, 1797),
(3047, 1798),
(3049, 1799),
(3050, 1800),
(3050, 1801),
(3050, 1802),
(3050, 1803),
(3053, 1804),
(3054, 1805),
(3056, 1806),
(3057, 1807),
(3061, 1808),
(3062, 1809),
(3063, 1810),
(3067, 1811),
(3069, 1812),
(3075, 1813),
(3077, 1814),
(3079, 1815),
(3081, 1816),
(3081, 1817),
(3081, 1818),
(3081, 1819),
(3081, 1820),
(3082, 1821),
(3082, 1822),
(3082, 1823),
(3082, 1824),
(3082, 1825),
(3083, 1826),
(3093, 1827),
(3094, 1828),
(3095, 1829),
(3096, 1830),
(3099, 1831),
(3108, 1843),
(3109, 1844),
(3110, 1845),
(3111, 1846),
(3113, 1847),
(3113, 1848),
(3114, 1849),
(3128, 1851),
(3129, 1852),
(3129, 1853),
(3130, 1854),
(3133, 1855),
(3137, 1856),
(3137, 1857),
(3137, 1858),
(3146, 1859),
(3152, 1861),
(3152, 1862),
(3157, 1863),
(3162, 1864),
(3165, 1865),
(3165, 1866),
(3166, 1867),
(3169, 1868),
(3169, 1869),
(3177, 1870),
(3200, 1876),
(3348, 1972),
(3451, 2037),
(3451, 2038),
(3451, 2039),
(3451, 2040),
(3451, 2041),
(3451, 2042),
(3452, 2043),
(3455, 2044),
(3471, 2047),
(3473, 2048),
(3484, 2049),
(3484, 2050),
(3484, 2051),
(3484, 2052),
(3485, 2053),
(3560, 2210),
(3568, 2212),
(3581, 2229),
(3581, 2230),
(3581, 2231),
(3581, 2232),
(3582, 2233),
(3582, 2234),
(3582, 2235),
(3582, 2236),
(3582, 2237),
(3582, 2238),
(3583, 2239),
(3584, 2240),
(3585, 2241),
(3588, 2242),
(3589, 2243),
(3589, 2244),
(3593, 2245),
(3607, 2246),
(3610, 2247),
(3610, 2248),
(3610, 2249),
(3610, 2250),
(3610, 2251),
(3613, 2252),
(3617, 2253),
(3617, 2254),
(3619, 2255),
(3619, 2256),
(3619, 2257),
(3619, 2258),
(3619, 2259),
(3620, 2260),
(3622, 2261),
(3623, 2262),
(3624, 2263),
(3625, 2264),
(3625, 2265),
(3626, 2266),
(3626, 2267),
(3626, 2268),
(3627, 2269),
(3627, 2270),
(3627, 2271),
(3628, 2272),
(3628, 2273),
(3628, 2274),
(3628, 2275),
(3628, 2276),
(3628, 2277),
(3628, 2278),
(3629, 2279),
(3629, 2280),
(3634, 2281),
(3634, 2282),
(3634, 2283),
(3634, 2284),
(3634, 2285),
(3634, 2286),
(3635, 2287),
(3635, 2288),
(3635, 2289),
(3635, 2290),
(3636, 2291),
(3661, 2362),
(3661, 2363),
(3661, 2364),
(3662, 2365),
(3662, 2366),
(3662, 2367),
(3662, 2368),
(3662, 2369),
(3662, 2370),
(3663, 2371),
(3663, 2372),
(3664, 2373),
(3664, 2374),
(3665, 2375),
(3666, 2376);

-- --------------------------------------------------------

--
-- Tabellenstruktur für Tabelle `telescope_types`
--

CREATE TABLE IF NOT EXISTS `telescope_types` (
  `id` int(10) unsigned NOT NULL AUTO_INCREMENT,
  `name` text NOT NULL,
  PRIMARY KEY (`id`)
) ENGINE=InnoDB  DEFAULT CHARSET=utf8 AUTO_INCREMENT=25 ;

--
-- Daten für Tabelle `telescope_types`
--

INSERT INTO `telescope_types` (`id`, `name`) VALUES
(1, 'Newton'),
(2, 'Cassegrain'),
(3, 'Schmidt-Cassegrain'),
(4, 'Maksutov'),
(5, 'Ritchey-Chretien'),
(6, 'Dobson'),
(7, 'Refracting Telescope'),
(8, 'Binocular Telescope'),
(10, 'Radio Telescope'),
(11, 'Underground Telescope'),
(13, 'Magnetometer'),
(14, 'Riometer'),
(15, 'Other'),
(16, 'Newton-Cassegrain'),
(17, 'Reflecting Telescope'),
(18, 'Schmidt'),
(19, 'Gregorian Telescope'),
(20, 'Solar Telescope'),
(21, 'Corrected Dall-Kirkham Astrograph'),
(22, 'Apochromatic refractor'),
(23, 'ACF Optics'),
(24, 'Cassegrain-Nasmyth');

-- --------------------------------------------------------

--
-- Tabellenstruktur für Tabelle `timezones`
--

CREATE TABLE IF NOT EXISTS `timezones` (
  `id` int(10) unsigned NOT NULL AUTO_INCREMENT,
  `timezone` varchar(10) NOT NULL,
  PRIMARY KEY (`id`)
) ENGINE=InnoDB  DEFAULT CHARSET=utf8 AUTO_INCREMENT=38 ;

--
-- Daten für Tabelle `timezones`
--

INSERT INTO `timezones` (`id`, `timezone`) VALUES
(1, '+00'),
(2, '+01'),
(3, '+02'),
(4, '+03'),
(5, '+04'),
(6, '+05'),
(7, '+06'),
(8, '+07'),
(9, '+08'),
(10, '+09'),
(11, '+10'),
(12, '+11'),
(13, '+12'),
(14, '-01'),
(15, '-02'),
(16, '-03'),
(17, '-04'),
(18, '-05'),
(19, '-06'),
(20, '-07'),
(21, '-08'),
(22, '-09'),
(23, '-10'),
(24, '-11'),
(25, '-12'),
(26, '-09:30'),
(27, '-04:30'),
(28, '-03:30'),
(29, '+03:30'),
(30, '+04:30'),
(31, '+05:30'),
(32, '+05:45'),
(33, '+06:30'),
(34, '+09:30'),
(35, '+10:30'),
(36, '+11:30'),
(37, '+12:45');

-- --------------------------------------------------------

--
-- Tabellenstruktur für Tabelle `users_list`
--

CREATE TABLE IF NOT EXISTS `users_list` (
  `id` int(10) unsigned NOT NULL AUTO_INCREMENT,
  `username` text NOT NULL,
  `passwd` text,
  `title` text,
  `fname` text,
  `lname` text,
  `email` text,
  `affiliation` text,
  `category` text NOT NULL,
  `level` int(10) unsigned NOT NULL,
  PRIMARY KEY (`id`)
) ENGINE=InnoDB  DEFAULT CHARSET=utf8 AUTO_INCREMENT=40 ;

--
-- Daten für Tabelle `users_list`
--

INSERT INTO `users_list` (`id`, `username`, `passwd`, `title`, `fname`, `lname`, `email`, `affiliation`, `category`, `level`) VALUES
(1, 'anonymous', NULL, NULL, NULL, NULL, NULL, NULL, 'other', 0),
(2, 'stoeckler', '530e90856e3fa433e5ad31f3359ea47e', 'Mr.', 'Robert', 'Stöckler', 'robert.stoeckler@oeaw.ac.at', 'Institut für Weltraumforschung', 'commercial', 31),
(3, 'ftopf', '5e12806b179c04620320b332f205a80c', 'Mr.', 'Florian', 'Topf', 'florian.topf@oeaw.ac.at', 'Institut für Weltraumforschung', 'commercial', 31),
(4, 'nagpal', '28e29334745b11450410d66f147239d7', 'Mr.', 'Parinesh', 'Nagpal', 'p.nagpal@ucl.ac.uk', 'UCL', 'scientific', 11),
(5, 'smiller', '28e29334745b11450410d66f147239d7', 'Prof.', 'Steve', 'Miller', 's.miller@ucl.ac.uk', 'UCL', 'scientific', 11),
(6, 'mscherf', 'cb5df61b6a55369b304ca3e9536df571', 'Mr.', 'Manuel', 'Scherf', 'manuel.scherf@oeaw.ac.at', 'IWF-OeAW', 'scientific', 31),
(8, 'thuillot', 'e049c49c29dadb215196fc4c78f0f636', 'Dr.', 'William', 'Thuillot', 'thuillot@imcce.fr', 'IMCCE Paris Observatory', 'scientific', 11),
(9, 'jfabbri', '9013a0b8be8995e58076b3b6f2edfa5d', 'Dr.', 'Joanna', 'Fabbri', 'jfabbri@star.ucl.ac.uk', 'UCL', 'scientific', 31),
(10, 'dkoschny', '1c0009465d5b7b26f0eb0bf9b2baf84d', 'Dr.', 'Detlef', 'Koschny', 'detlef.koschny@esa.int', 'ESA', 'scientific', 11),
(11, 'romanyuk', '9ac7da2b2119fd5105ea17c520c18928', 'Dr.', 'Yaroslav', 'Romanyuk', 'romanyuk@mao.kiev.ua', 'Main Astronomical Observatory, National Academy of Science of Ukraine', 'scientific', 11),
(12, 'mstest', 'd0bae88d7160037e5a4a325ab79e04b7', 'Dr.', 'test', 'entry', 'manuel.scherf@oeaw.ac.at', 'testland', 'scientific', 11),
(13, 'steve_miller', 'fe840c049be5fd63ce16c3b822ff6179', 'Prof.', 'Steve', 'Miller', 's.miller@ucl.ac.uk', 'UCL', 'scientific', 11),
(14, 'anitaheward', '9995d434193357f3fcf307bc1212c338', 'Ms.', 'Anita', 'Heward', 'anitaheward@btinternet.com', 'Europlanet', 'educational', 11),
(15, 'Algol', 'eb27b5382e9d6e1ae84947113126b570', 'Mr.', 'Jakub', 'Koukal', 'hvezdarna.kromeriz@post.cz', 'CEMENT', 'scientific', 11),
(16, 'MANOS', '3588cf5e4b17879d94497fbc8920cf60', 'Mr.', 'Emmanouil (Manos)', 'Kardasis', 'astromanos2002@yahoo.gr', 'Hellenic Amateur Astronomy Association', 'scientific', 11),
(17, 'sergiuspro', '5bc90b488aad4a513886d65de852ab60', 'Mr.', 'Sergei', 'Schmalz', 'sergiuspro@yahoo.de', 'International Meteor Organization', 'scientific', 11),
(18, 'cyclops', 'bedbd0f6cd3682ca9a601c2179b81d40', 'Dr.', 'Klaas', 'Jobse', 'cyclops@zeelandnet.nl', 'Cyclops Observatory', 'scientific', 11),
(19, 'tokunaga', '904b6f7e29f77065ee9977b30660617c', 'Dr.', 'Alan', 'Tokunaga', 'tokunagaa001@gmail.com', 'University of Hawaii', 'scientific', 11),
(20, 'kh.gansel', '5549bcf72e058757a2872643c6f42735', 'Mr.', 'Karl-Heinz', 'Gansel', 'radioastronomie@dl6ebs.de', 'DARO', 'scientific', 11),
(21, 'wji', '53bb79002a8ade0bc488f4469ce3fcd7', 'Dr.', 'Ian', 'Skillen', 'wji@ing.iac.es', 'Isaac Newton Group', 'scientific', 11),
(22, 'gerhard_dangl', 'aa6aec0491f348173fe60b442c4acc9c', 'Mr.', 'Gerhard', 'Dangl', 'gerhard@dangl.at', 'Nonndorf', 'scientific', 11),
(23, 'jotest', '1a1dc91c907325c69271ddf0c944bc72', 'Dr.', 'Jo', 'Test', 'jfabbri@star.ucl.ac.uk', 'Test', 'scientific', 11),
(24, 'richardmiles', '1e774fdfe1a349253ca92f79a41bf3fd', 'Dr.', 'Richard', 'Miles', 'rmiles.btee@btinternet.com', 'British Astronomical Association', 'scientific', 11),
(25, 'mobberley1958', '72cd4ee002e42c64a85f1f329d14d94c', 'Mr.', 'Martin', 'Mobberley', 'martin.mobberley@btinternet.com', 'British Astronomical Association', 'scientific', 11),
(26, 'buczynski8166', '7c3ebb5e5b4cb6054c62c9463cad5d70', 'Mr.', 'denis', 'buczynski', 'buczynski8166@btinternet.com', 'BAA', 'scientific', 11),
(27, 'David Storey', 'a5ba668b6a0706e2ede053d36c1a91ce', 'Mr.', 'David', 'Storey', 'dave.storey@iomastronomy.org', 'British Astronomical Society', 'scientific', 11),
(28, 'DavidBriggs124', 'c93bfa6dacd380e77914a5c08e4cb10a', 'Mr.', 'David', 'Briggs', 'dbriggs@kepler.demon.co.uk', 'British Astronomical Association / Hampshire Astronomical Group', 'scientific', 11),
(29, 'nickdjames', 'bfa630da56dbc5d59425dc2ae028100e', 'Mr.', 'Nick', 'James', 'ndj@nickdjames.com', 'BAA', 'scientific', 11),
(30, 'BaptisteCecconi', '1d8abcbc20404aa8101fa4ec64e6a05c', 'Mr.', 'Baptiste', 'Cecconi', 'baptiste.cecconi@obspm.fr', 'LESIA, Obs. de Paris', 'scientific', 11),
(31, 'bschmitt', '5d00a0a9121ab7dc8469b78d60c1e901', 'Dr.', 'Bernard', 'Schmitt', 'bernard.schmitt@obs.ujf-grenoble.fr', 'IPAG - CNRS/Univ. J. Fourier', 'scientific', 11),
(32, 'JBagri', '588aaa4c61adfdb88dfaa81792934f2e', 'Mr.', 'Justin', 'Bagri', 'justinbagri@hotmail.com', 'UCL', 'scientific', 11),
(33, 'Karanpreet', 'e3cb6cd82c65880f72e8fa4eb33e2a48', 'Mr.', 'Karanpreet', 'Dhillon', 'karanpreet.dhillon.10@ucl.ac.uk', 'University College London', 'scientific', 11),
(34, 'leowestland', '85bffcba41ee52a87218adf532d7b863', 'Mr.', 'Leo', 'Westland', 'leo.westland.10@ucl.ac.uk', 'UCL', 'scientific', 11),
(35, 'Leon1', '7745ff20f9e514c09d17a8315d60ce12', 'Mr.', 'Leon', 'Gatys', 'leon.gatys.10@ucl.ac.uk', 'UCL', 'scientific', 11),
(36, 'srws1', 'c91e27979ea4c114dd69cca1ebc024a6', 'Mr.', 'STEFAN', 'SMITH', 'stefan.smith.10@ucl.ac.uk', 'UCL UNDERGRADUATE', 'scientific', 11),
(37, 'jfinch91', '98b52efe386b6babfaf4b1e9f2128857', 'Mr.', 'James', 'Finch', 'James.finch.10@ucl.ac.uk', 'UCL', 'scientific', 11),
(38, 'tingce', '30046fb7f1669b34003c1ef405c3a5ce', 'Ms.', 'Chu En', 'Ting', 'chu.ting.10@ucl.ac.uk', 'UCL', 'scientific', 11),
(39, 'Sophie Neal', 'cf8f3b8dc5023b34961e6ff3a7e13fe8', 'Ms.', 'Sophie', 'Neal', 'sophie.neal.10@ucl.ac.uk', 'UCL', 'scientific', 11);

-- --------------------------------------------------------

--
-- Tabellenstruktur für Tabelle `users_statistics`
--

CREATE TABLE IF NOT EXISTS `users_statistics` (
  `id` int(10) unsigned NOT NULL AUTO_INCREMENT,
  `user` int(10) unsigned NOT NULL,
  `page` varchar(45) NOT NULL,
  `epoch` datetime NOT NULL,
  PRIMARY KEY (`id`),
  KEY `user` (`user`)
) ENGINE=InnoDB  DEFAULT CHARSET=utf8 AUTO_INCREMENT=1598 ;

--
-- Daten für Tabelle `users_statistics`
--

INSERT INTO `users_statistics` (`id`, `user`, `page`, `epoch`) VALUES
(1, 1, 'home', '2012-11-26 13:42:06'),
(2, 1, 'login', '2012-11-26 13:42:08'),
(3, 6, 'login', '2012-11-26 13:42:08'),
(4, 6, 'browse', '2012-11-26 13:42:10'),
(5, 6, 'browse', '2012-11-26 13:42:15'),
(6, 6, 'edit', '2012-11-26 13:42:18'),
(7, 6, 'edit', '2012-11-26 13:42:26'),
(8, 1, 'home', '2012-11-26 14:00:07'),
(9, 1, 'browse', '2012-11-26 14:00:10'),
(10, 1, 'browse', '2012-11-26 14:00:11'),
(11, 1, 'browse', '2012-11-26 14:00:16'),
(12, 1, 'browse', '2012-11-26 14:00:49'),
(13, 9, 'edit', '2012-11-26 16:07:00'),
(14, 9, 'add', '2012-11-26 16:07:07'),
(15, 9, 'logout', '2012-11-26 18:25:55'),
(16, 1, 'home', '2012-11-26 18:25:56'),
(17, 1, 'home', '2012-11-27 09:57:22'),
(18, 1, 'map', '2012-11-27 17:47:45'),
(19, 1, 'reset', '2012-11-27 21:02:14'),
(20, 1, 'registration_q', '2012-11-27 21:05:53'),
(21, 1, 'browse', '2012-11-27 21:09:42'),
(22, 1, 'browse', '2012-11-27 21:09:42'),
(23, 1, 'home', '2012-11-28 01:41:59'),
(24, 1, 'home', '2012-11-28 02:41:47'),
(25, 1, 'home', '2012-11-28 02:41:47'),
(26, 1, 'home', '2012-11-28 09:57:33'),
(27, 1, 'home', '2012-11-28 13:05:34'),
(28, 1, 'home', '2012-11-28 16:56:58'),
(29, 1, 'home', '2012-11-28 21:10:26'),
(30, 1, 'home', '2012-11-29 10:16:15'),
(31, 1, 'home', '2012-11-29 17:09:57'),
(32, 1, 'registration_q', '2012-11-29 22:23:28'),
(33, 1, 'map', '2012-11-30 05:14:47'),
(34, 1, 'map', '2012-11-30 05:14:47'),
(35, 1, 'home', '2012-11-30 10:28:30'),
(36, 1, 'home', '2012-11-30 14:09:23'),
(37, 1, 'home', '2012-11-30 14:09:28'),
(38, 1, 'home', '2012-11-30 14:09:34'),
(39, 1, 'home', '2012-12-01 00:31:04'),
(40, 1, 'home', '2012-12-01 09:13:02'),
(41, 1, 'home', '2012-12-01 10:47:49'),
(42, 1, 'home', '2012-12-01 11:40:22'),
(43, 1, 'home', '2012-12-01 13:12:25'),
(44, 1, 'map', '2012-12-01 13:12:25'),
(45, 1, 'home', '2012-12-01 13:12:25'),
(46, 1, 'browse', '2012-12-01 13:12:26'),
(47, 1, 'home', '2012-12-01 18:45:13'),
(48, 1, 'home', '2012-12-02 01:04:48'),
(49, 1, 'home', '2012-12-02 01:04:48'),
(50, 1, 'home', '2012-12-02 09:20:02'),
(51, 1, 'home', '2012-12-02 19:24:50'),
(52, 1, 'home', '2012-12-02 20:36:10'),
(53, 1, 'home', '2012-12-02 23:12:06'),
(54, 1, 'home', '2012-12-03 00:46:18'),
(55, 1, 'home', '2012-12-03 00:46:21'),
(56, 1, 'map', '2012-12-03 08:42:58'),
(57, 1, 'home', '2012-12-03 10:10:19'),
(58, 1, 'home', '2012-12-03 13:57:06'),
(59, 1, 'map', '2012-12-03 13:57:22'),
(60, 1, 'browse', '2012-12-03 14:03:21'),
(61, 1, 'reset', '2012-12-03 14:07:16'),
(62, 1, 'reset', '2012-12-03 14:07:32'),
(63, 1, 'reset', '2012-12-03 14:07:32'),
(64, 1, 'reset', '2012-12-03 14:07:53'),
(65, 1, 'login', '2012-12-03 14:11:47'),
(66, 11, 'login', '2012-12-03 14:11:47'),
(67, 11, 'map', '2012-12-03 14:11:55'),
(68, 11, 'home', '2012-12-03 14:13:11'),
(69, 11, 'map', '2012-12-03 14:22:57'),
(70, 11, 'browse', '2012-12-03 14:24:13'),
(71, 11, 'browse', '2012-12-03 14:24:17'),
(72, 11, 'browse', '2012-12-03 14:24:32'),
(73, 11, 'browse', '2012-12-03 14:25:16'),
(74, 11, 'browse', '2012-12-03 14:25:49'),
(75, 1, 'home', '2012-12-03 22:21:26'),
(76, 1, 'browse', '2012-12-03 23:38:42'),
(77, 1, 'browse', '2012-12-03 23:38:42'),
(78, 1, 'home', '2012-12-04 04:37:48'),
(79, 1, 'home', '2012-12-04 06:02:27'),
(80, 1, 'home', '2012-12-04 10:41:43'),
(81, 1, 'home', '2012-12-04 16:59:06'),
(82, 1, 'map', '2012-12-04 20:26:28'),
(83, 1, 'map', '2012-12-04 20:26:29'),
(84, 1, 'registration_q', '2012-12-05 05:24:37'),
(85, 1, 'map', '2012-12-05 08:32:04'),
(86, 1, 'home', '2012-12-05 09:25:57'),
(87, 1, 'home', '2012-12-05 09:55:40'),
(88, 1, 'home', '2012-12-05 11:56:09'),
(89, 1, 'home', '2012-12-05 14:24:09'),
(90, 1, 'browse', '2012-12-05 16:33:53'),
(91, 1, 'browse', '2012-12-05 16:33:53'),
(92, 1, 'reset', '2012-12-05 17:12:57'),
(93, 1, 'home', '2012-12-05 17:27:14'),
(94, 1, 'home', '2012-12-05 18:12:50'),
(95, 1, 'reset', '2012-12-05 18:41:22'),
(96, 1, 'registration_q', '2012-12-05 19:53:24'),
(97, 1, 'home', '2012-12-05 22:25:37'),
(98, 1, 'home', '2012-12-05 22:25:38'),
(99, 1, 'home', '2012-12-06 00:33:52'),
(100, 1, 'login', '2012-12-06 00:33:55'),
(101, 3, 'login', '2012-12-06 00:33:56'),
(102, 3, 'edit', '2012-12-06 00:34:02'),
(103, 3, 'edit', '2012-12-06 00:34:12'),
(104, 3, 'edit', '2012-12-06 00:34:14'),
(105, 3, 'edit', '2012-12-06 00:34:19'),
(106, 3, 'edit', '2012-12-06 00:34:21'),
(107, 3, 'edit', '2012-12-06 00:34:34'),
(108, 3, 'edit', '2012-12-06 00:34:36'),
(109, 3, 'home', '2012-12-06 00:34:52'),
(110, 1, 'map', '2012-12-06 02:58:26'),
(111, 1, 'browse', '2012-12-06 04:11:36'),
(112, 1, 'reset', '2012-12-06 04:24:31'),
(113, 1, 'registration_q', '2012-12-06 04:26:56'),
(114, 1, 'home', '2012-12-06 10:44:13'),
(115, 1, 'home', '2012-12-06 11:58:20'),
(116, 1, 'home', '2012-12-06 13:58:21'),
(117, 1, 'login', '2012-12-06 13:58:23'),
(118, 6, 'login', '2012-12-06 13:58:23'),
(119, 6, 'map', '2012-12-06 13:58:25'),
(120, 6, 'browse', '2012-12-06 14:07:11'),
(121, 6, 'browse', '2012-12-06 14:07:13'),
(122, 1, 'home', '2012-12-06 20:24:47'),
(123, 1, 'home', '2012-12-07 02:40:21'),
(124, 1, 'map', '2012-12-07 09:43:37'),
(125, 1, 'home', '2012-12-07 11:14:53'),
(126, 1, 'home', '2012-12-07 12:50:09'),
(127, 1, 'browse', '2012-12-07 20:19:47'),
(128, 1, 'home', '2012-12-07 20:21:53'),
(129, 1, 'registration_q', '2012-12-07 21:16:50'),
(130, 1, 'map', '2012-12-07 23:31:15'),
(131, 1, 'map', '2012-12-07 23:31:15'),
(132, 1, 'reset', '2012-12-08 07:24:36'),
(133, 1, 'browse', '2012-12-08 07:35:22'),
(134, 1, 'home', '2012-12-08 14:26:28'),
(135, 1, 'map', '2012-12-08 14:26:29'),
(136, 1, 'home', '2012-12-08 14:26:29'),
(137, 1, 'browse', '2012-12-08 14:26:29'),
(138, 1, 'home', '2012-12-09 05:42:15'),
(139, 1, 'registration_q', '2012-12-09 21:23:25'),
(140, 1, 'home', '2012-12-09 23:24:03'),
(141, 1, 'home', '2012-12-10 10:24:20'),
(142, 1, 'home', '2012-12-10 11:23:25'),
(143, 1, 'browse', '2012-12-10 11:23:32'),
(144, 1, 'browse', '2012-12-10 11:23:34'),
(145, 1, 'login', '2012-12-10 11:23:51'),
(146, 9, 'login', '2012-12-10 11:23:51'),
(147, 9, 'edit', '2012-12-10 11:23:55'),
(148, 1, 'home', '2012-12-10 11:40:02'),
(149, 1, 'browse', '2012-12-10 11:46:39'),
(150, 1, 'browse', '2012-12-10 11:46:42'),
(151, 1, 'map', '2012-12-10 11:46:45'),
(152, 1, 'home', '2012-12-10 14:18:42'),
(153, 1, 'registration_q', '2012-12-10 19:24:05'),
(154, 1, 'home', '2012-12-11 04:19:37'),
(155, 1, 'home', '2012-12-11 08:06:31'),
(156, 1, 'home', '2012-12-11 10:46:10'),
(157, 1, 'home', '2012-12-11 14:28:50'),
(158, 1, 'login', '2012-12-11 14:28:52'),
(159, 6, 'login', '2012-12-11 14:28:53'),
(160, 6, 'browse', '2012-12-11 14:28:54'),
(161, 6, 'browse', '2012-12-11 14:28:56'),
(162, 6, 'browse', '2012-12-11 14:29:06'),
(163, 6, 'browse', '2012-12-11 14:29:30'),
(164, 6, 'browse', '2012-12-11 14:29:35'),
(165, 6, 'browse', '2012-12-11 14:29:39'),
(166, 6, 'browse', '2012-12-11 14:29:47'),
(167, 1, 'home', '2012-12-11 16:03:59'),
(168, 1, 'home', '2012-12-11 16:03:59'),
(169, 1, 'home', '2012-12-11 18:56:11'),
(170, 1, 'home', '2012-12-11 19:02:01'),
(171, 1, 'browse', '2012-12-11 19:02:03'),
(172, 1, 'map', '2012-12-11 19:02:06'),
(173, 1, 'registration_q', '2012-12-11 19:02:09'),
(174, 1, 'reset', '2012-12-11 19:02:11'),
(175, 1, 'home', '2012-12-11 21:45:08'),
(176, 1, 'home', '2012-12-12 03:10:43'),
(177, 1, 'map', '2012-12-12 09:58:27'),
(178, 1, 'home', '2012-12-12 10:50:53'),
(179, 1, 'home', '2012-12-12 18:00:12'),
(180, 1, 'home', '2012-12-12 21:22:49'),
(181, 1, 'home', '2012-12-13 10:10:19'),
(182, 1, 'registration_q', '2012-12-14 21:57:29'),
(183, 1, 'home', '2012-12-15 01:58:30'),
(184, 1, 'home', '2012-12-15 06:15:18'),
(185, 1, 'home', '2012-12-15 14:28:07'),
(186, 1, 'map', '2012-12-15 14:28:07'),
(187, 1, 'home', '2012-12-15 14:28:07'),
(188, 1, 'browse', '2012-12-15 14:28:07'),
(189, 1, 'home', '2012-12-15 17:11:18'),
(190, 1, 'registration_q', '2012-12-15 20:07:49'),
(191, 1, 'home', '2012-12-15 22:16:57'),
(192, 1, 'home', '2012-12-16 19:00:43'),
(193, 1, 'home', '2012-12-16 21:02:18'),
(194, 1, 'home', '2012-12-17 00:55:02'),
(195, 1, 'map', '2012-12-17 02:45:24'),
(196, 1, 'map', '2012-12-17 02:45:24'),
(197, 1, 'map', '2012-12-17 10:06:15'),
(198, 1, 'home', '2012-12-17 10:35:35'),
(199, 1, 'browse', '2012-12-17 11:28:19'),
(200, 1, 'browse', '2012-12-17 11:28:19'),
(201, 1, 'home', '2012-12-17 15:15:56'),
(202, 1, 'home', '2012-12-17 15:33:55'),
(203, 1, 'home', '2012-12-17 17:12:41'),
(204, 1, 'home', '2012-12-17 19:42:16'),
(205, 1, 'home', '2012-12-17 19:42:16'),
(206, 1, 'home', '2012-12-17 20:39:14'),
(207, 1, 'home', '2012-12-18 10:26:02'),
(208, 1, 'home', '2012-12-18 10:32:43'),
(209, 1, 'home', '2012-12-18 15:40:47'),
(210, 1, 'home', '2012-12-18 15:40:47'),
(211, 1, 'home', '2012-12-19 07:15:47'),
(212, 1, 'login', '2012-12-19 12:55:47'),
(213, 9, 'login', '2012-12-19 12:55:47'),
(214, 9, 'browse', '2012-12-19 12:55:51'),
(215, 9, 'browse', '2012-12-19 12:55:54'),
(216, 9, 'browse', '2012-12-19 12:56:08'),
(217, 1, 'registration_q', '2012-12-19 19:00:05'),
(218, 1, 'home', '2012-12-19 23:03:42'),
(219, 1, 'home', '2012-12-20 05:58:14'),
(220, 1, 'registration_q', '2012-12-20 19:10:04'),
(221, 1, 'home', '2012-12-20 19:56:29'),
(222, 1, 'home', '2012-12-20 20:55:51'),
(223, 1, 'map', '2012-12-21 07:32:35'),
(224, 1, 'home', '2012-12-21 08:25:49'),
(225, 1, 'reset', '2012-12-21 11:33:10'),
(226, 1, 'home', '2012-12-21 19:21:41'),
(227, 1, 'home', '2012-12-21 20:07:34'),
(228, 1, 'login', '2012-12-21 20:07:45'),
(229, 27, 'login', '2012-12-21 20:07:46'),
(230, 27, 'map', '2012-12-21 20:07:53'),
(231, 1, 'map', '2012-12-22 07:15:58'),
(232, 1, 'home', '2012-12-22 09:55:39'),
(233, 1, 'home', '2012-12-22 18:45:12'),
(234, 1, 'home', '2012-12-22 18:45:12'),
(235, 1, 'home', '2012-12-22 18:53:07'),
(236, 1, 'home', '2012-12-22 22:00:00'),
(237, 1, 'home', '2012-12-22 23:12:39'),
(238, 1, 'map', '2012-12-22 23:12:40'),
(239, 1, 'home', '2012-12-22 23:12:40'),
(240, 1, 'browse', '2012-12-22 23:12:40'),
(241, 1, 'home', '2012-12-23 03:45:41'),
(242, 1, 'home', '2012-12-23 10:12:49'),
(243, 1, 'map', '2012-12-23 10:18:43'),
(244, 1, 'map', '2012-12-23 17:27:10'),
(245, 1, 'map', '2012-12-23 17:27:11'),
(246, 1, 'home', '2012-12-24 03:03:39'),
(247, 1, 'home', '2012-12-24 03:25:23'),
(248, 1, 'home', '2012-12-24 04:06:40'),
(249, 1, 'home', '2012-12-24 04:06:40'),
(250, 1, 'home', '2012-12-24 14:59:00'),
(251, 1, 'home', '2012-12-24 14:59:01'),
(252, 1, 'home', '2012-12-24 23:24:07'),
(253, 1, 'home', '2012-12-25 01:26:50'),
(254, 1, 'map', '2012-12-25 01:59:19'),
(255, 1, 'home', '2012-12-25 02:47:43'),
(256, 1, 'home', '2012-12-25 06:13:15'),
(257, 1, 'home', '2012-12-25 06:17:44'),
(258, 1, 'home', '2012-12-26 08:27:18'),
(259, 1, 'home', '2012-12-26 19:20:11'),
(260, 1, 'map', '2012-12-26 23:22:36'),
(261, 1, 'home', '2012-12-27 02:30:03'),
(262, 1, 'home', '2012-12-27 06:42:14'),
(263, 1, 'map', '2012-12-27 07:36:43'),
(264, 1, 'home', '2012-12-27 10:21:43'),
(265, 1, 'home', '2012-12-27 10:53:25'),
(266, 1, 'home', '2012-12-27 10:53:25'),
(267, 1, 'home', '2012-12-27 15:26:29'),
(268, 1, 'registration_q', '2012-12-27 19:26:25'),
(269, 1, 'home', '2012-12-28 01:19:12'),
(270, 1, 'home', '2012-12-28 01:20:41'),
(271, 1, 'browse', '2012-12-28 01:20:41'),
(272, 1, 'registration_q', '2012-12-28 01:20:59'),
(273, 1, 'map', '2012-12-28 01:21:05'),
(274, 1, 'reset', '2012-12-28 01:21:08'),
(275, 1, 'home', '2012-12-28 02:35:47'),
(276, 1, 'home', '2012-12-28 08:53:21'),
(277, 1, 'home', '2012-12-28 08:53:21'),
(278, 1, 'registration_q', '2012-12-28 19:13:07'),
(279, 1, 'home', '2012-12-29 02:37:17'),
(280, 1, 'home', '2012-12-29 04:27:53'),
(281, 1, 'home', '2012-12-29 06:53:27'),
(282, 1, 'home', '2012-12-29 06:53:27'),
(283, 1, 'home', '2012-12-29 13:06:01'),
(284, 1, 'browse', '2012-12-29 19:31:55'),
(285, 1, 'home', '2012-12-29 21:51:55'),
(286, 1, 'home', '2012-12-30 07:02:54'),
(287, 1, 'home', '2012-12-30 12:19:03'),
(288, 1, 'home', '2012-12-30 12:19:03'),
(289, 1, 'browse', '2012-12-30 13:41:08'),
(290, 1, 'browse', '2012-12-30 13:41:08'),
(291, 1, 'home', '2012-12-30 13:48:55'),
(292, 1, 'map', '2012-12-30 15:52:06'),
(293, 1, 'map', '2012-12-30 15:52:07'),
(294, 1, 'home', '2012-12-30 17:12:16'),
(295, 1, 'home', '2012-12-30 17:12:17'),
(296, 1, 'home', '2012-12-30 22:30:22'),
(297, 1, 'home', '2012-12-30 22:30:22'),
(298, 1, 'map', '2012-12-30 22:55:01'),
(299, 1, 'home', '2012-12-31 01:43:26'),
(300, 1, 'home', '2012-12-31 02:12:56'),
(301, 1, 'home', '2012-12-31 04:45:25'),
(302, 1, 'reset', '2012-12-31 05:36:45'),
(303, 1, 'map', '2012-12-31 06:25:04'),
(304, 1, 'browse', '2012-12-31 07:26:29'),
(305, 1, 'registration_q', '2012-12-31 08:26:22'),
(306, 1, 'registration_q', '2012-12-31 08:54:33'),
(307, 1, 'reset', '2012-12-31 18:03:38'),
(308, 1, 'home', '2012-12-31 19:27:01'),
(309, 1, 'browse', '2013-01-01 01:57:25'),
(310, 1, 'browse', '2013-01-01 01:57:25'),
(311, 1, 'reset', '2013-01-01 02:16:57'),
(312, 1, 'home', '2013-01-01 03:43:05'),
(313, 1, 'home', '2013-01-01 03:43:05'),
(314, 1, 'map', '2013-01-01 07:59:49'),
(315, 1, 'home', '2013-01-01 08:06:00'),
(316, 1, 'home', '2013-01-01 09:57:38'),
(317, 1, 'home', '2013-01-01 09:57:38'),
(318, 1, 'home', '2013-01-01 13:22:25'),
(319, 1, 'home', '2013-01-01 13:22:25'),
(320, 1, 'home', '2013-01-01 13:33:49'),
(321, 1, 'home', '2013-01-01 13:33:50'),
(322, 1, 'home', '2013-01-01 13:47:22'),
(323, 1, 'registration_q', '2013-01-01 19:07:16'),
(324, 1, 'home', '2013-01-01 19:29:58'),
(325, 1, 'map', '2013-01-02 01:38:12'),
(326, 1, 'map', '2013-01-02 01:38:12'),
(327, 1, 'map', '2013-01-02 07:22:11'),
(328, 1, 'home', '2013-01-02 19:58:33'),
(329, 1, 'browse', '2013-01-02 21:14:56'),
(330, 1, 'home', '2013-01-03 03:56:21'),
(331, 1, 'home', '2013-01-03 03:56:21'),
(332, 1, 'browse', '2013-01-03 07:17:09'),
(333, 1, 'browse', '2013-01-03 07:17:10'),
(334, 1, 'home', '2013-01-03 09:37:58'),
(335, 1, 'home', '2013-01-04 19:10:35'),
(336, 1, 'reset', '2013-01-05 04:46:00'),
(337, 1, 'home', '2013-01-05 09:11:21'),
(338, 1, 'map', '2013-01-05 12:10:25'),
(339, 1, 'map', '2013-01-05 12:10:25'),
(340, 1, 'home', '2013-01-05 23:19:04'),
(341, 1, 'home', '2013-01-05 23:19:04'),
(342, 1, 'home', '2013-01-06 05:00:53'),
(343, 1, 'home', '2013-01-06 05:00:53'),
(344, 1, 'home', '2013-01-06 07:13:56'),
(345, 1, 'map', '2013-01-06 07:22:43'),
(346, 1, 'map', '2013-01-06 08:26:36'),
(347, 1, 'map', '2013-01-06 08:26:36'),
(348, 1, 'browse', '2013-01-06 12:09:49'),
(349, 1, 'browse', '2013-01-06 12:09:50'),
(350, 1, 'home', '2013-01-06 12:14:42'),
(351, 1, 'home', '2013-01-06 13:33:43'),
(352, 1, 'home', '2013-01-06 13:33:43'),
(353, 1, 'home', '2013-01-06 18:26:10'),
(354, 1, 'home', '2013-01-06 18:26:10'),
(355, 1, 'registration_q', '2013-01-06 19:33:13'),
(356, 1, 'map', '2013-01-06 21:34:17'),
(357, 1, 'map', '2013-01-06 21:34:17'),
(358, 1, 'browse', '2013-01-07 02:53:46'),
(359, 1, 'browse', '2013-01-07 02:53:47'),
(360, 1, 'home', '2013-01-07 05:49:37'),
(361, 1, 'home', '2013-01-07 05:49:37'),
(362, 1, 'map', '2013-01-07 06:25:46'),
(363, 1, 'home', '2013-01-07 06:41:00'),
(364, 1, 'home', '2013-01-07 07:10:51'),
(365, 1, 'home', '2013-01-07 22:09:59'),
(366, 1, 'home', '2013-01-08 04:54:47'),
(367, 1, 'home', '2013-01-08 04:55:47'),
(368, 1, 'browse', '2013-01-08 04:55:54'),
(369, 1, 'map', '2013-01-08 04:56:01'),
(370, 1, 'registration_q', '2013-01-08 04:56:09'),
(371, 1, 'reset', '2013-01-08 04:56:14'),
(372, 1, 'map', '2013-01-08 10:43:36'),
(373, 1, 'home', '2013-01-08 14:47:09'),
(374, 1, 'home', '2013-01-08 15:05:15'),
(375, 1, 'browse', '2013-01-08 15:05:18'),
(376, 1, 'browse', '2013-01-08 15:05:20'),
(377, 1, 'login', '2013-01-08 15:22:10'),
(378, 9, 'login', '2013-01-08 15:22:11'),
(379, 1, 'home', '2013-01-08 16:07:16'),
(380, 1, 'home', '2013-01-08 16:07:44'),
(381, 1, 'map', '2013-01-08 16:10:34'),
(382, 1, 'browse', '2013-01-08 16:10:48'),
(383, 1, 'browse', '2013-01-08 16:11:02'),
(384, 1, 'home', '2013-01-08 16:11:47'),
(385, 1, 'browse', '2013-01-08 16:12:23'),
(386, 1, 'browse', '2013-01-08 16:12:27'),
(387, 1, 'browse', '2013-01-08 16:13:33'),
(388, 1, 'browse', '2013-01-08 16:14:11'),
(389, 1, 'browse', '2013-01-08 16:16:48'),
(390, 1, 'browse', '2013-01-08 16:16:51'),
(391, 1, 'browse', '2013-01-08 16:16:57'),
(392, 1, 'browse', '2013-01-08 16:17:00'),
(393, 1, 'map', '2013-01-08 16:17:19'),
(394, 1, 'home', '2013-01-08 16:19:56'),
(395, 1, 'home', '2013-01-08 16:20:46'),
(396, 1, 'map', '2013-01-08 16:22:14'),
(397, 1, 'home', '2013-01-08 16:22:17'),
(398, 1, 'home', '2013-01-08 17:07:38'),
(399, 1, 'home', '2013-01-08 17:07:42'),
(400, 1, 'home', '2013-01-08 17:07:43'),
(401, 1, 'home', '2013-01-08 17:13:25'),
(402, 1, 'home', '2013-01-08 18:04:53'),
(403, 1, 'map', '2013-01-08 18:04:57'),
(404, 1, 'map', '2013-01-08 18:05:01'),
(405, 1, 'browse', '2013-01-08 18:06:20'),
(406, 1, 'browse', '2013-01-08 18:06:24'),
(407, 1, 'browse', '2013-01-08 18:06:31'),
(408, 1, 'browse', '2013-01-08 19:21:26'),
(409, 1, 'home', '2013-01-08 19:41:34'),
(410, 1, 'home', '2013-01-08 19:42:16'),
(411, 1, 'home', '2013-01-08 21:30:56'),
(412, 1, 'home', '2013-01-08 22:48:22'),
(413, 1, 'home', '2013-01-08 22:48:42'),
(414, 1, 'home', '2013-01-08 22:48:44'),
(415, 1, 'home', '2013-01-08 22:50:03'),
(416, 1, 'login', '2013-01-08 22:51:08'),
(417, 20, 'login', '2013-01-08 22:51:08'),
(418, 20, 'browse', '2013-01-08 22:51:14'),
(419, 20, 'browse', '2013-01-08 22:51:19'),
(420, 20, 'browse', '2013-01-08 22:51:35'),
(421, 20, 'home', '2013-01-08 22:54:29'),
(422, 1, 'home', '2013-01-08 23:05:42'),
(423, 1, 'home', '2013-01-08 23:06:45'),
(424, 1, 'home', '2013-01-08 23:24:05'),
(425, 1, 'home', '2013-01-09 04:46:29'),
(426, 1, 'browse', '2013-01-09 04:46:44'),
(427, 1, 'browse', '2013-01-09 04:46:47'),
(428, 1, 'browse', '2013-01-09 04:46:57'),
(429, 1, 'browse', '2013-01-09 04:47:19'),
(430, 1, 'map', '2013-01-09 04:47:52'),
(431, 1, 'home', '2013-01-09 04:56:47'),
(432, 1, 'home', '2013-01-09 04:56:47'),
(433, 9, 'home', '2013-01-09 10:55:58'),
(434, 1, 'home', '2013-01-09 11:18:13'),
(435, 1, 'map', '2013-01-09 11:23:11'),
(436, 1, 'map', '2013-01-09 11:23:37'),
(437, 1, 'browse', '2013-01-09 11:23:53'),
(438, 1, 'browse', '2013-01-09 11:24:43'),
(439, 1, 'home', '2013-01-09 11:31:10'),
(440, 1, 'browse', '2013-01-09 11:31:35'),
(441, 1, 'browse', '2013-01-09 11:31:48'),
(442, 1, 'browse', '2013-01-09 13:12:19'),
(443, 1, 'browse', '2013-01-09 13:12:19'),
(444, 1, 'home', '2013-01-09 13:51:18'),
(445, 1, 'map', '2013-01-09 14:03:09'),
(446, 1, 'map', '2013-01-09 14:03:09'),
(447, 1, 'home', '2013-01-09 15:34:45'),
(448, 1, 'home', '2013-01-09 17:01:47'),
(449, 1, 'home', '2013-01-09 17:01:48'),
(450, 1, 'home', '2013-01-09 18:23:44'),
(451, 1, 'home', '2013-01-09 21:07:24'),
(452, 1, 'browse', '2013-01-09 21:08:22'),
(453, 1, 'browse', '2013-01-09 21:08:28'),
(454, 1, 'home', '2013-01-10 10:04:17'),
(455, 1, 'map', '2013-01-10 10:04:29'),
(456, 1, 'home', '2013-01-10 10:04:52'),
(457, 1, 'reset', '2013-01-10 10:04:53'),
(458, 1, 'browse', '2013-01-10 10:04:57'),
(459, 1, 'browse', '2013-01-10 10:05:02'),
(460, 1, 'reset', '2013-01-10 10:06:13'),
(461, 1, 'home', '2013-01-10 10:06:17'),
(462, 1, 'home', '2013-01-10 10:21:57'),
(463, 1, 'home', '2013-01-10 12:45:29'),
(464, 1, 'home', '2013-01-10 12:58:38'),
(465, 1, 'registration_q', '2013-01-10 14:07:06'),
(466, 1, 'home', '2013-01-10 14:57:56'),
(467, 1, 'home', '2013-01-10 15:29:34'),
(468, 1, 'browse', '2013-01-10 17:45:12'),
(469, 1, 'browse', '2013-01-10 17:45:12'),
(470, 1, 'home', '2013-01-10 21:59:24'),
(471, 1, 'home', '2013-01-10 21:59:24'),
(472, 1, 'home', '2013-01-10 23:16:41'),
(473, 1, 'browse', '2013-01-10 23:17:10'),
(474, 1, 'browse', '2013-01-10 23:17:14'),
(475, 1, 'home', '2013-01-11 10:14:19'),
(476, 1, 'login', '2013-01-11 11:31:56'),
(477, 9, 'login', '2013-01-11 11:31:57'),
(478, 1, 'home', '2013-01-11 11:44:26'),
(479, 1, 'home', '2013-01-11 11:46:00'),
(480, 1, 'home', '2013-01-11 11:46:03'),
(481, 9, 'browse', '2013-01-11 12:10:40'),
(482, 9, 'browse', '2013-01-11 12:10:43'),
(483, 1, 'home', '2013-01-11 14:44:53'),
(484, 1, 'browse', '2013-01-11 15:27:07'),
(485, 1, 'browse', '2013-01-11 15:27:09'),
(486, 1, 'browse', '2013-01-11 15:27:14'),
(487, 1, 'home', '2013-01-11 16:10:06'),
(488, 1, 'registration_q', '2013-01-11 16:10:10'),
(489, 1, 'home', '2013-01-11 17:24:09'),
(490, 1, 'registration_q', '2013-01-11 17:24:16'),
(491, 1, 'login', '2013-01-11 17:24:56'),
(492, 1, 'registration_q', '2013-01-11 17:24:59'),
(493, 1, 'registration_q', '2013-01-11 17:25:35'),
(494, 1, 'home', '2013-01-11 17:25:54'),
(495, 1, 'home', '2013-01-11 17:26:11'),
(496, 1, 'login', '2013-01-11 17:26:27'),
(497, 32, 'login', '2013-01-11 17:26:27'),
(498, 32, 'account', '2013-01-11 17:26:32'),
(499, 32, 'browse', '2013-01-11 17:26:36'),
(500, 32, 'add', '2013-01-11 17:26:40'),
(501, 1, 'reset', '2013-01-11 18:25:40'),
(502, 1, 'home', '2013-01-12 00:45:47'),
(503, 1, 'home', '2013-01-12 00:45:47'),
(504, 1, 'home', '2013-01-12 03:36:49'),
(505, 1, 'home', '2013-01-12 05:43:24'),
(506, 1, 'home', '2013-01-12 13:37:30'),
(507, 1, 'registration_q', '2013-01-12 13:37:37'),
(508, 1, 'registration_q', '2013-01-12 13:47:18'),
(509, 1, 'home', '2013-01-12 13:49:00'),
(510, 1, 'login', '2013-01-12 13:49:12'),
(511, 33, 'login', '2013-01-12 13:49:13'),
(512, 33, 'add', '2013-01-12 13:49:24'),
(513, 33, 'edit', '2013-01-12 13:50:39'),
(514, 33, 'browse', '2013-01-12 13:50:45'),
(515, 33, 'browse', '2013-01-12 13:50:47'),
(516, 33, 'browse', '2013-01-12 13:51:00'),
(517, 33, 'browse', '2013-01-12 13:51:36'),
(518, 33, 'browse', '2013-01-12 13:51:46'),
(519, 33, 'browse', '2013-01-12 13:54:11'),
(520, 33, 'add', '2013-01-12 13:58:11'),
(521, 33, 'browse', '2013-01-12 14:01:18'),
(522, 33, 'browse', '2013-01-12 14:01:19'),
(523, 33, 'browse', '2013-01-12 14:01:41'),
(524, 33, 'browse', '2013-01-12 14:01:57'),
(525, 33, 'browse', '2013-01-12 14:02:02'),
(526, 33, 'browse', '2013-01-12 14:03:27'),
(527, 33, 'browse', '2013-01-12 14:03:32'),
(528, 33, 'browse', '2013-01-12 14:03:37'),
(529, 33, 'browse', '2013-01-12 14:03:44'),
(530, 33, 'browse', '2013-01-12 14:07:03'),
(531, 33, 'browse', '2013-01-12 14:07:09'),
(532, 33, 'browse', '2013-01-12 14:07:35'),
(533, 33, 'browse', '2013-01-12 14:07:43'),
(534, 33, 'browse', '2013-01-12 14:13:24'),
(535, 33, 'add', '2013-01-12 14:17:19'),
(536, 33, 'logout', '2013-01-12 14:53:46'),
(537, 1, 'home', '2013-01-12 14:53:46'),
(538, 1, 'home', '2013-01-12 15:07:50'),
(539, 1, 'map', '2013-01-12 15:08:08'),
(540, 1, 'browse', '2013-01-12 15:09:27'),
(541, 1, 'browse', '2013-01-12 15:09:32'),
(542, 1, 'browse', '2013-01-12 15:09:44'),
(543, 1, 'browse', '2013-01-12 15:09:56'),
(544, 1, 'browse', '2013-01-12 15:09:58'),
(545, 1, 'browse', '2013-01-12 15:10:27'),
(546, 1, 'reset', '2013-01-12 19:13:46'),
(547, 1, 'home', '2013-01-12 19:13:55'),
(548, 1, 'home', '2013-01-12 21:43:08'),
(549, 1, 'browse', '2013-01-12 21:43:15'),
(550, 1, 'map', '2013-01-12 21:43:16'),
(551, 1, 'registration_q', '2013-01-12 21:47:36'),
(552, 1, 'login', '2013-01-12 21:48:24'),
(553, 1, 'registration_q', '2013-01-12 21:48:33'),
(554, 1, 'registration_q', '2013-01-12 21:48:56'),
(555, 1, 'login', '2013-01-12 21:49:18'),
(556, 34, 'login', '2013-01-12 21:49:19'),
(557, 34, 'add', '2013-01-12 21:49:22'),
(558, 34, 'home', '2013-01-12 21:55:06'),
(559, 34, 'home', '2013-01-12 21:55:15'),
(560, 34, 'home', '2013-01-12 21:55:19'),
(561, 34, 'browse', '2013-01-12 21:55:21'),
(562, 34, 'browse', '2013-01-12 21:55:24'),
(563, 34, 'browse', '2013-01-12 21:55:32'),
(564, 34, 'map', '2013-01-12 21:59:34'),
(565, 34, 'add', '2013-01-12 22:02:21'),
(566, 1, 'map', '2013-01-12 22:53:01'),
(567, 1, 'map', '2013-01-12 22:53:01'),
(568, 1, 'home', '2013-01-13 00:39:18'),
(569, 1, 'map', '2013-01-13 03:01:15'),
(570, 1, 'map', '2013-01-13 03:01:15'),
(571, 1, 'home', '2013-01-13 03:43:03'),
(572, 1, 'home', '2013-01-13 03:49:20'),
(573, 1, 'home', '2013-01-13 03:55:11'),
(574, 1, 'home', '2013-01-13 05:49:00'),
(575, 1, 'home', '2013-01-13 05:49:00'),
(576, 1, 'browse', '2013-01-13 11:36:55'),
(577, 1, 'browse', '2013-01-13 11:36:56'),
(578, 1, 'home', '2013-01-13 13:15:12'),
(579, 1, 'home', '2013-01-13 13:22:14'),
(580, 1, 'home', '2013-01-13 16:09:22'),
(581, 1, 'home', '2013-01-13 17:54:31'),
(582, 1, 'home', '2013-01-13 17:54:31'),
(583, 1, 'home', '2013-01-13 23:08:55'),
(584, 1, 'home', '2013-01-13 23:37:19'),
(585, 1, 'home', '2013-01-14 05:06:40'),
(586, 1, 'home', '2013-01-14 10:00:49'),
(587, 1, 'home', '2013-01-14 12:48:54'),
(588, 1, 'registration_q', '2013-01-14 12:49:02'),
(589, 1, 'login', '2013-01-14 12:49:55'),
(590, 1, 'registration_q', '2013-01-14 12:50:02'),
(591, 1, 'login', '2013-01-14 12:50:32'),
(592, 1, 'registration_q', '2013-01-14 12:50:38'),
(593, 1, 'login', '2013-01-14 12:51:16'),
(594, 1, 'registration_q', '2013-01-14 12:52:08'),
(595, 1, 'registration_q', '2013-01-14 12:52:32'),
(596, 1, 'browse', '2013-01-14 12:52:46'),
(597, 1, 'browse', '2013-01-14 12:52:54'),
(598, 1, 'home', '2013-01-14 13:29:49'),
(599, 1, 'map', '2013-01-14 13:29:50'),
(600, 1, 'home', '2013-01-14 13:29:50'),
(601, 1, 'browse', '2013-01-14 13:29:50'),
(602, 1, 'browse', '2013-01-14 14:02:17'),
(603, 1, 'browse', '2013-01-14 14:02:52'),
(604, 1, 'home', '2013-01-14 16:54:31'),
(605, 1, 'home', '2013-01-14 18:16:47'),
(606, 1, 'login', '2013-01-14 18:17:04'),
(607, 33, 'login', '2013-01-14 18:17:04'),
(608, 33, 'browse', '2013-01-14 18:17:08'),
(609, 33, 'browse', '2013-01-14 18:17:13'),
(610, 33, 'browse', '2013-01-14 18:22:58'),
(611, 33, 'browse', '2013-01-14 18:23:34'),
(612, 1, 'home', '2013-01-14 18:33:03'),
(613, 33, 'browse', '2013-01-14 18:35:21'),
(614, 33, 'browse', '2013-01-14 18:42:10'),
(615, 1, 'registration_q', '2013-01-14 18:46:04'),
(616, 1, 'home', '2013-01-14 19:05:23'),
(617, 1, 'login', '2013-01-14 19:05:37'),
(618, 33, 'login', '2013-01-14 19:05:37'),
(619, 33, 'browse', '2013-01-14 19:05:40'),
(620, 33, 'browse', '2013-01-14 19:05:55'),
(621, 33, 'browse', '2013-01-14 19:05:57'),
(622, 33, 'browse', '2013-01-14 19:06:01'),
(623, 33, 'browse', '2013-01-14 19:06:01'),
(624, 33, 'browse', '2013-01-14 19:06:09'),
(625, 33, 'add', '2013-01-14 19:06:09'),
(626, 33, 'browse', '2013-01-14 19:06:11'),
(627, 33, 'browse', '2013-01-14 19:06:14'),
(628, 33, 'add', '2013-01-14 19:08:38'),
(629, 33, 'browse', '2013-01-14 19:17:02'),
(630, 33, 'browse', '2013-01-14 19:17:26'),
(631, 33, 'browse', '2013-01-14 19:25:14'),
(632, 33, 'browse', '2013-01-14 19:25:34'),
(633, 33, 'browse', '2013-01-14 19:25:38'),
(634, 1, 'home', '2013-01-14 19:45:00'),
(635, 33, 'add', '2013-01-14 19:49:10'),
(636, 33, 'add', '2013-01-14 19:49:49'),
(637, 33, 'browse', '2013-01-14 19:49:53'),
(638, 33, 'browse', '2013-01-14 19:50:18'),
(639, 33, 'add', '2013-01-14 20:04:41'),
(640, 33, 'browse', '2013-01-14 20:17:35'),
(641, 33, 'browse', '2013-01-14 20:17:56'),
(642, 33, 'browse', '2013-01-14 20:19:10'),
(643, 33, 'browse', '2013-01-14 20:19:17'),
(644, 33, 'browse', '2013-01-14 20:28:00'),
(645, 33, 'browse', '2013-01-14 20:28:20'),
(646, 33, 'browse', '2013-01-14 20:29:10'),
(647, 33, 'browse', '2013-01-14 20:29:15'),
(648, 33, 'browse', '2013-01-14 20:29:19'),
(649, 33, 'browse', '2013-01-14 20:29:58'),
(650, 33, 'add', '2013-01-14 20:30:24'),
(651, 33, 'logout', '2013-01-14 20:35:41'),
(652, 1, 'home', '2013-01-14 20:35:42'),
(653, 1, 'home', '2013-01-14 22:18:48'),
(654, 1, 'browse', '2013-01-14 22:19:12'),
(655, 1, 'browse', '2013-01-14 22:19:23'),
(656, 1, 'browse', '2013-01-14 23:02:27'),
(657, 1, 'browse', '2013-01-14 23:12:37'),
(658, 1, 'browse', '2013-01-14 23:12:38'),
(659, 1, 'browse', '2013-01-14 23:12:38'),
(660, 1, 'browse', '2013-01-14 23:12:38'),
(661, 1, 'browse', '2013-01-14 23:12:39'),
(662, 1, 'browse', '2013-01-14 23:12:45'),
(663, 1, 'browse', '2013-01-14 23:54:46'),
(664, 1, 'home', '2013-01-14 23:54:50'),
(665, 1, 'browse', '2013-01-14 23:55:13'),
(666, 1, 'browse', '2013-01-14 23:55:18'),
(667, 1, 'browse', '2013-01-15 00:05:03'),
(668, 1, 'browse', '2013-01-15 00:05:03'),
(669, 1, 'home', '2013-01-15 00:05:10'),
(670, 1, 'browse', '2013-01-15 00:05:13'),
(671, 1, 'browse', '2013-01-15 00:05:17'),
(672, 1, 'browse', '2013-01-15 00:05:26'),
(673, 1, 'browse', '2013-01-15 00:05:33'),
(674, 1, 'browse', '2013-01-15 00:07:29'),
(675, 1, 'browse', '2013-01-15 00:07:59'),
(676, 1, 'browse', '2013-01-15 00:08:33'),
(677, 1, 'browse', '2013-01-15 00:08:44'),
(678, 1, 'browse', '2013-01-15 00:08:57'),
(679, 1, 'browse', '2013-01-15 00:09:10'),
(680, 1, 'browse', '2013-01-15 00:31:20'),
(681, 1, 'browse', '2013-01-15 00:37:23'),
(682, 1, 'browse', '2013-01-15 00:42:52'),
(683, 1, 'browse', '2013-01-15 00:43:03'),
(684, 1, 'home', '2013-01-15 05:56:12'),
(685, 1, 'home', '2013-01-15 10:09:36'),
(686, 1, 'home', '2013-01-15 10:29:14'),
(687, 1, 'login', '2013-01-15 10:29:34'),
(688, 32, 'login', '2013-01-15 10:29:34'),
(689, 32, 'browse', '2013-01-15 10:29:40'),
(690, 32, 'browse', '2013-01-15 10:29:43'),
(691, 32, 'home', '2013-01-15 10:43:41'),
(692, 32, 'home', '2013-01-15 10:46:13'),
(693, 1, 'home', '2013-01-15 10:48:55'),
(694, 1, 'map', '2013-01-15 10:48:56'),
(695, 1, 'home', '2013-01-15 10:48:56'),
(696, 1, 'browse', '2013-01-15 10:48:56'),
(697, 32, 'browse', '2013-01-15 10:49:11'),
(698, 32, 'browse', '2013-01-15 10:49:14'),
(699, 32, 'browse', '2013-01-15 10:54:41'),
(700, 32, 'browse', '2013-01-15 10:54:44'),
(701, 32, 'browse', '2013-01-15 10:54:46'),
(702, 32, 'browse', '2013-01-15 10:54:48'),
(703, 1, 'home', '2013-01-15 11:16:09'),
(704, 1, 'login', '2013-01-15 11:16:11'),
(705, 3, 'login', '2013-01-15 11:16:12'),
(706, 3, 'browse', '2013-01-15 11:16:13'),
(707, 3, 'browse', '2013-01-15 11:16:14'),
(708, 3, 'add', '2013-01-15 11:21:22'),
(709, 3, 'add', '2013-01-15 11:21:23'),
(710, 3, 'add', '2013-01-15 11:21:32'),
(711, 3, 'add', '2013-01-15 11:21:34'),
(712, 3, 'edit', '2013-01-15 11:21:57'),
(713, 3, 'edit', '2013-01-15 11:21:59'),
(714, 3, 'add', '2013-01-15 11:22:01'),
(715, 3, 'edit', '2013-01-15 11:22:35'),
(716, 3, 'edit', '2013-01-15 11:22:38'),
(717, 3, 'edit', '2013-01-15 11:23:08'),
(718, 3, 'edit', '2013-01-15 11:23:11'),
(719, 3, 'edit', '2013-01-15 11:24:38'),
(720, 3, 'edit', '2013-01-15 11:24:40'),
(721, 3, 'add', '2013-01-15 11:26:40'),
(722, 1, 'home', '2013-01-15 11:27:19'),
(723, 1, 'login', '2013-01-15 11:27:27'),
(724, 33, 'login', '2013-01-15 11:27:27'),
(725, 33, 'browse', '2013-01-15 11:27:31'),
(726, 33, 'browse', '2013-01-15 11:27:48'),
(727, 33, 'browse', '2013-01-15 11:27:55'),
(728, 3, 'browse', '2013-01-15 11:31:16'),
(729, 3, 'browse', '2013-01-15 11:31:17'),
(730, 3, 'browse', '2013-01-15 11:31:34'),
(731, 3, 'add', '2013-01-15 11:31:48'),
(732, 32, 'browse', '2013-01-15 11:33:32'),
(733, 32, 'browse', '2013-01-15 11:33:36'),
(734, 33, 'browse', '2013-01-15 11:39:22'),
(735, 33, 'browse', '2013-01-15 11:41:28'),
(736, 33, 'browse', '2013-01-15 11:41:34'),
(737, 33, 'browse', '2013-01-15 11:51:18'),
(738, 33, 'browse', '2013-01-15 12:01:02'),
(739, 33, 'browse', '2013-01-15 12:01:09'),
(740, 33, 'browse', '2013-01-15 12:06:22'),
(741, 33, 'browse', '2013-01-15 12:06:58'),
(742, 33, 'browse', '2013-01-15 12:11:38'),
(743, 33, 'browse', '2013-01-15 12:14:44'),
(744, 33, 'browse', '2013-01-15 12:17:24'),
(745, 33, 'browse', '2013-01-15 12:25:45'),
(746, 33, 'browse', '2013-01-15 12:27:51'),
(747, 33, 'browse', '2013-01-15 12:28:46'),
(748, 33, 'browse', '2013-01-15 12:29:40'),
(749, 33, 'browse', '2013-01-15 12:31:07'),
(750, 33, 'browse', '2013-01-15 12:31:13'),
(751, 33, 'browse', '2013-01-15 12:34:36'),
(752, 33, 'browse', '2013-01-15 12:34:42'),
(753, 33, 'browse', '2013-01-15 12:45:20'),
(754, 33, 'browse', '2013-01-15 12:45:24'),
(755, 33, 'browse', '2013-01-15 12:45:35'),
(756, 33, 'browse', '2013-01-15 12:45:51'),
(757, 33, 'browse', '2013-01-15 12:47:35'),
(758, 33, 'browse', '2013-01-15 12:47:43'),
(759, 33, 'browse', '2013-01-15 12:47:50'),
(760, 33, 'browse', '2013-01-15 12:48:20'),
(761, 33, 'browse', '2013-01-15 12:48:55'),
(762, 33, 'browse', '2013-01-15 12:49:01'),
(763, 33, 'browse', '2013-01-15 12:49:08'),
(764, 33, 'browse', '2013-01-15 13:07:51'),
(765, 33, 'browse', '2013-01-15 13:07:59'),
(766, 33, 'browse', '2013-01-15 13:17:26'),
(767, 33, 'browse', '2013-01-15 13:17:51'),
(768, 33, 'browse', '2013-01-15 13:17:56'),
(769, 33, 'browse', '2013-01-15 13:23:34'),
(770, 33, 'browse', '2013-01-15 13:23:52'),
(771, 33, 'browse', '2013-01-15 13:23:55'),
(772, 1, 'home', '2013-01-15 13:44:26'),
(773, 1, 'registration_q', '2013-01-15 13:44:33'),
(774, 1, 'registration_q', '2013-01-15 13:46:33'),
(775, 1, 'registration_q', '2013-01-15 13:46:34'),
(776, 1, 'registration_q', '2013-01-15 13:47:03'),
(777, 1, 'browse', '2013-01-15 13:47:22'),
(778, 1, 'browse', '2013-01-15 13:47:28'),
(779, 1, 'map', '2013-01-15 14:13:37'),
(780, 3, 'home', '2013-01-15 14:24:50'),
(781, 3, 'account', '2013-01-15 14:24:53'),
(782, 3, 'home', '2013-01-15 14:24:57'),
(783, 1, 'home', '2013-01-15 14:26:44'),
(784, 1, 'login', '2013-01-15 14:26:46'),
(785, 6, 'login', '2013-01-15 14:26:46'),
(786, 6, 'account', '2013-01-15 14:26:50'),
(787, 1, 'home', '2013-01-15 14:30:31'),
(788, 1, 'home', '2013-01-15 14:35:09'),
(789, 1, 'browse', '2013-01-15 14:35:13'),
(790, 1, 'browse', '2013-01-15 14:35:17'),
(791, 1, 'home', '2013-01-15 15:57:45'),
(792, 1, 'login', '2013-01-15 15:59:01'),
(793, 1, 'home', '2013-01-15 15:59:03'),
(794, 1, 'login', '2013-01-15 15:59:11'),
(795, 36, 'login', '2013-01-15 15:59:12'),
(796, 36, 'account', '2013-01-15 15:59:18'),
(797, 36, 'account', '2013-01-15 15:59:29'),
(798, 1, 'home', '2013-01-15 16:24:10'),
(799, 1, 'registration_q', '2013-01-15 16:24:14'),
(800, 1, 'registration_q', '2013-01-15 16:25:00'),
(801, 1, 'home', '2013-01-15 16:25:40'),
(802, 1, 'login', '2013-01-15 16:25:50'),
(803, 37, 'login', '2013-01-15 16:25:50'),
(804, 37, 'map', '2013-01-15 16:26:02'),
(805, 37, 'browse', '2013-01-15 16:26:06'),
(806, 37, 'browse', '2013-01-15 16:26:08'),
(807, 37, 'add', '2013-01-15 17:32:39'),
(808, 37, 'map', '2013-01-15 17:34:10'),
(809, 37, 'browse', '2013-01-15 17:34:12'),
(810, 37, 'browse', '2013-01-15 17:34:14'),
(811, 37, 'edit', '2013-01-15 17:39:30'),
(812, 37, 'add', '2013-01-15 17:39:34'),
(813, 37, 'edit', '2013-01-15 17:39:41'),
(814, 37, 'browse', '2013-01-15 17:39:44'),
(815, 37, 'browse', '2013-01-15 17:39:48'),
(816, 37, 'browse', '2013-01-15 17:39:51'),
(817, 37, 'add', '2013-01-15 17:40:48'),
(818, 37, 'edit', '2013-01-15 17:41:07'),
(819, 37, 'map', '2013-01-15 17:41:08'),
(820, 37, 'browse', '2013-01-15 17:43:15'),
(821, 37, 'browse', '2013-01-15 17:43:20'),
(822, 37, 'add', '2013-01-15 17:43:59'),
(823, 37, 'browse', '2013-01-15 17:45:32'),
(824, 37, 'browse', '2013-01-15 17:45:35'),
(825, 37, 'add', '2013-01-15 17:56:22'),
(826, 1, 'browse', '2013-01-15 18:27:22'),
(827, 1, 'browse', '2013-01-15 18:28:47'),
(828, 1, 'browse', '2013-01-15 19:44:02'),
(829, 1, 'browse', '2013-01-15 19:44:29'),
(830, 1, 'browse', '2013-01-15 19:45:03'),
(831, 1, 'home', '2013-01-15 23:23:44'),
(832, 1, 'login', '2013-01-15 23:23:49'),
(833, 33, 'login', '2013-01-15 23:23:49'),
(834, 33, 'browse', '2013-01-15 23:23:51'),
(835, 33, 'browse', '2013-01-15 23:23:54'),
(836, 33, 'browse', '2013-01-15 23:24:15'),
(837, 33, 'browse', '2013-01-15 23:24:23'),
(838, 33, 'browse', '2013-01-15 23:28:48'),
(839, 33, 'browse', '2013-01-15 23:29:05'),
(840, 33, 'browse', '2013-01-15 23:29:12'),
(841, 33, 'browse', '2013-01-15 23:34:20'),
(842, 33, 'browse', '2013-01-15 23:34:25'),
(843, 1, 'home', '2013-01-15 23:40:58'),
(844, 33, 'browse', '2013-01-15 23:57:19'),
(845, 33, 'browse', '2013-01-15 23:58:17'),
(846, 33, 'browse', '2013-01-15 23:58:23'),
(847, 33, 'browse', '2013-01-16 00:18:34'),
(848, 33, 'browse', '2013-01-16 00:29:40'),
(849, 33, 'browse', '2013-01-16 00:32:39'),
(850, 33, 'browse', '2013-01-16 00:48:55'),
(851, 33, 'browse', '2013-01-16 00:49:05'),
(852, 33, 'browse', '2013-01-16 00:55:14'),
(853, 33, 'browse', '2013-01-16 01:05:32'),
(854, 33, 'browse', '2013-01-16 01:05:54'),
(855, 1, 'home', '2013-01-16 06:12:16'),
(856, 1, 'map', '2013-01-16 06:12:16'),
(857, 1, 'home', '2013-01-16 06:12:16'),
(858, 1, 'browse', '2013-01-16 06:12:17'),
(859, 1, 'home', '2013-01-16 08:35:27'),
(860, 1, 'home', '2013-01-16 09:48:16'),
(861, 1, 'home', '2013-01-16 10:14:50'),
(862, 1, 'home', '2013-01-16 10:23:16'),
(863, 1, 'browse', '2013-01-16 10:23:19'),
(864, 1, 'browse', '2013-01-16 15:16:50'),
(865, 1, 'home', '2013-01-16 17:01:35'),
(866, 1, 'home', '2013-01-16 17:34:57'),
(867, 1, 'home', '2013-01-16 17:34:57'),
(868, 1, 'home', '2013-01-16 20:28:17'),
(869, 1, 'home', '2013-01-16 21:06:21'),
(870, 1, 'home', '2013-01-16 21:06:26'),
(871, 1, 'registration_q', '2013-01-16 21:06:48'),
(872, 1, 'registration_q', '2013-01-16 21:07:50'),
(873, 1, 'browse', '2013-01-16 21:10:29'),
(874, 1, 'browse', '2013-01-16 21:10:32'),
(875, 1, 'browse', '2013-01-16 21:50:50'),
(876, 1, 'home', '2013-01-17 04:08:42'),
(877, 1, 'browse', '2013-01-17 10:19:37'),
(878, 6, 'home', '2013-01-17 15:06:01'),
(879, 6, 'browse', '2013-01-17 15:06:07'),
(880, 6, 'browse', '2013-01-17 15:06:08'),
(881, 6, 'browse', '2013-01-17 15:13:31'),
(882, 6, 'browse', '2013-01-17 15:16:51'),
(883, 6, 'browse', '2013-01-17 15:17:04'),
(884, 1, 'browse', '2013-01-17 15:22:02'),
(885, 1, 'home', '2013-01-17 18:03:16'),
(886, 1, 'login', '2013-01-17 18:03:26'),
(887, 1, 'login', '2013-01-17 18:03:36'),
(888, 33, 'login', '2013-01-17 18:03:37'),
(889, 33, 'browse', '2013-01-17 18:03:40'),
(890, 33, 'browse', '2013-01-17 18:03:51'),
(891, 1, 'reset', '2013-01-17 20:21:45'),
(892, 1, 'home', '2013-01-17 21:10:43'),
(893, 1, 'login', '2013-01-17 21:10:48'),
(894, 33, 'login', '2013-01-17 21:10:48'),
(895, 33, 'browse', '2013-01-17 21:10:50'),
(896, 33, 'browse', '2013-01-17 21:10:52'),
(897, 33, 'browse', '2013-01-17 23:50:30'),
(898, 33, 'browse', '2013-01-17 23:50:37'),
(899, 33, 'home', '2013-01-17 23:50:38'),
(900, 33, 'browse', '2013-01-17 23:50:40'),
(901, 33, 'browse', '2013-01-17 23:50:42'),
(902, 1, 'home', '2013-01-18 00:27:18'),
(903, 1, 'login', '2013-01-18 00:27:23'),
(904, 33, 'login', '2013-01-18 00:27:23'),
(905, 33, 'browse', '2013-01-18 00:27:25'),
(906, 33, 'browse', '2013-01-18 00:27:27'),
(907, 1, 'map', '2013-01-18 02:28:26'),
(908, 1, 'map', '2013-01-18 02:28:26'),
(909, 1, 'browse', '2013-01-18 10:45:42'),
(910, 1, 'home', '2013-01-18 12:10:53'),
(911, 1, 'browse', '2013-01-18 12:14:54'),
(912, 1, 'browse', '2013-01-18 12:14:58'),
(913, 1, 'browse', '2013-01-18 12:38:45'),
(914, 1, 'home', '2013-01-18 12:46:38'),
(915, 1, 'map', '2013-01-18 12:46:50'),
(916, 1, 'browse', '2013-01-18 12:46:54'),
(917, 1, 'browse', '2013-01-18 12:46:58'),
(918, 1, 'login', '2013-01-18 13:17:01'),
(919, 38, 'login', '2013-01-18 13:17:01'),
(920, 38, 'add', '2013-01-18 13:17:07'),
(921, 1, 'home', '2013-01-18 14:31:41'),
(922, 1, 'home', '2013-01-18 15:10:28'),
(923, 1, 'home', '2013-01-18 15:10:29'),
(924, 1, 'login', '2013-01-18 15:10:33'),
(925, 32, 'login', '2013-01-18 15:10:33'),
(926, 32, 'browse', '2013-01-18 15:10:36'),
(927, 32, 'browse', '2013-01-18 15:10:39'),
(928, 32, 'browse', '2013-01-18 15:10:46'),
(929, 32, 'browse', '2013-01-18 15:10:59'),
(930, 32, 'browse', '2013-01-18 15:11:03'),
(931, 32, 'browse', '2013-01-18 15:11:06'),
(932, 32, 'browse', '2013-01-18 15:36:00'),
(933, 1, 'home', '2013-01-18 23:15:33'),
(934, 1, 'browse', '2013-01-18 23:15:38'),
(935, 1, 'browse', '2013-01-18 23:15:42'),
(936, 1, 'browse', '2013-01-18 23:19:34'),
(937, 1, 'browse', '2013-01-18 23:20:24'),
(938, 1, 'browse', '2013-01-18 23:21:05'),
(939, 1, 'map', '2013-01-18 23:21:14'),
(940, 1, 'browse', '2013-01-18 23:21:16'),
(941, 1, 'browse', '2013-01-18 23:21:20'),
(942, 1, 'browse', '2013-01-18 23:21:26'),
(943, 1, 'home', '2013-01-18 23:31:02'),
(944, 1, 'browse', '2013-01-18 23:31:05'),
(945, 1, 'browse', '2013-01-18 23:31:07'),
(946, 1, 'home', '2013-01-18 23:50:51'),
(947, 1, 'login', '2013-01-18 23:50:58'),
(948, 33, 'login', '2013-01-18 23:50:59'),
(949, 33, 'browse', '2013-01-18 23:51:02'),
(950, 33, 'browse', '2013-01-18 23:51:03'),
(951, 1, 'browse', '2013-01-19 01:08:50'),
(952, 1, 'browse', '2013-01-19 01:08:54'),
(953, 1, 'home', '2013-01-19 10:40:57'),
(954, 1, 'home', '2013-01-19 10:40:57'),
(955, 1, 'map', '2013-01-19 15:24:59'),
(956, 1, 'home', '2013-01-19 19:30:23'),
(957, 1, 'home', '2013-01-19 19:30:23'),
(958, 1, 'home', '2013-01-19 19:41:55'),
(959, 1, 'home', '2013-01-19 19:41:55'),
(960, 1, 'browse', '2013-01-19 22:41:04'),
(961, 1, 'browse', '2013-01-19 22:41:05'),
(962, 1, 'map', '2013-01-20 01:54:17'),
(963, 1, 'map', '2013-01-20 01:54:17'),
(964, 1, 'browse', '2013-01-20 07:46:24'),
(965, 1, 'browse', '2013-01-20 07:46:24'),
(966, 1, 'home', '2013-01-20 10:07:45'),
(967, 1, 'home', '2013-01-20 10:07:45'),
(968, 1, 'home', '2013-01-20 11:58:46'),
(969, 1, 'home', '2013-01-20 11:58:46'),
(970, 1, 'browse', '2013-01-20 12:48:37'),
(971, 1, 'browse', '2013-01-20 12:48:37'),
(972, 1, 'home', '2013-01-20 13:16:38'),
(973, 1, 'browse', '2013-01-20 13:17:25'),
(974, 1, 'browse', '2013-01-20 13:17:29'),
(975, 1, 'browse', '2013-01-20 13:18:24'),
(976, 1, 'browse', '2013-01-20 13:35:33'),
(977, 1, 'map', '2013-01-20 13:41:36'),
(978, 1, 'map', '2013-01-20 13:41:37'),
(979, 1, 'browse', '2013-01-20 14:19:59'),
(980, 1, 'registration_q', '2013-01-20 14:21:15'),
(981, 1, 'browse', '2013-01-20 15:22:10'),
(982, 1, 'home', '2013-01-20 15:48:43'),
(983, 1, 'home', '2013-01-20 15:48:43'),
(984, 1, 'map', '2013-01-20 16:04:26'),
(985, 1, 'map', '2013-01-20 16:04:26'),
(986, 1, 'home', '2013-01-20 16:17:41'),
(987, 1, 'map', '2013-01-20 16:17:41'),
(988, 1, 'home', '2013-01-20 16:17:41'),
(989, 1, 'browse', '2013-01-20 16:17:41'),
(990, 1, 'browse', '2013-01-20 16:55:09'),
(991, 1, 'browse', '2013-01-20 17:00:53'),
(992, 1, 'browse', '2013-01-20 17:55:31'),
(993, 1, 'browse', '2013-01-20 18:54:30'),
(994, 1, 'home', '2013-01-20 19:06:40'),
(995, 1, 'map', '2013-01-20 19:06:43'),
(996, 1, 'browse', '2013-01-20 19:06:45'),
(997, 1, 'browse', '2013-01-20 19:06:48'),
(998, 1, 'login', '2013-01-20 19:24:32'),
(999, 37, 'login', '2013-01-20 19:24:33'),
(1000, 37, 'add', '2013-01-20 19:24:35'),
(1001, 37, 'home', '2013-01-20 19:25:20'),
(1002, 37, 'browse', '2013-01-20 19:25:23'),
(1003, 37, 'browse', '2013-01-20 19:25:26'),
(1004, 37, 'home', '2013-01-20 19:27:46'),
(1005, 37, 'browse', '2013-01-20 19:27:50'),
(1006, 37, 'browse', '2013-01-20 19:27:54'),
(1007, 1, 'home', '2013-01-21 00:30:13'),
(1008, 1, 'browse', '2013-01-21 01:13:06'),
(1009, 1, 'browse', '2013-01-21 01:13:06'),
(1010, 1, 'home', '2013-01-21 02:28:26'),
(1011, 1, 'home', '2013-01-21 02:38:04'),
(1012, 1, 'home', '2013-01-21 05:42:03'),
(1013, 1, 'browse', '2013-01-21 06:02:17'),
(1014, 1, 'browse', '2013-01-21 06:02:17'),
(1015, 1, 'home', '2013-01-21 08:26:17'),
(1016, 1, 'home', '2013-01-21 08:26:17'),
(1017, 1, 'home', '2013-01-21 10:06:55'),
(1018, 1, 'browse', '2013-01-21 10:11:26'),
(1019, 1, 'browse', '2013-01-21 10:39:55'),
(1020, 1, 'browse', '2013-01-21 10:47:05'),
(1021, 1, 'browse', '2013-01-21 10:56:14'),
(1022, 1, 'browse', '2013-01-21 11:04:08'),
(1023, 1, 'home', '2013-01-21 11:22:40'),
(1024, 1, 'browse', '2013-01-21 11:22:43'),
(1025, 1, 'browse', '2013-01-21 11:22:44'),
(1026, 1, 'home', '2013-01-21 11:38:22'),
(1027, 1, 'map', '2013-01-21 11:38:24'),
(1028, 1, 'home', '2013-01-21 12:29:13'),
(1029, 1, 'home', '2013-01-21 12:43:35'),
(1030, 1, 'map', '2013-01-21 12:43:47'),
(1031, 1, 'browse', '2013-01-21 12:43:49'),
(1032, 1, 'browse', '2013-01-21 12:43:53'),
(1033, 1, 'browse', '2013-01-21 12:55:28'),
(1034, 1, 'browse', '2013-01-21 13:31:24'),
(1035, 1, 'home', '2013-01-21 13:44:54'),
(1036, 1, 'login', '2013-01-21 13:44:57'),
(1037, 6, 'login', '2013-01-21 13:44:58'),
(1038, 6, 'browse', '2013-01-21 13:44:59'),
(1039, 6, 'browse', '2013-01-21 13:45:00'),
(1040, 1, 'home', '2013-01-21 13:54:00'),
(1041, 1, 'home', '2013-01-21 13:56:02'),
(1042, 1, 'login', '2013-01-21 13:56:19'),
(1043, 36, 'login', '2013-01-21 13:56:19'),
(1044, 36, 'browse', '2013-01-21 13:56:30'),
(1045, 36, 'browse', '2013-01-21 13:56:34'),
(1046, 36, 'browse', '2013-01-21 13:57:13'),
(1047, 1, 'browse', '2013-01-21 13:58:17'),
(1048, 36, 'browse', '2013-01-21 14:00:52'),
(1049, 36, 'browse', '2013-01-21 14:04:56'),
(1050, 6, 'home', '2013-01-21 14:06:57'),
(1051, 36, 'browse', '2013-01-21 14:09:01'),
(1052, 36, 'browse', '2013-01-21 14:12:30'),
(1053, 1, 'browse', '2013-01-21 14:21:37'),
(1054, 36, 'browse', '2013-01-21 14:25:29'),
(1055, 36, 'browse', '2013-01-21 14:36:01'),
(1056, 36, 'browse', '2013-01-21 14:44:48'),
(1057, 36, 'browse', '2013-01-21 14:55:57'),
(1058, 36, 'browse', '2013-01-21 14:56:08'),
(1059, 36, 'browse', '2013-01-21 15:04:34'),
(1060, 36, 'browse', '2013-01-21 15:12:37'),
(1061, 36, 'browse', '2013-01-21 15:12:48'),
(1062, 36, 'browse', '2013-01-21 15:15:16'),
(1063, 1, 'home', '2013-01-21 15:57:01'),
(1064, 1, 'browse', '2013-01-21 15:57:44'),
(1065, 1, 'browse', '2013-01-21 15:57:50'),
(1066, 1, 'browse', '2013-01-21 15:58:09'),
(1067, 1, 'browse', '2013-01-21 16:04:28'),
(1068, 1, 'browse', '2013-01-21 16:21:11'),
(1069, 1, 'browse', '2013-01-21 16:24:41'),
(1070, 1, 'browse', '2013-01-21 16:33:00'),
(1071, 1, 'browse', '2013-01-21 16:37:15'),
(1072, 1, 'home', '2013-01-21 16:47:31'),
(1073, 1, 'browse', '2013-01-21 16:47:41'),
(1074, 1, 'browse', '2013-01-21 16:47:44'),
(1075, 1, 'browse', '2013-01-21 16:49:38'),
(1076, 1, 'browse', '2013-01-21 16:53:04'),
(1077, 1, 'home', '2013-01-21 17:25:08'),
(1078, 1, 'home', '2013-01-21 20:56:26'),
(1079, 1, 'login', '2013-01-21 20:56:29'),
(1080, 33, 'login', '2013-01-21 20:56:29'),
(1081, 33, 'browse', '2013-01-21 20:56:56'),
(1082, 33, 'browse', '2013-01-21 20:58:33'),
(1083, 1, 'browse', '2013-01-21 21:21:49'),
(1084, 1, 'browse', '2013-01-21 21:25:32'),
(1085, 1, 'browse', '2013-01-21 21:25:44'),
(1086, 1, 'browse', '2013-01-21 21:32:27'),
(1087, 1, 'browse', '2013-01-21 21:34:55'),
(1088, 1, 'browse', '2013-01-21 21:38:44'),
(1089, 1, 'browse', '2013-01-21 21:43:41'),
(1090, 1, 'home', '2013-01-21 23:16:44'),
(1091, 1, 'home', '2013-01-22 00:28:14'),
(1092, 1, 'browse', '2013-01-22 00:28:17'),
(1093, 1, 'browse', '2013-01-22 00:28:19'),
(1094, 1, 'browse', '2013-01-22 00:31:11'),
(1095, 1, 'browse', '2013-01-22 00:31:41'),
(1096, 1, 'browse', '2013-01-22 00:34:27'),
(1097, 1, 'home', '2013-01-22 00:34:32'),
(1098, 1, 'browse', '2013-01-22 00:34:33'),
(1099, 1, 'browse', '2013-01-22 00:34:37'),
(1100, 1, 'browse', '2013-01-22 00:34:39'),
(1101, 1, 'browse', '2013-01-22 00:35:20'),
(1102, 1, 'browse', '2013-01-22 00:41:40'),
(1103, 1, 'browse', '2013-01-22 00:47:37'),
(1104, 1, 'browse', '2013-01-22 00:54:52'),
(1105, 1, 'home', '2013-01-22 01:02:48'),
(1106, 1, 'login', '2013-01-22 01:02:58'),
(1107, 34, 'login', '2013-01-22 01:02:58'),
(1108, 34, 'browse', '2013-01-22 01:03:04'),
(1109, 34, 'browse', '2013-01-22 01:03:05'),
(1110, 34, 'browse', '2013-01-22 01:03:16'),
(1111, 34, 'home', '2013-01-22 01:04:12'),
(1112, 34, 'browse', '2013-01-22 01:04:44'),
(1113, 34, 'browse', '2013-01-22 01:04:45'),
(1114, 34, 'browse', '2013-01-22 01:04:50'),
(1115, 1, 'browse', '2013-01-22 01:08:53'),
(1116, 1, 'browse', '2013-01-22 01:11:53'),
(1117, 34, 'browse', '2013-01-22 01:15:41'),
(1118, 1, 'browse', '2013-01-22 01:29:35'),
(1119, 1, 'browse', '2013-01-22 01:32:13'),
(1120, 1, 'browse', '2013-01-22 01:37:20'),
(1121, 34, 'browse', '2013-01-22 01:39:16'),
(1122, 1, 'browse', '2013-01-22 01:41:40'),
(1123, 1, 'browse', '2013-01-22 01:48:20'),
(1124, 34, 'browse', '2013-01-22 02:01:31'),
(1125, 34, 'browse', '2013-01-22 02:09:48'),
(1126, 34, 'browse', '2013-01-22 02:09:54'),
(1127, 34, 'browse', '2013-01-22 02:10:01'),
(1128, 34, 'browse', '2013-01-22 02:10:04'),
(1129, 34, 'browse', '2013-01-22 02:10:08'),
(1130, 1, 'registration_q', '2013-01-22 06:05:13'),
(1131, 1, 'browse', '2013-01-22 10:11:08'),
(1132, 1, 'home', '2013-01-22 10:53:10'),
(1133, 34, 'home', '2013-01-22 13:17:20'),
(1134, 34, 'browse', '2013-01-22 13:17:23'),
(1135, 34, 'browse', '2013-01-22 13:17:25'),
(1136, 34, 'browse', '2013-01-22 13:17:36'),
(1137, 34, 'browse', '2013-01-22 13:21:49'),
(1138, 34, 'browse', '2013-01-22 13:25:30'),
(1139, 34, 'browse', '2013-01-22 13:31:13'),
(1140, 34, 'browse', '2013-01-22 13:34:52'),
(1141, 34, 'browse', '2013-01-22 13:35:00'),
(1142, 34, 'browse', '2013-01-22 13:37:23'),
(1143, 34, 'browse', '2013-01-22 13:56:10'),
(1144, 34, 'browse', '2013-01-22 14:03:15'),
(1145, 34, 'browse', '2013-01-22 14:10:07'),
(1146, 34, 'browse', '2013-01-22 14:18:15'),
(1147, 34, 'browse', '2013-01-22 14:24:51'),
(1148, 34, 'browse', '2013-01-22 14:31:49'),
(1149, 34, 'browse', '2013-01-22 14:36:20'),
(1150, 34, 'browse', '2013-01-22 14:44:04'),
(1151, 1, 'home', '2013-01-22 15:36:35'),
(1152, 1, 'login', '2013-01-22 15:42:50'),
(1153, 32, 'login', '2013-01-22 15:42:50'),
(1154, 32, 'edit', '2013-01-22 15:43:01'),
(1155, 32, 'browse', '2013-01-22 15:43:06'),
(1156, 32, 'browse', '2013-01-22 15:43:13'),
(1157, 34, 'browse', '2013-01-22 15:49:22'),
(1158, 34, 'browse', '2013-01-22 16:02:32'),
(1159, 34, 'browse', '2013-01-22 16:19:37'),
(1160, 34, 'browse', '2013-01-22 16:24:09'),
(1161, 34, 'browse', '2013-01-22 16:26:42'),
(1162, 1, 'home', '2013-01-22 18:21:44'),
(1163, 1, 'home', '2013-01-22 18:21:45'),
(1164, 1, 'home', '2013-01-22 18:31:14'),
(1165, 1, 'home', '2013-01-22 19:23:09'),
(1166, 1, 'map', '2013-01-22 19:23:12'),
(1167, 1, 'home', '2013-01-22 19:26:23'),
(1168, 1, 'browse', '2013-01-22 19:26:26'),
(1169, 1, 'browse', '2013-01-22 19:26:29'),
(1170, 1, 'browse', '2013-01-22 19:26:36'),
(1171, 1, 'browse', '2013-01-22 19:29:15'),
(1172, 1, 'browse', '2013-01-22 19:29:39'),
(1173, 1, 'browse', '2013-01-22 19:30:11'),
(1174, 1, 'browse', '2013-01-22 19:30:29'),
(1175, 1, 'browse', '2013-01-22 19:30:51'),
(1176, 1, 'browse', '2013-01-22 19:30:59'),
(1177, 1, 'browse', '2013-01-22 19:31:37'),
(1178, 1, 'browse', '2013-01-22 19:33:00'),
(1179, 1, 'browse', '2013-01-22 19:33:11'),
(1180, 1, 'browse', '2013-01-22 19:33:11'),
(1181, 1, 'browse', '2013-01-22 19:33:21'),
(1182, 1, 'browse', '2013-01-22 19:34:43'),
(1183, 1, 'home', '2013-01-22 19:36:15'),
(1184, 1, 'browse', '2013-01-22 19:36:39'),
(1185, 1, 'browse', '2013-01-22 19:36:40'),
(1186, 1, 'browse', '2013-01-22 19:36:43'),
(1187, 1, 'browse', '2013-01-22 19:36:54'),
(1188, 1, 'browse', '2013-01-22 19:38:12'),
(1189, 1, 'browse', '2013-01-22 19:38:18'),
(1190, 1, 'browse', '2013-01-22 19:38:45'),
(1191, 1, 'browse', '2013-01-22 19:38:51'),
(1192, 1, 'browse', '2013-01-22 19:39:09'),
(1193, 1, 'browse', '2013-01-22 19:39:14'),
(1194, 1, 'map', '2013-01-22 19:42:07'),
(1195, 1, 'map', '2013-01-22 19:42:09'),
(1196, 1, 'home', '2013-01-22 19:44:24'),
(1197, 1, 'browse', '2013-01-22 19:44:27'),
(1198, 1, 'browse', '2013-01-22 19:44:30'),
(1199, 1, 'browse', '2013-01-22 19:44:41'),
(1200, 1, 'browse', '2013-01-22 19:44:46'),
(1201, 1, 'browse', '2013-01-22 19:45:04'),
(1202, 1, 'browse', '2013-01-22 19:45:58'),
(1203, 1, 'browse', '2013-01-22 19:46:36'),
(1204, 1, 'browse', '2013-01-22 19:46:45'),
(1205, 1, 'browse', '2013-01-22 19:47:25'),
(1206, 1, 'browse', '2013-01-22 19:48:20'),
(1207, 1, 'browse', '2013-01-22 19:49:05'),
(1208, 1, 'browse', '2013-01-22 19:49:08'),
(1209, 1, 'browse', '2013-01-22 19:49:19'),
(1210, 1, 'browse', '2013-01-22 19:49:30'),
(1211, 1, 'browse', '2013-01-22 19:50:49'),
(1212, 1, 'browse', '2013-01-22 19:52:32'),
(1213, 1, 'browse', '2013-01-22 19:53:05'),
(1214, 1, 'browse', '2013-01-22 20:03:31'),
(1215, 1, 'browse', '2013-01-22 20:03:48'),
(1216, 1, 'browse', '2013-01-22 20:04:31'),
(1217, 1, 'browse', '2013-01-22 20:04:38'),
(1218, 1, 'browse', '2013-01-22 20:14:18'),
(1219, 1, 'browse', '2013-01-22 20:14:19'),
(1220, 1, 'browse', '2013-01-22 21:34:27'),
(1221, 1, 'browse', '2013-01-22 21:36:25'),
(1222, 1, 'browse', '2013-01-22 21:36:30'),
(1223, 1, 'browse', '2013-01-22 21:36:33'),
(1224, 1, 'home', '2013-01-22 23:17:56'),
(1225, 1, 'browse', '2013-01-22 23:22:36'),
(1226, 1, 'browse', '2013-01-22 23:27:53'),
(1227, 1, 'browse', '2013-01-22 23:43:38'),
(1228, 1, 'browse', '2013-01-22 23:49:15'),
(1229, 1, 'browse', '2013-01-22 23:49:28');
INSERT INTO `users_statistics` (`id`, `user`, `page`, `epoch`) VALUES
(1230, 1, 'browse', '2013-01-23 00:26:04'),
(1231, 1, 'browse', '2013-01-23 00:31:48'),
(1232, 1, 'browse', '2013-01-23 00:35:45'),
(1233, 1, 'browse', '2013-01-23 00:39:27'),
(1234, 1, 'browse', '2013-01-23 00:56:13'),
(1235, 1, 'browse', '2013-01-23 00:56:21'),
(1236, 1, 'browse', '2013-01-23 00:56:26'),
(1237, 1, 'home', '2013-01-23 05:01:43'),
(1238, 1, 'browse', '2013-01-23 08:01:12'),
(1239, 1, 'browse', '2013-01-23 08:01:12'),
(1240, 1, 'browse', '2013-01-23 09:57:21'),
(1241, 1, 'home', '2013-01-23 09:58:20'),
(1242, 1, 'home', '2013-01-23 13:09:03'),
(1243, 1, 'browse', '2013-01-23 13:09:15'),
(1244, 1, 'browse', '2013-01-23 13:09:17'),
(1245, 1, 'browse', '2013-01-23 13:09:28'),
(1246, 1, 'browse', '2013-01-23 13:13:03'),
(1247, 1, 'browse', '2013-01-23 13:14:20'),
(1248, 1, 'home', '2013-01-23 13:15:36'),
(1249, 1, 'browse', '2013-01-23 13:27:31'),
(1250, 1, 'home', '2013-01-23 14:04:55'),
(1251, 1, 'home', '2013-01-23 14:37:47'),
(1252, 1, 'browse', '2013-01-23 15:06:48'),
(1253, 1, 'browse', '2013-01-23 15:07:37'),
(1254, 1, 'browse', '2013-01-23 15:09:02'),
(1255, 1, 'browse', '2013-01-23 15:09:27'),
(1256, 1, 'browse', '2013-01-23 15:17:29'),
(1257, 1, 'browse', '2013-01-23 15:17:29'),
(1258, 1, 'browse', '2013-01-23 15:28:05'),
(1259, 1, 'browse', '2013-01-23 15:28:08'),
(1260, 1, 'browse', '2013-01-23 15:28:16'),
(1261, 1, 'browse', '2013-01-23 15:34:26'),
(1262, 1, 'browse', '2013-01-23 15:45:39'),
(1263, 1, 'browse', '2013-01-23 15:47:15'),
(1264, 1, 'browse', '2013-01-23 15:47:18'),
(1265, 1, 'home', '2013-01-23 15:48:52'),
(1266, 1, 'home', '2013-01-23 15:48:53'),
(1267, 1, 'browse', '2013-01-23 15:53:37'),
(1268, 1, 'browse', '2013-01-23 15:54:21'),
(1269, 1, 'browse', '2013-01-23 15:56:18'),
(1270, 1, 'browse', '2013-01-23 15:56:30'),
(1271, 1, 'browse', '2013-01-23 15:57:42'),
(1272, 1, 'browse', '2013-01-23 16:00:48'),
(1273, 1, 'browse', '2013-01-23 16:06:41'),
(1274, 1, 'browse', '2013-01-23 16:10:59'),
(1275, 1, 'browse', '2013-01-23 16:11:05'),
(1276, 1, 'browse', '2013-01-23 16:11:54'),
(1277, 1, 'browse', '2013-01-23 16:12:00'),
(1278, 1, 'browse', '2013-01-23 16:21:22'),
(1279, 1, 'browse', '2013-01-23 16:25:30'),
(1280, 1, 'browse', '2013-01-23 16:25:33'),
(1281, 1, 'browse', '2013-01-23 16:39:37'),
(1282, 1, 'browse', '2013-01-23 16:39:46'),
(1283, 1, 'browse', '2013-01-23 16:40:42'),
(1284, 1, 'browse', '2013-01-23 16:40:47'),
(1285, 1, 'browse', '2013-01-23 16:40:50'),
(1286, 1, 'browse', '2013-01-23 16:42:57'),
(1287, 1, 'browse', '2013-01-23 17:00:18'),
(1288, 1, 'browse', '2013-01-23 17:00:21'),
(1289, 1, 'home', '2013-01-23 18:43:53'),
(1290, 1, 'browse', '2013-01-23 19:40:46'),
(1291, 1, 'login', '2013-01-23 19:40:47'),
(1292, 1, 'browse', '2013-01-23 19:40:50'),
(1293, 1, 'browse', '2013-01-23 19:40:52'),
(1294, 1, 'browse', '2013-01-23 19:40:58'),
(1295, 1, 'home', '2013-01-23 19:42:13'),
(1296, 1, 'browse', '2013-01-23 19:43:02'),
(1297, 1, 'login', '2013-01-23 19:43:25'),
(1298, 1, 'login', '2013-01-23 19:43:39'),
(1299, 1, 'login', '2013-01-23 19:43:50'),
(1300, 1, 'login', '2013-01-23 19:43:58'),
(1301, 1, 'login', '2013-01-23 19:44:04'),
(1302, 1, 'login', '2013-01-23 19:44:11'),
(1303, 1, 'reset', '2013-01-23 19:45:01'),
(1304, 1, 'browse', '2013-01-23 19:45:03'),
(1305, 1, 'reset', '2013-01-23 19:45:06'),
(1306, 1, 'login', '2013-01-23 19:46:23'),
(1307, 35, 'login', '2013-01-23 19:46:24'),
(1308, 35, 'add', '2013-01-23 19:46:29'),
(1309, 35, 'browse', '2013-01-23 19:46:34'),
(1310, 35, 'browse', '2013-01-23 19:46:36'),
(1311, 1, 'browse', '2013-01-23 19:48:09'),
(1312, 1, 'home', '2013-01-23 20:14:15'),
(1313, 1, 'browse', '2013-01-23 20:16:13'),
(1314, 1, 'browse', '2013-01-23 20:20:20'),
(1315, 1, 'browse', '2013-01-23 20:27:19'),
(1316, 1, 'browse', '2013-01-23 20:28:32'),
(1317, 1, 'browse', '2013-01-23 20:28:38'),
(1318, 1, 'browse', '2013-01-23 20:28:50'),
(1319, 1, 'home', '2013-01-23 22:05:55'),
(1320, 1, 'reset', '2013-01-23 22:09:13'),
(1321, 1, 'home', '2013-01-23 22:20:00'),
(1322, 1, 'home', '2013-01-23 22:40:54'),
(1323, 1, 'browse', '2013-01-23 22:49:00'),
(1324, 1, 'browse', '2013-01-23 22:49:02'),
(1325, 1, 'home', '2013-01-23 23:24:08'),
(1326, 1, 'home', '2013-01-24 09:23:20'),
(1327, 1, 'home', '2013-01-24 13:22:07'),
(1328, 1, 'home', '2013-01-24 14:52:49'),
(1329, 1, 'registration_q', '2013-01-24 16:05:47'),
(1330, 1, 'home', '2013-01-24 16:06:48'),
(1331, 1, 'home', '2013-01-24 17:59:20'),
(1332, 1, 'home', '2013-01-24 19:02:33'),
(1333, 1, 'login', '2013-01-24 19:05:04'),
(1334, 35, 'login', '2013-01-24 19:05:04'),
(1335, 35, 'add', '2013-01-24 19:05:12'),
(1336, 35, 'home', '2013-01-24 19:07:27'),
(1337, 35, 'browse', '2013-01-24 19:07:37'),
(1338, 35, 'browse', '2013-01-24 19:07:42'),
(1339, 35, 'browse', '2013-01-24 19:07:52'),
(1340, 35, 'map', '2013-01-24 19:08:33'),
(1341, 35, 'map', '2013-01-24 19:08:36'),
(1342, 35, 'browse', '2013-01-24 19:09:40'),
(1343, 35, 'browse', '2013-01-24 19:09:43'),
(1344, 35, 'browse', '2013-01-24 19:17:25'),
(1345, 35, 'browse', '2013-01-24 19:17:34'),
(1346, 35, 'browse', '2013-01-24 19:17:45'),
(1347, 35, 'browse', '2013-01-24 19:17:52'),
(1348, 35, 'browse', '2013-01-24 19:18:16'),
(1349, 1, 'home', '2013-01-24 19:35:30'),
(1350, 1, 'browse', '2013-01-24 19:37:16'),
(1351, 1, 'browse', '2013-01-24 19:37:19'),
(1352, 35, 'browse', '2013-01-24 19:41:14'),
(1353, 1, 'home', '2013-01-24 19:43:38'),
(1354, 1, 'home', '2013-01-24 19:57:22'),
(1355, 1, 'home', '2013-01-24 19:57:22'),
(1356, 35, 'browse', '2013-01-24 20:12:56'),
(1357, 35, 'browse', '2013-01-24 20:13:05'),
(1358, 35, 'add', '2013-01-24 20:18:58'),
(1359, 35, 'edit', '2013-01-24 20:19:11'),
(1360, 35, 'add', '2013-01-24 20:19:24'),
(1361, 35, 'add', '2013-01-24 20:45:59'),
(1362, 35, 'edit', '2013-01-24 20:46:08'),
(1363, 35, 'add', '2013-01-24 20:46:10'),
(1364, 35, 'logout', '2013-01-24 20:53:49'),
(1365, 1, 'home', '2013-01-24 20:53:50'),
(1366, 1, 'login', '2013-01-24 20:54:25'),
(1367, 35, 'login', '2013-01-24 20:54:25'),
(1368, 35, 'edit', '2013-01-24 20:54:30'),
(1369, 35, 'add', '2013-01-24 20:54:32'),
(1370, 1, 'home', '2013-01-24 20:56:47'),
(1371, 35, 'add', '2013-01-24 21:08:24'),
(1372, 35, 'edit', '2013-01-24 21:08:34'),
(1373, 35, 'add', '2013-01-24 21:08:38'),
(1374, 35, 'add', '2013-01-24 21:19:04'),
(1375, 35, 'edit', '2013-01-24 21:19:27'),
(1376, 35, 'add', '2013-01-24 21:19:29'),
(1377, 35, 'add', '2013-01-24 21:25:21'),
(1378, 35, 'edit', '2013-01-24 21:25:31'),
(1379, 35, 'add', '2013-01-24 21:25:32'),
(1380, 35, 'add', '2013-01-24 21:30:48'),
(1381, 35, 'edit', '2013-01-24 21:31:00'),
(1382, 35, 'add', '2013-01-24 21:31:02'),
(1383, 35, 'add', '2013-01-24 21:34:18'),
(1384, 35, 'edit', '2013-01-24 21:38:12'),
(1385, 35, 'add', '2013-01-24 21:38:14'),
(1386, 35, 'add', '2013-01-24 21:39:05'),
(1387, 35, 'edit', '2013-01-24 21:39:15'),
(1388, 35, 'home', '2013-01-24 21:40:05'),
(1389, 35, 'browse', '2013-01-24 21:40:08'),
(1390, 35, 'browse', '2013-01-24 21:40:12'),
(1391, 35, 'browse', '2013-01-24 21:40:19'),
(1392, 1, 'home', '2013-01-24 22:01:30'),
(1393, 1, 'home', '2013-01-24 22:33:22'),
(1394, 1, 'browse', '2013-01-24 22:33:25'),
(1395, 1, 'browse', '2013-01-24 22:33:27'),
(1396, 1, 'home', '2013-01-24 23:04:29'),
(1397, 1, 'home', '2013-01-24 23:27:13'),
(1398, 1, 'home', '2013-01-24 23:27:14'),
(1399, 1, 'home', '2013-01-25 00:21:36'),
(1400, 1, 'browse', '2013-01-25 00:31:08'),
(1401, 1, 'home', '2013-01-25 00:34:40'),
(1402, 1, 'browse', '2013-01-25 00:34:42'),
(1403, 1, 'browse', '2013-01-25 00:34:44'),
(1404, 1, 'home', '2013-01-25 09:26:56'),
(1405, 1, 'home', '2013-01-25 10:55:30'),
(1406, 1, 'login', '2013-01-25 10:56:02'),
(1407, 9, 'login', '2013-01-25 10:56:02'),
(1408, 9, 'edit', '2013-01-25 10:56:10'),
(1409, 9, 'add', '2013-01-25 10:56:59'),
(1410, 9, 'edit', '2013-01-25 10:57:06'),
(1411, 9, 'add', '2013-01-25 10:57:08'),
(1412, 9, 'browse', '2013-01-25 10:57:50'),
(1413, 9, 'browse', '2013-01-25 10:57:53'),
(1414, 9, 'edit', '2013-01-25 11:07:09'),
(1415, 9, 'add', '2013-01-25 11:07:11'),
(1416, 9, 'edit', '2013-01-25 11:07:23'),
(1417, 9, 'browse', '2013-01-25 11:07:38'),
(1418, 9, 'browse', '2013-01-25 11:07:40'),
(1419, 9, 'browse', '2013-01-25 11:07:55'),
(1420, 9, 'home', '2013-01-25 11:08:04'),
(1421, 9, 'edit', '2013-01-25 11:08:09'),
(1422, 9, 'add', '2013-01-25 11:08:27'),
(1423, 9, 'edit', '2013-01-25 11:10:26'),
(1424, 9, 'add', '2013-01-25 11:10:47'),
(1425, 9, 'edit', '2013-01-25 11:11:59'),
(1426, 9, 'add', '2013-01-25 11:12:17'),
(1427, 9, 'edit', '2013-01-25 11:14:08'),
(1428, 9, 'add', '2013-01-25 11:14:14'),
(1429, 9, 'browse', '2013-01-25 11:14:44'),
(1430, 9, 'browse', '2013-01-25 11:14:46'),
(1431, 9, 'browse', '2013-01-25 11:15:01'),
(1432, 9, 'browse', '2013-01-25 11:19:11'),
(1433, 9, 'edit', '2013-01-25 11:24:47'),
(1434, 9, 'add', '2013-01-25 11:24:50'),
(1435, 9, 'edit', '2013-01-25 11:26:36'),
(1436, 9, 'add', '2013-01-25 11:26:39'),
(1437, 9, 'edit', '2013-01-25 11:28:27'),
(1438, 9, 'add', '2013-01-25 11:31:11'),
(1439, 9, 'edit', '2013-01-25 11:38:20'),
(1440, 9, 'browse', '2013-01-25 11:38:38'),
(1441, 9, 'browse', '2013-01-25 11:38:42'),
(1442, 9, 'browse', '2013-01-25 11:38:52'),
(1443, 9, 'add', '2013-01-25 11:39:28'),
(1444, 9, 'edit', '2013-01-25 11:40:28'),
(1445, 9, 'browse', '2013-01-25 11:40:45'),
(1446, 9, 'browse', '2013-01-25 11:41:57'),
(1447, 9, 'add', '2013-01-25 11:42:22'),
(1448, 9, 'browse', '2013-01-25 11:42:55'),
(1449, 9, 'browse', '2013-01-25 11:42:57'),
(1450, 9, 'browse', '2013-01-25 11:43:12'),
(1451, 9, 'edit', '2013-01-25 12:14:46'),
(1452, 9, 'add', '2013-01-25 12:14:49'),
(1453, 9, 'edit', '2013-01-25 12:21:00'),
(1454, 9, 'edit', '2013-01-25 12:21:02'),
(1455, 9, 'add', '2013-01-25 12:21:24'),
(1456, 9, 'edit', '2013-01-25 12:21:54'),
(1457, 9, 'add', '2013-01-25 12:22:00'),
(1458, 9, 'add', '2013-01-25 12:30:53'),
(1459, 9, 'edit', '2013-01-25 12:31:01'),
(1460, 9, 'add', '2013-01-25 12:31:04'),
(1461, 9, 'browse', '2013-01-25 12:32:20'),
(1462, 9, 'browse', '2013-01-25 12:32:22'),
(1463, 9, 'browse', '2013-01-25 12:32:32'),
(1464, 9, 'browse', '2013-01-25 12:32:43'),
(1465, 9, 'browse', '2013-01-25 12:32:52'),
(1466, 9, 'browse', '2013-01-25 12:32:58'),
(1467, 1, 'home', '2013-01-25 12:33:01'),
(1468, 1, 'home', '2013-01-25 12:33:04'),
(1469, 9, 'browse', '2013-01-25 12:33:04'),
(1470, 1, 'browse', '2013-01-25 12:33:05'),
(1471, 1, 'browse', '2013-01-25 12:33:09'),
(1472, 9, 'browse', '2013-01-25 12:33:12'),
(1473, 1, 'browse', '2013-01-25 12:33:14'),
(1474, 1, 'browse', '2013-01-25 12:33:18'),
(1475, 9, 'browse', '2013-01-25 12:34:20'),
(1476, 9, 'logout', '2013-01-25 12:34:26'),
(1477, 1, 'home', '2013-01-25 12:34:27'),
(1478, 1, 'browse', '2013-01-25 12:34:36'),
(1479, 1, 'browse', '2013-01-25 12:34:41'),
(1480, 1, 'login', '2013-01-25 12:37:05'),
(1481, 9, 'login', '2013-01-25 12:37:05'),
(1482, 9, 'edit', '2013-01-25 12:37:09'),
(1483, 9, 'add', '2013-01-25 12:37:19'),
(1484, 9, 'edit', '2013-01-25 12:39:30'),
(1485, 9, 'add', '2013-01-25 12:39:32'),
(1486, 9, 'browse', '2013-01-25 12:40:21'),
(1487, 9, 'browse', '2013-01-25 12:40:24'),
(1488, 9, 'browse', '2013-01-25 12:40:45'),
(1489, 9, 'edit', '2013-01-25 12:46:41'),
(1490, 9, 'add', '2013-01-25 12:46:43'),
(1491, 1, 'home', '2013-01-25 13:08:28'),
(1492, 1, 'browse', '2013-01-25 13:08:56'),
(1493, 1, 'browse', '2013-01-25 13:08:58'),
(1494, 1, 'browse', '2013-01-25 13:09:21'),
(1495, 1, 'browse', '2013-01-25 13:12:27'),
(1496, 1, 'home', '2013-01-25 13:24:41'),
(1497, 1, 'browse', '2013-01-25 13:25:47'),
(1498, 1, 'browse', '2013-01-25 13:26:59'),
(1499, 1, 'browse', '2013-01-25 13:28:29'),
(1500, 1, 'browse', '2013-01-25 13:29:12'),
(1501, 1, 'browse', '2013-01-25 13:29:27'),
(1502, 1, 'browse', '2013-01-25 13:30:34'),
(1503, 1, 'browse', '2013-01-25 13:30:50'),
(1504, 1, 'browse', '2013-01-25 13:32:13'),
(1505, 1, 'browse', '2013-01-25 13:32:28'),
(1506, 1, 'browse', '2013-01-25 13:39:22'),
(1507, 1, 'browse', '2013-01-25 13:39:43'),
(1508, 1, 'home', '2013-01-25 13:45:35'),
(1509, 1, 'browse', '2013-01-25 13:45:39'),
(1510, 1, 'browse', '2013-01-25 13:45:40'),
(1511, 1, 'browse', '2013-01-25 13:45:44'),
(1512, 1, 'browse', '2013-01-25 13:47:51'),
(1513, 1, 'browse', '2013-01-25 13:47:58'),
(1514, 1, 'browse', '2013-01-25 13:48:03'),
(1515, 1, 'home', '2013-01-25 14:00:26'),
(1516, 1, 'map', '2013-01-25 15:07:24'),
(1517, 1, 'home', '2013-01-25 18:32:23'),
(1518, 1, 'home', '2013-01-25 19:37:31'),
(1519, 1, 'home', '2013-01-26 01:47:15'),
(1520, 1, 'home', '2013-01-26 10:15:32'),
(1521, 1, 'home', '2013-01-26 13:50:23'),
(1522, 1, 'registration_q', '2013-01-26 13:51:52'),
(1523, 1, 'registration_q', '2013-01-26 13:52:33'),
(1524, 1, 'login', '2013-01-26 13:57:20'),
(1525, 39, 'login', '2013-01-26 13:57:20'),
(1526, 39, 'add', '2013-01-26 13:57:24'),
(1527, 39, 'browse', '2013-01-26 14:03:00'),
(1528, 39, 'browse', '2013-01-26 14:03:03'),
(1529, 39, 'browse', '2013-01-26 14:03:10'),
(1530, 39, 'add', '2013-01-26 14:03:15'),
(1531, 39, 'add', '2013-01-26 14:25:02'),
(1532, 1, 'home', '2013-01-26 15:12:45'),
(1533, 1, 'home', '2013-01-26 19:08:11'),
(1534, 1, 'home', '2013-01-26 21:52:21'),
(1535, 1, 'home', '2013-01-26 23:53:07'),
(1536, 1, 'map', '2013-01-27 05:11:09'),
(1537, 1, 'map', '2013-01-27 05:11:09'),
(1538, 1, 'home', '2013-01-27 06:48:53'),
(1539, 1, 'home', '2013-01-27 06:48:53'),
(1540, 1, 'home', '2013-01-27 08:04:18'),
(1541, 1, 'map', '2013-01-27 08:04:18'),
(1542, 1, 'home', '2013-01-27 08:04:18'),
(1543, 1, 'browse', '2013-01-27 08:04:18'),
(1544, 1, 'home', '2013-01-27 10:33:20'),
(1545, 1, 'home', '2013-01-27 11:20:08'),
(1546, 1, 'browse', '2013-01-27 11:20:14'),
(1547, 1, 'browse', '2013-01-27 11:20:19'),
(1548, 1, 'home', '2013-01-27 11:21:25'),
(1549, 1, 'browse', '2013-01-27 11:21:30'),
(1550, 1, 'browse', '2013-01-27 11:21:33'),
(1551, 1, 'home', '2013-01-27 11:46:27'),
(1552, 1, 'home', '2013-01-27 11:46:28'),
(1553, 1, 'home', '2013-01-27 12:04:12'),
(1554, 1, 'home', '2013-01-27 13:25:04'),
(1555, 1, 'home', '2013-01-27 14:32:05'),
(1556, 1, 'home', '2013-01-27 16:28:05'),
(1557, 1, 'browse', '2013-01-27 16:53:06'),
(1558, 1, 'browse', '2013-01-27 16:53:06'),
(1559, 1, 'home', '2013-01-27 17:32:34'),
(1560, 1, 'home', '2013-01-27 19:45:13'),
(1561, 1, 'home', '2013-01-27 19:59:57'),
(1562, 1, 'login', '2013-01-27 20:00:09'),
(1563, 34, 'login', '2013-01-27 20:00:09'),
(1564, 34, 'add', '2013-01-27 20:00:13'),
(1565, 34, 'browse', '2013-01-27 20:04:53'),
(1566, 34, 'browse', '2013-01-27 20:04:54'),
(1567, 34, 'browse', '2013-01-27 20:05:02'),
(1568, 34, 'add', '2013-01-27 20:07:45'),
(1569, 1, 'home', '2013-01-27 20:55:15'),
(1570, 1, 'home', '2013-01-27 21:13:03'),
(1571, 1, 'home', '2013-01-27 21:13:03'),
(1572, 1, 'home', '2013-01-27 22:34:22'),
(1573, 1, 'home', '2013-01-28 09:35:20'),
(1574, 1, 'home', '2013-01-28 10:40:31'),
(1575, 1, 'login', '2013-01-28 10:40:39'),
(1576, 6, 'login', '2013-01-28 10:40:39'),
(1577, 6, 'edit', '2013-01-28 10:40:41'),
(1578, 6, 'add', '2013-01-28 10:40:55'),
(1579, 6, 'edit', '2013-01-28 10:46:33'),
(1580, 6, 'add', '2013-01-28 10:48:59'),
(1581, 6, 'add', '2013-01-28 10:49:39'),
(1582, 1, 'home', '2013-01-28 10:58:11'),
(1583, 1, 'login', '2013-01-28 10:58:24'),
(1584, 9, 'login', '2013-01-28 10:58:24'),
(1585, 1, 'home', '2013-01-28 10:58:24'),
(1586, 9, 'edit', '2013-01-28 10:58:26'),
(1587, 1, 'login', '2013-01-28 10:58:28'),
(1588, 3, 'login', '2013-01-28 10:58:28'),
(1589, 3, 'edit', '2013-01-28 10:58:29'),
(1590, 3, 'edit', '2013-01-28 10:58:30'),
(1591, 3, 'add', '2013-01-28 11:04:41'),
(1592, 3, 'browse', '2013-01-28 11:04:44'),
(1593, 3, 'browse', '2013-01-28 11:04:45'),
(1594, 3, 'add', '2013-01-28 11:04:57'),
(1595, 9, 'add', '2013-01-28 11:10:02'),
(1596, 6, 'edit', '2013-01-28 11:10:45'),
(1597, 6, 'add', '2013-01-28 11:11:11');

-- --------------------------------------------------------

--
-- Tabellenstruktur für Tabelle `wavelength_ranges`
--

CREATE TABLE IF NOT EXISTS `wavelength_ranges` (
  `id` int(10) unsigned NOT NULL AUTO_INCREMENT,
  `acronym` text NOT NULL,
  `name` text NOT NULL,
  PRIMARY KEY (`id`)
) ENGINE=InnoDB  DEFAULT CHARSET=utf8 AUTO_INCREMENT=9 ;

--
-- Daten für Tabelle `wavelength_ranges`
--

INSERT INTO `wavelength_ranges` (`id`, `acronym`, `name`) VALUES
(1, 'radiowave', 'radio frequencies'),
(2, 'microwave', 'microwave frequencies'),
(3, 'submillimeter', 'terahertz frequency'),
(4, 'infrared', 'infrared frequencies'),
(5, 'optical', 'visible light frequencies'),
(6, 'ultraviolet', 'ultraviolet light frequencies'),
(7, 'x-ray', 'x-ray frequencies'),
(8, 'gamma-ray', 'gamma-ray frequencies');

-- --------------------------------------------------------

--
-- Tabellenstruktur für Tabelle `wavelength_units`
--

CREATE TABLE IF NOT EXISTS `wavelength_units` (
  `id` int(10) unsigned NOT NULL AUTO_INCREMENT,
  `wavelength_unit` varchar(10) NOT NULL,
  PRIMARY KEY (`id`)
) ENGINE=InnoDB  DEFAULT CHARSET=utf8 AUTO_INCREMENT=12 ;

--
-- Daten für Tabelle `wavelength_units`
--

INSERT INTO `wavelength_units` (`id`, `wavelength_unit`) VALUES
(1, '---'),
(2, 'Hz'),
(3, 'KHz'),
(4, 'MHz'),
(5, 'GHz'),
(6, 'THz'),
(7, '&Aring;'),
(8, 'nm'),
(9, '&micro;m'),
(10, 'mm'),
(11, 'cm');

--
-- Constraints der exportierten Tabellen
--

--
-- Constraints der Tabelle `additional_information`
--
ALTER TABLE `additional_information`
  ADD CONSTRAINT `observatory_id_4` FOREIGN KEY (`id`) REFERENCES `observatories` (`id`) ON DELETE CASCADE ON UPDATE NO ACTION;

--
-- Constraints der Tabelle `hidden_fields`
--
ALTER TABLE `hidden_fields`
  ADD CONSTRAINT `observatory_id_5` FOREIGN KEY (`id`) REFERENCES `observatories` (`id`) ON DELETE CASCADE ON UPDATE NO ACTION;

--
-- Constraints der Tabelle `instruments`
--
ALTER TABLE `instruments`
  ADD CONSTRAINT `instrument_type_id` FOREIGN KEY (`instrument_type`) REFERENCES `instrument_types` (`id`) ON DELETE NO ACTION ON UPDATE NO ACTION,
  ADD CONSTRAINT `wavelength_unit_id_3` FOREIGN KEY (`wavelength_b_unit`) REFERENCES `wavelength_units` (`id`) ON DELETE NO ACTION ON UPDATE NO ACTION,
  ADD CONSTRAINT `wavelength_unit_id_4` FOREIGN KEY (`wavelength_e_unit`) REFERENCES `wavelength_units` (`id`) ON DELETE NO ACTION ON UPDATE NO ACTION;

--
-- Constraints der Tabelle `observatories`
--
ALTER TABLE `observatories`
  ADD CONSTRAINT `clear_nights_id` FOREIGN KEY (`clear_nights`) REFERENCES `clearnights_ranges` (`id`) ON DELETE NO ACTION ON UPDATE NO ACTION,
  ADD CONSTRAINT `country_id` FOREIGN KEY (`country_id`) REFERENCES `countries` (`id`) ON DELETE NO ACTION ON UPDATE NO ACTION,
  ADD CONSTRAINT `precipitation_id` FOREIGN KEY (`precipitation`) REFERENCES `precipitation_ranges` (`id`) ON DELETE NO ACTION ON UPDATE NO ACTION,
  ADD CONSTRAINT `timezone_id` FOREIGN KEY (`timezone`) REFERENCES `timezones` (`id`) ON DELETE NO ACTION ON UPDATE NO ACTION;

--
-- Constraints der Tabelle `observatory_to_research_areas`
--
ALTER TABLE `observatory_to_research_areas`
  ADD CONSTRAINT `observatory_id_3` FOREIGN KEY (`observatory_id`) REFERENCES `observatories` (`id`) ON DELETE CASCADE ON UPDATE NO ACTION,
  ADD CONSTRAINT `research_area_id_1` FOREIGN KEY (`research_area_id`) REFERENCES `research_areas` (`id`) ON DELETE NO ACTION ON UPDATE NO ACTION;

--
-- Constraints der Tabelle `observatory_to_scientific_contacts`
--
ALTER TABLE `observatory_to_scientific_contacts`
  ADD CONSTRAINT `observatory_id_1` FOREIGN KEY (`observatory_id`) REFERENCES `observatories` (`id`) ON DELETE CASCADE ON UPDATE NO ACTION,
  ADD CONSTRAINT `scientific_contact_id_1` FOREIGN KEY (`scientific_contact_id`) REFERENCES `scientific_contacts` (`id`) ON DELETE CASCADE ON UPDATE NO ACTION;

--
-- Constraints der Tabelle `observatory_to_targets`
--
ALTER TABLE `observatory_to_targets`
  ADD CONSTRAINT `observatory_id_7` FOREIGN KEY (`observatory_id`) REFERENCES `observatories` (`id`) ON DELETE CASCADE ON UPDATE NO ACTION,
  ADD CONSTRAINT `target_id_1` FOREIGN KEY (`target_id`) REFERENCES `targets` (`id`) ON DELETE NO ACTION ON UPDATE NO ACTION;

--
-- Constraints der Tabelle `observatory_to_telescopes`
--
ALTER TABLE `observatory_to_telescopes`
  ADD CONSTRAINT `observatory_id_2` FOREIGN KEY (`observatory_id`) REFERENCES `observatories` (`id`) ON DELETE CASCADE ON UPDATE NO ACTION,
  ADD CONSTRAINT `telescope_id_1` FOREIGN KEY (`telescope_id`) REFERENCES `telescopes` (`id`) ON DELETE CASCADE ON UPDATE NO ACTION;

--
-- Constraints der Tabelle `sensor_to_scientific_contacts`
--
ALTER TABLE `sensor_to_scientific_contacts`
  ADD CONSTRAINT `scientific_contact_id_2` FOREIGN KEY (`scientific_contact_id`) REFERENCES `scientific_contacts` (`id`) ON DELETE CASCADE ON UPDATE NO ACTION,
  ADD CONSTRAINT `sensor_id_2` FOREIGN KEY (`sensor_id`) REFERENCES `sensors` (`id`) ON DELETE CASCADE ON UPDATE NO ACTION;

--
-- Constraints der Tabelle `space_missions`
--
ALTER TABLE `space_missions`
  ADD CONSTRAINT `mission_agency_id` FOREIGN KEY (`mission_agency`) REFERENCES `agencies` (`id`) ON DELETE NO ACTION ON UPDATE NO ACTION;

--
-- Constraints der Tabelle `space_mission_to_research_areas`
--
ALTER TABLE `space_mission_to_research_areas`
  ADD CONSTRAINT `research_area_id_2` FOREIGN KEY (`research_area_id`) REFERENCES `research_areas` (`id`) ON DELETE NO ACTION ON UPDATE NO ACTION,
  ADD CONSTRAINT `space_mission_id_3` FOREIGN KEY (`space_mission_id`) REFERENCES `space_missions` (`id`) ON DELETE CASCADE ON UPDATE NO ACTION;

--
-- Constraints der Tabelle `space_mission_to_sensors`
--
ALTER TABLE `space_mission_to_sensors`
  ADD CONSTRAINT `sensor_id_1` FOREIGN KEY (`sensor_id`) REFERENCES `sensors` (`id`) ON DELETE CASCADE ON UPDATE NO ACTION,
  ADD CONSTRAINT `space_mission_id_1` FOREIGN KEY (`space_mission_id`) REFERENCES `space_missions` (`id`) ON DELETE CASCADE ON UPDATE NO ACTION;

--
-- Constraints der Tabelle `space_mission_to_targets`
--
ALTER TABLE `space_mission_to_targets`
  ADD CONSTRAINT `space_mission_id_2` FOREIGN KEY (`space_mission_id`) REFERENCES `space_missions` (`id`) ON DELETE CASCADE ON UPDATE NO ACTION,
  ADD CONSTRAINT `target_id_2` FOREIGN KEY (`target_id`) REFERENCES `targets` (`id`) ON DELETE NO ACTION ON UPDATE NO ACTION;

--
-- Constraints der Tabelle `telescopes`
--
ALTER TABLE `telescopes`
  ADD CONSTRAINT `antenna_type_id` FOREIGN KEY (`antenna_type`) REFERENCES `antenna_types` (`id`) ON DELETE NO ACTION ON UPDATE NO ACTION,
  ADD CONSTRAINT `telescope_type_id` FOREIGN KEY (`telescope_type`) REFERENCES `telescope_types` (`id`) ON DELETE NO ACTION ON UPDATE NO ACTION,
  ADD CONSTRAINT `wavelength_unit_id_1` FOREIGN KEY (`wavelength_b_unit`) REFERENCES `wavelength_units` (`id`) ON DELETE NO ACTION ON UPDATE NO ACTION,
  ADD CONSTRAINT `wavelength_unit_id_2` FOREIGN KEY (`wavelength_e_unit`) REFERENCES `wavelength_units` (`id`) ON DELETE NO ACTION ON UPDATE NO ACTION;

--
-- Constraints der Tabelle `telescope_to_instruments`
--
ALTER TABLE `telescope_to_instruments`
  ADD CONSTRAINT `instrument_id_1` FOREIGN KEY (`instrument_id`) REFERENCES `instruments` (`id`) ON DELETE CASCADE ON UPDATE NO ACTION,
  ADD CONSTRAINT `telescope_id_2` FOREIGN KEY (`telescope_id`) REFERENCES `telescopes` (`id`) ON DELETE CASCADE ON UPDATE NO ACTION;

--
-- Constraints der Tabelle `users_statistics`
--
ALTER TABLE `users_statistics`
  ADD CONSTRAINT `users_statistics_ibfk_1` FOREIGN KEY (`user`) REFERENCES `users_list` (`id`) ON DELETE CASCADE;

/*!40101 SET CHARACTER_SET_CLIENT=@OLD_CHARACTER_SET_CLIENT */;
/*!40101 SET CHARACTER_SET_RESULTS=@OLD_CHARACTER_SET_RESULTS */;
/*!40101 SET COLLATION_CONNECTION=@OLD_COLLATION_CONNECTION */;
