-- phpMyAdmin SQL Dump
-- version 3.2.0.1
-- http://www.phpmyadmin.net
--
-- Host: localhost
-- Generation Time: Oct 04, 2011 at 09:45 AM
-- Server version: 5.1.37
-- PHP Version: 5.3.0

SET SQL_MODE="NO_AUTO_VALUE_ON_ZERO";


/*!40101 SET @OLD_CHARACTER_SET_CLIENT=@@CHARACTER_SET_CLIENT */;
/*!40101 SET @OLD_CHARACTER_SET_RESULTS=@@CHARACTER_SET_RESULTS */;
/*!40101 SET @OLD_COLLATION_CONNECTION=@@COLLATION_CONNECTION */;
/*!40101 SET NAMES utf8 */;

--
-- Database: `europlanet_na1`
--

-- --------------------------------------------------------

--
-- Table structure for table `additional_information`
--

DROP TABLE IF EXISTS `additional_information`;
CREATE TABLE IF NOT EXISTS `additional_information` (
  `id` int(10) unsigned NOT NULL,
  `further_contacts` text,
  `additional_instruments` text,
  `array_description` text,
  `backend_description` text,
  `research_comments` text,
  `general_comments` text,
  PRIMARY KEY (`id`),
  KEY `observatory_id_4` (`id`)
) ENGINE=InnoDB DEFAULT CHARSET=latin1;

--
-- Dumping data for table `additional_information`
--

INSERT INTO `additional_information` (`id`, `further_contacts`, `additional_instruments`, `array_description`, `backend_description`, `research_comments`, `general_comments`) VALUES
(1, '', '', '', '', '', ''),
(2, 'Dr Peter Thomas (observatory manager)\r\npkt@ulo.ucl.ac.uk', 'Solar View 50mm\r\nJoynson 6-inch refractor', '', '', 'New Metre-Class Telescope Project currently underway to acquire large modern telescope with remote and robotic observing capabilities\r\n(aperture 1m)', ''),
(3, '', '', '', '', '', ''),
(4, '', 'Meteor camera cluster: 3xWatec 902DM2S video cams +2x3.8mm + 1x6mm lenses, 45% sky coverage. Commisioned 2005. \r\nPolar Bear pole-staring camera cluster: 3xStarlight Express H16 CCD+3x Nikor 85mm lenses, covers ~10 deg around NCP. Commisioned 2008.', '', '', '', ''),
(5, '', '', '', '', '', ''),
(6, '', '', '', '', '', ''),
(7, '', '', '', '', '', ''),
(8, '', '', '', '', '', ''),
(9, '', '', '', '', '', ''),
(10, '', '', '', '', '', ''),
(11, '', '', '', '', '', ''),
(12, '', '', '', '', '', ''),
(13, '', '', '', '', '', ''),
(14, '', '', '', '', '', ''),
(15, '', '', '', '', '', ''),
(16, '', '', '', '', '', ''),
(17, '', '', '', '', '', ''),
(18, '', '', '', '', '', ''),
(19, '', '', '', '', '', ''),
(20, 'HARUTYUNIAN Haik A., Dr.\r\n(Director) hhayk@bao.sci.am', 'SCORPIO Focal Reducer\r\nVAGR Integral Field Spectrograph', '', '', 'Undertook research on:\r\nDetection of extragalactic objects with UV continuum  \r\nSearch for flare stars', ''),
(21, 'Mary McCready (Project Leader)\r\nmccready@sri.com', 'More information on instruments can be found here: \r\nhttp://isr.sri.com/instruments.html', '', '', '', ''),
(22, '', 'Solar telescope 15cm aperture\r\n', 'Very Long Base Interferometry (VLBI)', 'GPS\r\nSpectrometers\r\nCDD Cameras', '', ''),
(23, '', '', '', '', 'Part of antenna array in Canberra and California', 'Alternative website:\r\nhttp://deepspace.jpl.nasa.gov/dsn/'),
(24, '', '', '', '', '', '4th most ancient observatory still functioning'),
(25, '', '', '', '', '', ''),
(26, '', '', '', '', '', ''),
(27, '', 'Bombonera\r\nSuper Polaris\r\nComet-Catcher with stellar CCD', '', '', '3SSS UNICORN-Project', ''),
(28, '', 'Several Spectrometer and Photometer are used as backends at each Telescope', '', '', '', 'Property of various universities/institutes: http://www.iac.es/adjuntos/cci/ottable.pdf\r\n(Go to link for further details)'),
(29, 'Charles Wrench\r\ncharles.wrench@stfc.ac.uk', '3GHz Doppler-polarisation radar\r\nCloud radar systems\r\nMeteorological sensors\r\nHigh power UV lidar', '', '', '', ''),
(30, '', 'Meade telescopes\r\nTransit telescope\r\n408 MHz pulsar telescope\r\nCelestrons', '', '', '', ''),
(32, '', 'Meade cadiotropic 10 inch (0.25m)\r\nDavies reftractor 8 inch (0.2m)\r\nMalta binoculars 6 inch (0.15m)\r\nWatson refractor 4.2 inch (0.11m)\r\nCoronado solar telescope 1.5 inch (0.04m)', '', '', '', 'Science Outreach: Open sessions for public (Tuesdays and Saturdays)'),
(33, '', 'ICOM R-7000 radio receiver', '', '', 'Part of Genesis Project', 'Observatory used and run by members of Norwich Astronomical Society'),
(34, '', '', '', '', 'Involved in GOCE Mission (ESA) and GNSS (GPS research)', ''),
(35, 'Pascal LOVIS\r\npascal.lovis@jura-observatory.ch', 'Coronograph 160mm\r\nOptec Temperature Compensated Focuser\r\nMCMT II Stepper motor-not', '', '', 'Discovered Comet P/2008 Q2 or Comet Ory', ''),
(36, '', 'Maksutov 90mm\r\nAPO Binoculars apochromatic 100mm\r\nPentax 75mm refractor', '', '', '', ''),
(37, '', '', '', '', 'Involved with the processing of data provided by the satellite INTEGRAL of the ESA.', ''),
(38, '', '\r\n', '', '', '', ''),
(39, '', '', '', '', '', ''),
(40, '', 'Dobsonian Telescope (Old Newton-Cassegrain)\r\nGalileo Telescopes \r\nBinoculars 20x1000 Miyauchi Fluorite Apo\r\nH-alpha filter ASP-60\r\nWAM-850 tracking device', '', '', '', ''),
(41, '', 'Solar Laboratory', '', '', '', ''),
(42, '', '', '', '', '', ''),
(43, '', '', '', '', '', ''),
(44, '', 'Two Telescopes 15cm aperture for Solar Observation\r\nH-Alpha, Ca II K, CN Filters, CDD Camera', '', '', '', ''),
(45, '', 'All-Sky Camera', '', '', 'Running a Comet and Asteroid Search Program (PIKA) and discovered several comets, NEOs, variable stars and supernovae', ''),
(46, '', '5 Meade Telescopes (0.35-0.4m)\r\n0.4m spectroscopic telescope\r\n0.3m Brinton Newtonian reflector\r\nObjective Prism Telescope\r\nH-alpha filter\r\nCeolostat', '', '', '', ''),
(47, 'Wang, Yi\r\n(Secretary of Chief Scientist)\r\nyw@bao.ac.cn', 'Solar Magnetic Field Telescope	350mm	2800mm\r\nFull-disc & Local H-Alpha Telescope	14cm	\r\nFull-disc H-Alpha Telescope	200mm	1800mm\r\nFull-disc Vector Magnetograph	100mm	770.86mm\r\nFull-disc Calcium Monochromator	8cm	', '', '', 'Involved in various research projects eg. Space Solar Telescope (SST), Balloon-Borne Telescope (BBT), and other solar activity research', ''),
(48, '', 'Photoheliograph\r\nTwin Spectroheliographs 6cm\r\nK-filtergrams', '', '', 'Its director, Evershed, discovered radial motion in sunspots (named the Evershed effect)', ''),
(49, '', 'Wind vane and Anemometer', '', '', '', 'Minor Planet Centre of the International Astronomical Union'),
(50, '', 'Photoelectric Photometers', '', '', 'Research projects include HERCULES (Large Echelle Spectograph) and MOA (Microlensing Observations)', ''),
(51, '', '', 'Australian Long Baseline Array VLBI network', '', '', ''),
(52, '', '0.5m Automatic Patrol Telescope\r\n0.6m Uppsala Schmidt Telescope', '', '', '', ''),
(53, '', 'Strömgren Photometer\r\nSpectrometer', '', '', '', ''),
(54, '', '', '', '', '', ''),
(55, '', '', '', '', '', ''),
(56, '', '', '', '', '', ''),
(57, '', '', '', '', '', ''),
(58, '', '', '', '', '', 'Currently being upgraded. Expected to be operational again in 2012.'),
(59, '', '', '', '', '', ''),
(60, 'cgoudis@astro.noa.gr', '', '', '', '', ''),
(61, '', '', '', '', '', ''),
(62, '', '', '', '', 'Involved in the SETI program', ''),
(63, '', '', '', '', '', ''),
(64, '', '', '', '', '', ''),
(65, '', 'Photon Counter Photometer\r\nSBIG STV Video Camera\r\n', '', '', '', ''),
(66, '', 'More details concerning the additional instruments can be found here: http://www.ct.astro.it/sln/strumenti.html', '', '', '', ''),
(67, '', 'Morais (43cm telescope) previously used for observing comets\r\nand is the largest telescope of its kind in Italy (2011)', '', '', '', ''),
(68, '', '', '', '', '', ''),
(69, '', '', '', '', '', ''),
(70, '', '', '', '', '', 'Schedule: http://www.ifa.haAugust-Januarywaii.edu/88inch/schedule/current.pdf \r\nForm: http://www.ifa.hawaii.edu/88inch/forms/uhform.pdf \r\nDeadline: 1st October for Feb-Jul, 1st April for Aug-Jan'),
(71, '', '', '', '', '\r\n', 'Schedule: http://www.jach.hawaii.edu/UKIRT/schedule/public/'),
(72, '', '', '', '', '', ''),
(73, 'Scott Dahm - sdahm@keck.hawaii.edu - HIRES (primary)\r\n Hien Tran - htran@keck.hawaii.edu - HIRES (secondary)', '', '', '', '', ''),
(74, '', '', '', 'http://www.naoj.org/Observing/Instruments/index.html', '\r\n', ''),
(75, '', '', '4 Auxillary Telescopes complement the 4 large optical telescopes to create an optical interferometer', 'Optical, Infrared Cameras and Spectrographs. http://www.eso.org/sci/facilities/paranal/instruments/overview.html', '', 'Three operation modes:\r\n* as a set of four independent telescopes\r\n* as a single large coherent interferometric instrument, for extra resolution\r\n* as a single large incoherent instrument, for extra light-gathering capacity\r\n\r\nProposals: http://www.eso.org/sci/observing/proposals/index.html March and September deadlines'),
(76, '', '', '', '', '', 'Proposals: http://www.eso.org/sci/observing/proposals/index.html\r\nMarch and September deadlines'),
(77, '', '', '10 x 25m Very Long Baseline interferometry in the radio spectrum. Telescopes are placed all over North America', '', '', 'Apply for time: http://my.nrao.edu/'),
(78, '', '', '8x6 m Telescopes for submillimetre observations 0.3-1.7 mm', '', '\r\n', ''),
(79, 'http://www.eso.org/sci/facilities/lpo/contact.html', '', '', '', '\r\n', ''),
(80, 'http://www.eso.org/sci/facilities/lpo/contact.html', '', '66 High precision antennas operationg at 0.3 to 9.6 mm. Fifty 12-meters diameter antennas will be used for interferometry, four 12-meters diameter antennas for total power and twelve 7-meters diameter antennas for short spacings interferometry. All the ALMA antennas will be equipped with ten frequency bands covering all atmospheric windows open from the Chajnantor site between 30GHz and 1THz', '', '', 'ALMA will begin scientific observations in the second half of 2011 and is scheduled to be fully operational by the end of 2012.'),
(81, 'http://www.eso.org/sci/facilities/lpo/contact.html', '', '', '', '', 'Observing proposals - March, September Deadlines:\r\nhttp://www.eso.org/sci/observing/proposals/index.html'),
(82, '', '', '', '', '', '');

-- --------------------------------------------------------

--
-- Table structure for table `agencies`
--

DROP TABLE IF EXISTS `agencies`;
CREATE TABLE IF NOT EXISTS `agencies` (
  `id` int(10) unsigned NOT NULL AUTO_INCREMENT,
  `acronym` varchar(20) NOT NULL,
  `name` text NOT NULL,
  `web_address` text NOT NULL,
  PRIMARY KEY (`id`)
) ENGINE=InnoDB  DEFAULT CHARSET=latin1 AUTO_INCREMENT=13 ;

--
-- Dumping data for table `agencies`
--

INSERT INTO `agencies` (`id`, `acronym`, `name`, `web_address`) VALUES
(1, 'NASA', 'National Aeronautics and Space Administration', 'http://www.nasa.gov/'),
(2, 'ESA', 'European Space Agency', 'http://www.esa.int/'),
(3, 'UKSA', 'UK Space Agency', 'http://www.ukspaceagency.bis.gov.uk/'),
(4, 'CNES', 'Centre National d''Études Spatiale', 'http://www.cnes.fr/'),
(5, 'CNSA', 'China National Space Administration', 'http://www.cnsa.gov.cn/'),
(6, 'JAXA', 'Japan Aerospace Exploration Agency', 'http://www.jaxa.jp'),
(7, 'SSAU', 'State Space Agency of Ukraine', 'http://www.nkau.gov.ua/'),
(8, 'AEB', 'Brazilian Space Agency', 'http://www.aeb.gov.br/'),
(9, 'DLR', 'Deutsches Zentrum für Luft- und Raumfahrt', 'http://www.dlr.de/'),
(10, 'ASI', 'Agenzia Spaziale Italiana', 'http://www.asi.it/'),
(11, 'ISRO', 'Indian Space Research Organisation', 'http://www.isro.org/'),
(12, 'ROSCOSMOS', 'Russian Federal Space Agency', 'http://www.roscosmos.ru/');

-- --------------------------------------------------------

--
-- Table structure for table `antenna_types`
--

DROP TABLE IF EXISTS `antenna_types`;
CREATE TABLE IF NOT EXISTS `antenna_types` (
  `id` int(10) unsigned NOT NULL AUTO_INCREMENT,
  `antenna_type` text NOT NULL,
  PRIMARY KEY (`id`)
) ENGINE=InnoDB  DEFAULT CHARSET=latin1 AUTO_INCREMENT=12 ;

--
-- Dumping data for table `antenna_types`
--

INSERT INTO `antenna_types` (`id`, `antenna_type`) VALUES
(1, '---'),
(2, 'Dipole'),
(3, 'Whip'),
(4, 'Loop'),
(5, 'Helical'),
(6, 'Yagi'),
(7, 'Log Periodic'),
(8, 'Conical'),
(9, 'Cylindrical'),
(10, 'Horn'),
(11, 'Parabolic');

-- --------------------------------------------------------

--
-- Table structure for table `clearnights_ranges`
--

DROP TABLE IF EXISTS `clearnights_ranges`;
CREATE TABLE IF NOT EXISTS `clearnights_ranges` (
  `id` int(10) unsigned NOT NULL AUTO_INCREMENT,
  `range` varchar(20) NOT NULL,
  PRIMARY KEY (`id`)
) ENGINE=InnoDB  DEFAULT CHARSET=latin1 AUTO_INCREMENT=8 ;

--
-- Dumping data for table `clearnights_ranges`
--

INSERT INTO `clearnights_ranges` (`id`, `range`) VALUES
(1, '<50'),
(2, '51-100'),
(3, '101-150'),
(4, '151-200'),
(5, '251-300'),
(6, '>300'),
(7, '---');

-- --------------------------------------------------------

--
-- Table structure for table `countries`
--

DROP TABLE IF EXISTS `countries`;
CREATE TABLE IF NOT EXISTS `countries` (
  `id` int(10) unsigned NOT NULL AUTO_INCREMENT,
  `acronym` varchar(5) NOT NULL,
  `name` text NOT NULL,
  PRIMARY KEY (`id`)
) ENGINE=InnoDB  DEFAULT CHARSET=latin1 AUTO_INCREMENT=233 ;

--
-- Dumping data for table `countries`
--

INSERT INTO `countries` (`id`, `acronym`, `name`) VALUES
(1, 'AF', 'Afghanistan'),
(2, 'AL', 'Albania'),
(3, 'DZ', 'Algeria'),
(4, 'AS', 'American Samoa'),
(5, 'AD', 'Andorra'),
(6, 'AO', 'Angola'),
(7, 'AI', 'Anguilla'),
(8, 'AQ', 'Antarctica'),
(9, 'AG', 'Antigua And Barbuda'),
(10, 'AR', 'Argentina'),
(11, 'AM', 'Armenia'),
(12, 'AW', 'Aruba'),
(13, 'AU', 'Australia'),
(14, 'AT', 'Austria'),
(15, 'AZ', 'Azerbaijan'),
(16, 'BS', 'Bahamas'),
(17, 'BH', 'Bahrain'),
(18, 'BD', 'Bangladesh'),
(19, 'BB', 'Barbados'),
(20, 'BY', 'Belarus'),
(21, 'BE', 'Belgium'),
(22, 'BZ', 'Belize'),
(23, 'BJ', 'Benin'),
(24, 'BM', 'Bermuda'),
(25, 'BT', 'Bhutan'),
(26, 'BO', 'Bolivia'),
(27, 'BA', 'Bosnia & Herzegovina'),
(28, 'BW', 'Botswana'),
(29, 'BV', 'Bouvet Island'),
(30, 'BR', 'Brazil'),
(31, 'IO', 'British Indian Ocean Territory'),
(32, 'BN', 'Brunei'),
(33, 'BG', 'Bulgaria'),
(34, 'BF', 'Burkina Faso'),
(35, 'BI', 'Burundi'),
(36, 'KH', 'Cambodia'),
(37, 'CM', 'Cameroon'),
(38, 'CA', 'Canada'),
(39, 'CV', 'Cape Verde'),
(40, 'KY', 'Cayman Islands'),
(41, 'CF', 'Central African Republic'),
(42, 'TD', 'Chad'),
(43, 'CL', 'Chile'),
(44, 'CN', 'China'),
(45, 'CX', 'Christmas Island'),
(46, 'CC', 'Cocos (Keeling) Islands'),
(47, 'CO', 'Colombia'),
(48, 'KM', 'Comoros'),
(49, 'CG', 'Congo'),
(50, 'ZR', 'Congo (The Democratic Republic Of The)'),
(51, 'CK', 'Cook Islands'),
(52, 'CR', 'Costa Rica'),
(53, 'CI', 'Cote D''Ivoire'),
(54, 'HR', 'Croatia'),
(55, 'CY', 'Cyprus'),
(56, 'CZ', 'Czech Republic'),
(57, 'DK', 'Denmark'),
(58, 'DJ', 'Djibouti'),
(59, 'DM', 'Dominica'),
(60, 'DO', 'Dominican Republic'),
(61, 'TP', 'East Timor'),
(62, 'EC', 'Ecuador'),
(63, 'EG', 'Egypt'),
(64, 'SV', 'El Salvador'),
(65, 'GQ', 'Equatorial Guinea'),
(66, 'ER', 'Eritrea'),
(67, 'EE', 'Estonia'),
(68, 'ET', 'Ethiopia'),
(69, 'FK', 'Falkland Islands'),
(70, 'FO', 'Faroe Islands'),
(71, 'FJ', 'Fiji'),
(72, 'FI', 'Finland'),
(73, 'FR', 'France'),
(74, 'FX', 'France Metropolitan'),
(75, 'GF', 'French Guiana'),
(76, 'PF', 'French Polynesia'),
(77, 'TF', 'French Southern Territories'),
(78, 'GA', 'Gabon'),
(79, 'GM', 'Gambia'),
(80, 'GE', 'Georgia'),
(81, 'DE', 'Germany'),
(82, 'GH', 'Ghana'),
(83, 'GI', 'Gibraltar'),
(84, 'GR', 'Greece'),
(85, 'GL', 'Greenland'),
(86, 'GD', 'Grenada'),
(87, 'GP', 'Guadeloupe'),
(88, 'GU', 'Guam'),
(89, 'GT', 'Guatemala'),
(90, 'GN', 'Guinea'),
(91, 'GW', 'Guinea-Bissau'),
(92, 'GY', 'Guyana'),
(93, 'HT', 'Haiti'),
(94, 'HM', 'Heard And Mc Donald Islands'),
(95, 'HN', 'Honduras'),
(96, 'HK', 'Hong Kong'),
(97, 'HU', 'Hungary'),
(98, 'IS', 'Iceland'),
(99, 'IN', 'India'),
(100, 'ID', 'Indonesia'),
(101, 'IE', 'Ireland'),
(102, 'IL', 'Israel'),
(103, 'IT', 'Italy'),
(104, 'JM', 'Jamaica'),
(105, 'JP', 'Japan'),
(106, 'JO', 'Jordan'),
(107, 'KZ', 'Kazakhstan'),
(108, 'KE', 'Kenya'),
(109, 'KI', 'Kiribati'),
(110, 'KW', 'Kuwait'),
(111, 'KG', 'Kyrgyzstan'),
(112, 'LA', 'Laos'),
(113, 'LV', 'Latvia'),
(114, 'LB', 'Lebanon'),
(115, 'LS', 'Lesotho'),
(116, 'LR', 'Liberia'),
(117, 'LI', 'Liechtenstein'),
(118, 'LT', 'Lithuania'),
(119, 'LU', 'Luxembourg'),
(120, 'MO', 'Macau'),
(121, 'MK', 'Macedonia (The F.Y.R. Of)'),
(122, 'MG', 'Madagascar'),
(123, 'MW', 'Malawi'),
(124, 'MY', 'Malaysia'),
(125, 'MV', 'Maldives'),
(126, 'ML', 'Mali'),
(127, 'MT', 'Malta'),
(128, 'MH', 'Marshall Islands'),
(129, 'MQ', 'Martinique'),
(130, 'MR', 'Mauritania'),
(131, 'MU', 'Mauritius'),
(132, 'YT', 'Mayotte'),
(133, 'MX', 'Mexico'),
(134, 'FM', 'Micronesia'),
(135, 'MD', 'Moldova'),
(136, 'MC', 'Monaco'),
(137, 'MN', 'Mongolia'),
(138, 'MS', 'Montserrat'),
(139, 'MA', 'Morocco'),
(140, 'MZ', 'Mozambique'),
(141, 'MM', 'Myanmar'),
(142, 'NA', 'Namibia'),
(143, 'NR', 'Nauru'),
(144, 'NP', 'Nepal'),
(145, 'NL', 'Netherlands'),
(146, 'AN', 'Netherlands Antilles'),
(147, 'NC', 'New Caledonia'),
(148, 'NZ', 'New Zealand'),
(149, 'NI', 'Nicaragua'),
(150, 'NE', 'Niger'),
(151, 'NG', 'Nigeria'),
(152, 'NU', 'Niue'),
(153, 'NF', 'Norfolk Island'),
(154, 'MP', 'Northern Mariana Islands'),
(155, 'NO', 'Norway'),
(156, 'OM', 'Oman'),
(157, 'PK', 'Pakistan'),
(158, 'PW', 'Palau'),
(159, 'PA', 'Panama'),
(160, 'PG', 'Papua New Guinea'),
(161, 'PY', 'Paraguay'),
(162, 'PE', 'Peru'),
(163, 'PH', 'Philippines'),
(164, 'PN', 'Pitcairn'),
(165, 'PL', 'Poland'),
(166, 'PT', 'Portugal'),
(167, 'PR', 'Puerto Rico'),
(168, 'QA', 'Qatar'),
(169, 'RE', 'Reunion'),
(170, 'RO', 'Romania'),
(171, 'RU', 'Russian Federation'),
(172, 'RW', 'Rwanda'),
(173, 'GS', 'S Georgia & S Sandwich Islands'),
(174, 'KN', 'Saint Kitts And Nevis'),
(175, 'LC', 'Saint Lucia'),
(176, 'VC', 'Saint Vincent & The Grenadines'),
(177, 'WS', 'Samoa'),
(178, 'SM', 'San Marino'),
(179, 'ST', 'Sao Tome And Principe'),
(180, 'SA', 'Saudi Arabia'),
(181, 'SN', 'Senegal'),
(182, 'YU', 'Serbia And Montenegro'),
(183, 'SC', 'Seychelles'),
(184, 'SL', 'Sierra Leone'),
(185, 'SG', 'Singapore'),
(186, 'SK', 'Slovakia'),
(187, 'SI', 'Slovenia'),
(188, 'SB', 'Solomon Islands'),
(189, 'SO', 'Somalia'),
(190, 'ZA', 'South Africa'),
(191, 'KR', 'South Korea'),
(192, 'ES', 'Spain'),
(193, 'LK', 'Sri Lanka'),
(194, 'SH', 'St. Helena'),
(195, 'PM', 'St. Pierre And Miquelon'),
(196, 'SR', 'Suriname'),
(197, 'SJ', 'Svalbard And Jan Mayen Islands'),
(198, 'SZ', 'Swaziland'),
(199, 'SE', 'Sweden'),
(200, 'CH', 'Switzerland'),
(201, 'TW', 'Taiwan'),
(202, 'TJ', 'Tajikistan'),
(203, 'TZ', 'Tanzania'),
(204, 'TH', 'Thailand'),
(205, 'TG', 'Togo'),
(206, 'TK', 'Tokelau'),
(207, 'TO', 'Tonga'),
(208, 'TT', 'Trinidad And Tobago'),
(209, 'TN', 'Tunisia'),
(210, 'TR', 'Turkey'),
(211, 'TM', 'Turkmenistan'),
(212, 'TC', 'Turks And Caicos Islands'),
(213, 'TV', 'Tuvalu'),
(214, 'UG', 'Uganda'),
(215, 'UA', 'Ukraine'),
(216, 'AE', 'United Arab Emirates'),
(217, 'GB', 'United Kingdom'),
(218, 'US', 'United States'),
(219, 'UM', 'United States Outlying Islands'),
(220, 'UY', 'Uruguay'),
(221, 'UZ', 'Uzbekistan'),
(222, 'VU', 'Vanuatu'),
(223, 'VA', 'Vatican City State'),
(224, 'VE', 'Venezuela'),
(225, 'VN', 'Vietnam'),
(226, 'VG', 'Virgin Islands (British)'),
(227, 'VI', 'Virgin Islands (U.S.)'),
(228, 'WF', 'Wallis And Futuna Islands'),
(229, 'EH', 'Western Sahara'),
(230, 'YE', 'Yemen'),
(231, 'ZM', 'Zambia'),
(232, 'ZW', 'Zimbabwe');

-- --------------------------------------------------------

--
-- Table structure for table `hidden_fields`
--

DROP TABLE IF EXISTS `hidden_fields`;
CREATE TABLE IF NOT EXISTS `hidden_fields` (
  `id` int(10) unsigned NOT NULL,
  `web_address` tinyint(1) NOT NULL DEFAULT '0',
  `address` tinyint(1) NOT NULL DEFAULT '0',
  `zip_code` tinyint(1) NOT NULL DEFAULT '0',
  `city` tinyint(1) NOT NULL DEFAULT '0',
  `phone` tinyint(1) NOT NULL DEFAULT '0',
  `email` tinyint(1) NOT NULL DEFAULT '0',
  `latitude` tinyint(1) NOT NULL DEFAULT '0',
  `longitude` tinyint(1) NOT NULL DEFAULT '0',
  `scientific_contacts` tinyint(1) NOT NULL DEFAULT '0',
  `further_contacts` tinyint(1) NOT NULL DEFAULT '0',
  PRIMARY KEY (`id`),
  KEY `observatory_id_5` (`id`)
) ENGINE=InnoDB DEFAULT CHARSET=latin1;

--
-- Dumping data for table `hidden_fields`
--

INSERT INTO `hidden_fields` (`id`, `web_address`, `address`, `zip_code`, `city`, `phone`, `email`, `latitude`, `longitude`, `scientific_contacts`, `further_contacts`) VALUES
(1, 0, 0, 0, 0, 0, 0, 0, 0, 0, 0),
(2, 0, 0, 0, 0, 0, 0, 0, 0, 0, 0),
(3, 0, 0, 0, 0, 1, 0, 0, 0, 0, 0),
(4, 0, 0, 0, 0, 1, 0, 0, 0, 1, 0),
(5, 0, 0, 0, 0, 0, 0, 0, 0, 0, 0),
(6, 0, 0, 0, 0, 0, 0, 0, 0, 0, 0),
(7, 0, 0, 0, 0, 0, 0, 0, 0, 0, 0),
(8, 0, 0, 0, 0, 0, 0, 0, 0, 0, 0),
(9, 0, 0, 0, 0, 0, 0, 0, 0, 0, 0),
(10, 0, 0, 0, 0, 0, 0, 0, 0, 0, 0),
(11, 0, 0, 0, 0, 0, 0, 0, 0, 0, 0),
(12, 0, 0, 0, 0, 0, 0, 0, 0, 0, 0),
(13, 0, 0, 0, 0, 0, 0, 0, 0, 0, 0),
(14, 0, 0, 0, 0, 0, 0, 0, 0, 0, 0),
(15, 0, 0, 0, 0, 0, 0, 0, 0, 0, 0),
(16, 0, 0, 0, 0, 0, 0, 0, 0, 0, 0),
(17, 0, 0, 0, 0, 0, 0, 0, 0, 0, 0),
(18, 0, 0, 0, 0, 0, 0, 0, 0, 0, 0),
(19, 0, 0, 0, 0, 0, 0, 0, 0, 0, 0),
(20, 0, 0, 0, 0, 0, 0, 0, 0, 0, 0),
(21, 0, 0, 0, 0, 0, 0, 0, 0, 0, 0),
(22, 0, 0, 0, 0, 0, 0, 0, 0, 0, 0),
(23, 0, 0, 0, 0, 0, 0, 0, 0, 0, 0),
(24, 0, 0, 0, 0, 0, 0, 0, 0, 0, 0),
(25, 0, 0, 0, 0, 0, 0, 0, 0, 0, 0),
(26, 0, 0, 0, 0, 0, 0, 0, 0, 0, 0),
(27, 0, 0, 0, 0, 0, 0, 0, 0, 0, 0),
(28, 0, 0, 0, 0, 0, 0, 0, 0, 0, 0),
(29, 0, 0, 0, 0, 0, 0, 0, 0, 0, 0),
(30, 0, 0, 0, 0, 0, 0, 0, 0, 0, 0),
(32, 0, 0, 0, 0, 0, 0, 0, 0, 0, 0),
(33, 0, 0, 0, 0, 0, 0, 0, 0, 0, 0),
(34, 0, 0, 0, 0, 0, 0, 0, 0, 0, 0),
(35, 0, 0, 0, 0, 0, 0, 0, 0, 0, 0),
(36, 0, 0, 0, 0, 0, 0, 0, 0, 0, 0),
(37, 0, 0, 0, 0, 0, 0, 0, 0, 0, 0),
(38, 0, 0, 0, 0, 0, 0, 0, 0, 0, 0),
(39, 0, 0, 0, 0, 0, 0, 0, 0, 0, 0),
(40, 0, 0, 0, 0, 0, 0, 0, 0, 0, 0),
(41, 0, 0, 0, 0, 0, 0, 0, 0, 0, 0),
(42, 0, 0, 0, 0, 0, 0, 0, 0, 0, 0),
(43, 0, 0, 0, 0, 0, 0, 0, 0, 0, 0),
(44, 0, 0, 0, 0, 0, 0, 0, 0, 0, 0),
(45, 0, 0, 0, 0, 0, 0, 0, 0, 0, 0),
(46, 0, 0, 0, 0, 0, 0, 0, 0, 0, 0),
(47, 0, 0, 0, 0, 0, 0, 0, 0, 0, 0),
(48, 0, 0, 0, 0, 0, 0, 0, 0, 0, 0),
(49, 0, 0, 0, 0, 0, 0, 0, 0, 0, 0),
(50, 0, 0, 0, 0, 0, 0, 0, 0, 0, 0),
(51, 0, 0, 0, 0, 0, 0, 0, 0, 0, 0),
(52, 0, 0, 0, 0, 0, 0, 0, 0, 0, 0),
(53, 0, 0, 0, 0, 0, 0, 0, 0, 0, 0),
(54, 0, 0, 0, 0, 0, 0, 0, 0, 0, 0),
(55, 0, 0, 0, 0, 0, 0, 0, 0, 0, 0),
(56, 0, 0, 0, 0, 0, 0, 0, 0, 0, 0),
(57, 0, 0, 0, 0, 0, 0, 0, 0, 0, 0),
(58, 0, 0, 0, 0, 0, 0, 0, 0, 0, 0),
(59, 0, 0, 0, 0, 0, 0, 0, 0, 0, 0),
(60, 0, 0, 0, 0, 0, 0, 0, 0, 1, 0),
(61, 0, 0, 1, 0, 0, 0, 0, 0, 0, 1),
(62, 0, 0, 1, 0, 0, 0, 0, 0, 0, 1),
(63, 0, 0, 1, 0, 0, 0, 0, 0, 0, 1),
(64, 0, 0, 1, 0, 0, 0, 0, 0, 0, 1),
(65, 0, 0, 0, 0, 0, 0, 0, 0, 0, 0),
(66, 0, 0, 1, 0, 0, 0, 0, 0, 1, 1),
(67, 0, 0, 1, 0, 0, 0, 0, 0, 0, 1),
(68, 0, 0, 1, 1, 0, 0, 0, 0, 1, 1),
(69, 0, 0, 1, 0, 0, 1, 1, 1, 1, 1),
(70, 0, 0, 0, 0, 0, 0, 0, 0, 0, 0),
(71, 0, 0, 0, 0, 0, 0, 0, 0, 0, 0),
(72, 0, 0, 0, 0, 0, 0, 0, 0, 0, 0),
(73, 0, 0, 0, 0, 0, 1, 0, 0, 0, 0),
(74, 0, 0, 0, 0, 0, 0, 0, 0, 0, 0),
(75, 0, 0, 0, 0, 0, 0, 0, 0, 0, 0),
(76, 0, 0, 0, 0, 0, 0, 0, 0, 0, 0),
(77, 0, 0, 0, 0, 0, 0, 0, 0, 0, 0),
(78, 0, 0, 0, 0, 0, 0, 0, 0, 0, 0),
(79, 0, 0, 0, 0, 0, 0, 0, 0, 0, 0),
(80, 0, 0, 0, 0, 0, 0, 0, 0, 0, 0),
(81, 0, 0, 0, 0, 0, 0, 0, 0, 0, 0),
(82, 0, 0, 0, 0, 0, 0, 0, 0, 0, 0);

-- --------------------------------------------------------

--
-- Table structure for table `instruments`
--

DROP TABLE IF EXISTS `instruments`;
CREATE TABLE IF NOT EXISTS `instruments` (
  `id` int(10) unsigned NOT NULL AUTO_INCREMENT,
  `instrument_name` text,
  `instrument_type` int(10) unsigned NOT NULL,
  `focal_position` text,
  `wavelength` text,
  `wavelength_begin` float(10,6) DEFAULT NULL,
  `wavelength_b_unit` int(10) unsigned NOT NULL,
  `wavelength_end` float(10,6) DEFAULT NULL,
  `wavelength_e_unit` int(10) unsigned NOT NULL,
  `spatial_resolution` text,
  `spectral_resolution` text,
  `polarisation` text,
  `field_of_view` text,
  `max_frames_per_sec` float DEFAULT NULL,
  `frame_size` text,
  `min_exposure_time` float DEFAULT NULL,
  `max_exposure_time` float DEFAULT NULL,
  `color_bw_chip` tinyint(1) DEFAULT NULL,
  `ccd_chip_type` text,
  `comments` text,
  PRIMARY KEY (`id`),
  KEY `instrument_type_id` (`instrument_type`),
  KEY `wavelength_unit_id_3` (`wavelength_b_unit`),
  KEY `wavelength_unit_id_4` (`wavelength_e_unit`)
) ENGINE=InnoDB  DEFAULT CHARSET=latin1 AUTO_INCREMENT=197 ;

--
-- Dumping data for table `instruments`
--

INSERT INTO `instruments` (`id`, `instrument_name`, `instrument_type`, `focal_position`, `wavelength`, `wavelength_begin`, `wavelength_b_unit`, `wavelength_end`, `wavelength_e_unit`, `spatial_resolution`, `spectral_resolution`, `polarisation`, `field_of_view`, `max_frames_per_sec`, `frame_size`, `min_exposure_time`, `max_exposure_time`, `color_bw_chip`, `ccd_chip_type`, `comments`) VALUES
(5, 'Artemis Art-4021', 5, '', '', 0.000000, 1, 0.000000, 1, '', '', '', '', 0, '2048 x 2048', 0.0001, 0, 1, 'Kodak KAI4021', '3 additional astro-cameras'),
(6, 'SBIG ST-7XME', 5, '', '', 0.000000, 1, 0.000000, 1, '', '', '', '', 4, '765 x 510', 0.12, 3600, 1, 'KAF-0402ME', 'BVR Custom Scientific Photometric filters and SBIG CFW9 Filter Wheel.'),
(7, 'CCD ST-7', 5, '', '', 0.000000, 1, 0.000000, 1, '', '', '', '', 0, '765x510', 0, 0, 1, 'CCD KAF0400', 'SBIG CFW-8 Color Filter Wheel'),
(8, 'CCD 2000XCM', 5, '', '', 0.000000, 1, 0.000000, 1, '', '', '', '', 0, '1600x1200', 0, 0, 0, 'Kodak KAI-2020CM + TI TC-237', 'SBIG CFW-8 Color Filter Wheel'),
(10, 'SBIG ST-7', 5, '', '', 0.000000, 1, 0.000000, 1, '', '', '', '', 0, '765x510', 0, 0, 0, 'Kodak KAF-0402ME + TI TC-237', ''),
(11, '', 1, '', '', 0.000000, 1, 0.000000, 1, '', '', '', '', 0, '', 0, 0, 0, '', ''),
(12, 'Schmidt Camera 40cm CCD', 5, '', '', 0.000000, 1, 0.000000, 1, '', '', '', '', 0, '', 0, 0, 0, '', ''),
(17, 'SBIG ST-8XME', 5, '', '', 0.000000, 1, 0.000000, 1, '', '', '', '19x12.6 arcmin', 0, '1530x1020', 0, 0, 0, '', ''),
(18, 'SBIG STL-6303E', 5, '', '', 0.000000, 1, 0.000000, 1, '', '', '', '18x24 arcmin', 0, '3072x2048', 0, 0, 0, 'KAF-6303E/LE', ''),
(19, 'Apogee Alta U47 16Bit', 5, '', '', 0.000000, 1, 0.000000, 1, '', '', '', '55x55 arcmin', 0, '1024x1024', 0, 0, 0, '', ''),
(20, 'Apogee Alta U900 camera', 5, '', '', 0.000000, 1, 0.000000, 1, '', '', '', '18x18 arcmin', 0, '3056x3056', 0, 0, 0, 'Kodak KAF-09000', ''),
(21, 'SBIG ST-8XME', 5, '', '', 0.000000, 1, 0.000000, 1, '', '', '', '', 0, '1530x1020', 0, 0, 0, 'Kodak KAF-1603ME + TI TC-237', ''),
(22, 'SBIG ST-10XME', 5, '', '', 0.000000, 1, 0.000000, 1, '', '', '', '', 0, '2184 x 1472', 0, 0, 0, 'Kodak KAF-3200ME + TI TC-237', ''),
(23, 'Apogee Alta U42', 5, '', '', 0.000000, 1, 0.000000, 1, '', '', '', '', 0, '2048x2048', 0, 0, 0, 'CCD42-40', '9 slotted color filter wheel'),
(24, 'Marconi EEV CCD', 5, '', '', 0.000000, 1, 0.000000, 1, '', '', '', '0.9x0.6 degree', 0, '540x380', 0, 0, 0, 'EEV-CCD02-06-1-206,', ''),
(25, 'Finger Lake Instruments', 5, '', '', 0.000000, 1, 0.000000, 1, '', '', '', '42x42 arcmin', 0, '1024x1024', 0, 0, 0, '', ''),
(26, 'Finger Lake Instruments', 5, '', '', 0.000000, 1, 0.000000, 1, '', '', '', '22x22 arcmin', 0, '1024x1024', 0, 0, 0, '', ''),
(32, 'Vacuum fibre-fed échelle spectrograph', 1, '', '370nm - 890nm', 0.000000, 1, 0.000000, 1, '', '', '', '', 0, '', 0, 0, 0, '', ''),
(33, 'Direct Camera / Camera with Spectrometer', 5, '', '', 0.000000, 1, 0.000000, 1, '', '', '', '', 0, '4000x4000', 12000, 60, 0, '', 'Filters: UG1 2mm; GG385 2mm; GG495 2mm; RG610 3mm'),
(34, 'Princeton Instruments VersArray 2048B', 5, '', '', 0.000000, 1, 0.000000, 1, '', '', '', '7.92x7.92 arcmin', 0, '2048x2048', 0, 0, 0, '', ''),
(35, 'Princeton Instruments VersArray 1024B', 5, '', '', 0.000000, 1, 0.000000, 1, '', '', '', '5 arcmin', 0, '1024x1024', 0, 0, 0, 'SITeAB, back-illuminated, Grade 1', ''),
(36, 'RISE2 Andor DW435', 5, '', '', 0.000000, 1, 0.000000, 1, '', '', '', '10 arcmin', 0, '1024x1024', 0, 0, 0, 'E2V CCD47-20 back-illuminated', ''),
(37, 'Astronomical Research Cameras, Inc, GENIII', 5, '', '', 0.000000, 1, 0.000000, 1, '', '', '', '10 arcmin', 0, '4096x4096', 0, 0, 0, 'Fairchild Imaging CCD486, back-illuminated, Grade 1 ', ''),
(38, 'Manchester Echelle Spectrometer', 1, '', '390nm - 750nm', 0.000000, 1, 0.000000, 1, '', '<=105', '', '', 0, '', 0, 0, 0, '', ''),
(51, 'FLI Camera Pro', 5, '', '', 0.000000, 1, 0.000000, 1, '', '', '', '', 0, '1024x1024', 0, 0, 0, 'Kodak KAF-1100E', ''),
(52, 'HI-SIS 23 Camera', 5, '', '', 0.000000, 1, 0.000000, 1, '', '', '', '', 0, '765x510', 0, 0, 0, 'Kodak KAF-401E', ''),
(53, 'HI-SIS 33 Camera', 5, '', '', 0.000000, 1, 0.000000, 1, '', '', '', '', 0, '512x512', 0, 0, 0, 'Thompson', ''),
(54, 'HI-SIS 39 Camera', 5, '', '', 0.000000, 1, 0.000000, 1, '', '', '', '', 0, '1024x1024', 0, 0, 0, 'Kodak KAF-1100E', ''),
(61, 'ASTROMED-UK', 5, '', '', 0.000000, 1, 0.000000, 1, '', '', '', '', 0, '1152x1296', 0, 0, 0, '', 'UBVRI Filters'),
(62, '2.3m Imager', 5, 'f/18 Nasmyth focus', '', 0.000000, 1, 0.000000, 1, '', '', '', '6.62 arcmin', 0, '', 0, 0, 0, 'SITe thinned CDD with 24micron pixels', ''),
(63, 'SBIG ST-9XE', 5, '', '', 0.000000, 1, 0.000000, 1, '', '', '', '', 0, '512x512', 0, 0, 0, 'Kodak KAF-0261E + TI TC-237', ''),
(68, 'Princeton Instruments VersArray 1300B', 5, '', '', 0.000000, 1, 0.000000, 1, '', '', '', '', 0, '1340x1300', 0, 0, 0, 'EEV CCD36-40', ''),
(69, 'Photometrics AT200 CCD Camera', 5, '', '', 0.000000, 1, 0.000000, 1, '', '', '', '', 0, '1536x1024', 0, 0, 0, 'Kodak KAF-1600, UV coated', ''),
(70, 'Andor iXon + 888 back-illuminated EMCCD ', 5, '', '', 0.000000, 1, 0.000000, 1, '', '', '', '', 8.9, '1024x1024', 0, 0, 0, 'e2V CCD201-20', 'Omega Optical Bessell U, B, V, R, I and Clear Filters'),
(71, 'Apogee Alta U16', 5, '', '', 0.000000, 1, 0.000000, 1, '', '', '', '', 0, '4096x4096', 0, 0, 0, '&#65279;Kodak KAF-16801E', 'Optec IFW 3" filter wheel, Bessell 1990 BVRI filters'),
(74, 'CCD Camera', 5, '', '', 0.000000, 1, 0.000000, 1, '', '', '', '', 0, '1024x1024', 0, 0, 0, 'SITEe Chip (SI033B)', 'Filters: UBVRI'),
(75, 'Starlight Xpress SXVR-H36', 5, '', '', 0.000000, 1, 0.000000, 1, '', '', '', '', 0, '4904x3280', 0, 0, 0, 'Kodak KAI16000M', 'Filters: Starlight Xpress + Astronomik LRGB 50mm'),
(82, 'Tektronix CCD', 5, '', '', 0.000000, 1, 0.000000, 1, '', '', '', '7.5x7.5 arcmin', 0, '2048x2048', 0, 0, 0, '', 'U*BVRIz filters'),
(83, 'Optic CCD', 5, '', '', 0.000000, 1, 0.000000, 1, '', '', '', '9.3x9.3 arcmin', 0, '2048x4096', 0, 0, 0, '', 'Two Orthogonal Transfer CCDs\r\nU*BVRIz filters'),
(84, 'UH8k wide-field imager', 5, '', '', 0.000000, 1, 0.000000, 1, '', '', '', '33x33 arcmin', 0, '8192x8192', 0, 0, 0, '', 'Mosaic CCD camera with eigth 2048x4092\r\nVRI and V+R filters\r\nHalpha and [SII] filters on order\r\ngriz filters will be ordered soon '),
(85, 'ULBCAM infrared camera', 5, '', 'infrared, ', 0.000000, 1, 0.000000, 1, '', '', '', '17x17 arcmin', 0, '', 0, 0, 0, '', 'Mosaic infrared camera with four close-packed 2048x2048 arrays\r\nJ and H filters only\r\nThermal IR imaging is not possible with this camera'),
(86, 'Wide Field Grism Spectrograph 2', 1, '', '380-970nm', 0.000000, 1, 0.000000, 1, '', '', '', '11x11 arcmin', 0, '', 0, 0, 0, '', 'griz, wide Halpha, Halpha, and [SII] filters'),
(87, 'Supernova Integral Field Spectrogaph (SNIFS)', 5, '', '320-560nm, 520-1000nm', 0.000000, 1, 0.000000, 1, '', '', '', '6x6', 0, '', 0, 0, 0, '', ''),
(88, 'WFCAM Wide Field Infrared Camera', 5, '', '', 0.000000, 1, 0.000000, 1, '', '', '', '', 0, '', 0, 0, 0, '', 'http://www.jach.hawaii.edu/UKIRT/instruments/wfcam'),
(89, 'IRPOL Infra-Red Polarimetry facility', 3, '', '', 0.000000, 1, 0.000000, 1, '', '', '', '', 0, '', 0, 0, 0, '', 'http://www.jach.hawaii.edu/UKIRT/instruments/irpol/irpol.html'),
(90, 'CGS4', 1, '', '1-5um', 0.000000, 1, 0.000000, 1, '0.41x0.90 arcsec per pixel', '', '', '', 0, '256x256 InSb array', 0, 0, 0, '', 'http://www.jach.hawaii.edu/UKIRT/instruments/cgs4/cgs4.html'),
(91, 'UFTI UKIRT Fast-Track Imager', 5, '', '', 0.000000, 1, 0.000000, 1, '0.091 arcsec per pixel', '', '', '92 arcsec', 0, '1024x1024 HgCdTe array', 0, 0, 0, '', 'http://www.jach.hawaii.edu/UKIRT/instruments/ufti/ufti.html'),
(92, 'UIST UKIRT 1-5 micron Imager Spectrometer', 1, '', '1-5 um', 0.000000, 1, 0.000000, 1, '0.12 or 0.06 arcsec per pixel', '', '', '2x2 or 1x1 arcminute', 0, '1024x1024 InSb array', 0, 0, 0, '', 'http://www.jach.hawaii.edu/UKIRT/instruments/uist/uist.html\r\nhttp://docs.jach.hawaii.edu/UKIRT/SPIE/5492/1160/Howatt_UIST_2004.pdf'),
(96, 'Bolocam large-format bolometric camera', 5, '', '1.1-2.1 mm', 0.000000, 1, 0.000000, 1, '38 arcsec per pixel', '', '', '8 arcmin (circular)', 0, '115 pixels hexagonal', 0, 0, 0, '', 'http://www.cso.caltech.edu/bolocam/'),
(97, 'SHARCII Submillimeter High Angular Resolution Camera', 5, '', '350/450/850 um', 0.000000, 1, 0.000000, 1, '4.85 arcsec per pixel', '', '', '2.59x0.97 arcminute', 0, '12x32 pixel bolometer array', 0, 0, 0, '', 'http://www.submm.caltech.edu/%7Esharc/'),
(106, 'HIRESr, HIRESb', 1, '', '0.3-1 um', 0.000000, 1, 0.000000, 1, '', '', '', '', 0, '', 0, 0, 0, '', 'http://www2.keck.hawaii.edu/inst/hires/'),
(107, 'MOSFIRE NearIfraRed multi-object spectrograph', 1, 'Cassegrain focus', '', 0.000000, 1, 0.000000, 1, '', '', '', '6x3 arcmin', 0, '2000x2000', 0, 0, 0, 'Teledyne Hawaii 2RG HgCdTe detector', 'http://www2.keck.hawaii.edu/inst/mosfire/'),
(108, 'LRIS Low Resolution Imaging Spectrometer', 1, 'Cassegrain focus', '', 0.000000, 1, 0.000000, 1, '0.135 arcsec per pixel', '', '', '6×7.8 arcmin', 0, '', 0, 0, 0, '', 'http://www2.keck.hawaii.edu/inst/lris/\r\nThe red camera uses a mosaic of two LBNL 2k x 4k fully depleted, high resistivity CCD detectors. The blue camera has a mosaic of 2 2Kx4K Marconi CCDs.\r\n'),
(109, 'DEIMOS DEep Imaging Multi-Object Spectrograph', 1, '', '', 0.000000, 1, 0.000000, 1, '', '', '', '81.5 X 81.5 arcmin', 0, '8000X8000', 0, 0, 0, '', 'http://www2.keck.hawaii.edu/inst/deimos/'),
(110, 'OSIRIS near-infrared integral field spectrograph', 1, '', '', 0.000000, 1, 0.000000, 1, '', '3800 R', '', '', 0, '2048x2048', 0, 0, 0, 'infrared array', 'http://www2.keck.hawaii.edu/inst/osiris/'),
(111, 'NIRC-2 near-infrared instrument', 5, 'Cassegrain focus', '0.9-5.3 um', 0.000000, 1, 0.000000, 1, '0.00994/0.01982/0.03968 arcsec per pixel', '', '', '10x10/20x20/40x40 arcsec', 0, '1024x1024', 0.25, 0, 0, 'InSb Aladdin-3 array', 'http://www2.keck.hawaii.edu/inst/nirc2/'),
(112, 'NIRSPEC', 1, '', '0.95-5.5 um', 0.000000, 1, 0.000000, 1, '', '25000/10800/2500 R', '', '', 0, '1024x1024', 0, 0, 0, '', 'http://www2.keck.hawaii.edu/inst/nirspec/'),
(113, 'ESI multi-mode spectrograph and imager', 1, 'Cassegrain focus', '0.39-1.1 um', 0.000000, 1, 0.000000, 1, '0.154 arcsec per pixel', '', '', '3 arcminutes', 0, '2048x4096', 0, 0, 0, 'MIT-Lincoln Labs', 'http://www2.keck.hawaii.edu/inst/esi/'),
(114, 'AO188', 5, 'Nasmyth focus (IR)', '0.9-5.3 um', 0.000000, 1, 0.000000, 1, '', '', '', '2.7 arcmin', 0, '', 0, 0, 0, '', 'Subaru 188-elements Adaptive Optics system - delivers diffraction-limited images in the near-infrared.\r\nhttp://www.naoj.org/Observing/Instruments/AO/index.html'),
(115, 'Suprime-Cam', 5, 'Prime focus', '', 0.000000, 1, 0.000000, 1, '0.20 arcsec per pixel', '', '', '~34x27 arcmin', 0, '10 * 2048x4096 (arranged in 5x2 pattern) / 15 um per pixel', 0, 0, 0, 'Hamamatsu Photonics KK 2048x4096 (S10892-01)', 'Subaru Prime Focus Camera - provides optical imaging over a large field of view with a mosaic of CCDs.\r\nhttp://www.naoj.org/Observing/Instruments/SCam/index.html'),
(116, 'MOIRCS', 5, '', '0.9-2.5 um', 0.000000, 1, 0.000000, 1, '0.117 arcsec per pixel', 'R=500/1300/3000', '', '4x7 arcmin', 0, '2048x2048 / 18 um per pixel', 0, 0, 0, '2 * HAWAII-2 2048x2048 arrays', 'Multi-Object Infrared Camera and Spectrograph - provides imaging and low-resolution spectroscopy from 0.9-2.5 microns over a 4 arcmin x 7 arcmin field of view.\r\nhttp://www.naoj.org/Observing/Instruments/index.html'),
(117, 'IRCS', 5, 'Infrared Nasmyth focus', '0.9-5.6 um', 0.000000, 1, 0.000000, 1, '', '', '', '21 arcsec / 54 arcsec', 0, '2*1024x1024 / 27 um per pixel', 0, 0, 0, '2*1024x1024 ALADDIN III arrays', 'Infrared Camera and Spectrograph - provides imaging from 0.9-5.5 microns, and low-resolution and echelle spectroscopy over the same range.\r\nhttp://www.naoj.org/Observing/Instruments/IRCS/index.html'),
(118, 'HDS', 1, '', '0.3-1 um ', 0.000000, 1, 0.000000, 1, '0.138 arcsec per pixel', 'R<160 000', '', '', 0, '2*2048x4096 / 13.5 um per pixel', 0, 1, 0, '2 2K x 4K CCDs (EEV CCD42-80)', 'High Dispersion Spectrograph - provides extremely high-resolution optical spectroscopy.\r\nhttp://www.naoj.org/Observing/Instruments/HDS/index.html'),
(119, 'FOCAS', 5, 'Cassegrain focus', '0.370-1 um', 0.000000, 1, 0.000000, 1, '0.104 arcsec per pixel', '', '', '6 arcmin (circular)', 0, '2*2048x4096 / 15 um per pixel', 0, 0.5, 0, '2 2K x 4K 4-side buttable CCDs (Hamamatsu)', 'Faint Object Camera And Spectrograph - provides optical imaging and longslit and multi-slit spectroscopy over a 6 arcmin field of view.\r\nhttp://www.naoj.org/Observing/Instruments/FOCAS/index.html'),
(120, 'FMOS', 1, 'Subaru prime focus', '0.9-1.8 um', 0.000000, 1, 0.000000, 1, '', 'R=600/2200', '', '30 arcmin diameter', 0, '2048x2048 / 18 um per pixel', 0, 0, 0, 'HAWAII-2 (Sci #55)/HAWAII-2 (Sci #90)', 'Fiber Multi Object Spectrograph - provides fiber-fed multi-object spectroscopy from 0.9-1.8 microns over a 30 arcmin field of view.\r\nhttp://www.naoj.org/Observing/Instruments/FMOS/index.html'),
(121, 'COMICS', 1, 'Cassegrain focus', '7.5-25 um', 0.000000, 1, 0.000000, 1, '0.13 arcsec per pixel (imaging)/0.165 arcsec per pixel (spectroscopy)', '', '', '42x32 arcsec', 0, '320 x 240', 0, 0, 0, '6 320 x 240 Si:As IBC detectors  1 for imaging, 5 for spectroscopy', 'Cooled Mid-Infrared Camera and Spectrograph - provides imaging and spectroscopy from 8-25 microns.\r\nhttp://www.naoj.org/Observing/Instruments/COMICS/index.html'),
(122, 'GMOS', 1, '', '0.36-1.10 um', 0.000000, 1, 0.000000, 1, '0.0809 arcsec per pixel', '', '', '5.5 arcmin', 0, '6144x4176 / 15 um per pixel', 0, 0, 0, 'GMOS-N Array (Hamamatsu), Three ~ 2048x4176 chips in a row with ~ 1mm gaps', 'multi-object, long-slit and IFU spectrograph and imager\r\nhttp://www.gemini.edu/sciops/instruments/?q=node/11395'),
(123, 'TEXES', 1, '', '5-25 um', 0.000000, 1, 0.000000, 1, '', 'R~100000', '', '', 0, '', 0, 0, 0, '', 'Texas Echelon Cross Echelle Spectrograph\r\nhttp://www.gemini.edu/sciops/instruments/?q=node/10231\r\n*Visiting instrument. Future availability to be determined!'),
(124, 'Michelle', 1, '', '8-13, 16-25 um', 0.000000, 1, 0.000000, 1, '0.1005, 0.183 arcsec per pixel', '', '', '', 0, '320x240', 0, 0, 0, 'Si:As IBC array', 'mid-infrared (7-26 micron) imager and spectrometer\r\nhttp://www.gemini.edu/sciops/instruments/?q=node/10009'),
(125, 'GNIRS', 1, '', '1.0-5.4  um', 0.000000, 1, 0.000000, 1, '0.15, 0.05 arcsec per pix', 'R=1700, 5000, 18000', '', '', 0, '', 0, 0, 0, '', '1-5µm long-slit and 0.9-2.5µm cross-dispersed spectrograph\r\nhttp://www.gemini.edu/sciops/instruments/?q=node/10238\r\n*currently being re-commissioned!'),
(126, 'NIFS', 1, '', '1-2.5 um', 0.000000, 1, 0.000000, 1, '', 'R=5000', '', '3x3 arcsec', 0, '', 0, 0, 0, '', '1.0-2.5µm Near-Infrared Integral Field Spectrometer\r\nhttp://www.gemini.edu/sciops/instruments/?q=node/10230'),
(140, 'CRIRES', 1, '', '0.92–5.2 um', 0.000000, 1, 0.000000, 1, '0.086 arcseconds per pixel', 'R<100000', '', '', 0, '3 * 1024x1024 ', 0, 0, 0, 'mosaic of 3 x Aladdin III InSb arrays. Each array has 1024 x 1024 pixels', 'Cryogenic high-resolution InfraRed Echelle Spectrograph [Mounted on UT1]\r\n\r\nScience goals: search for exoplanets, Solar System objects, stellar evolution and abundances, star forming regions, active galactic nuclei'),
(141, 'MIDI ', 2, '', '8–13 um', 0.000000, 1, 0.000000, 1, '', 'R=30–230', '', '', 0, '320x240', 0, 0, 0, '320 x 240 pixel Raytheon Si:As Impurity Band Conduction (IBC) array', 'MID-infrared Interferometric instrument, combining two beams, either from the UTs or from the ATs.\r\n\r\nScience goals: dust rings around black holes at the centres of quasars, circumstellar discs of forming stars, dust in the atmospheres of giant stars'),
(142, 'X-shooter', 1, '', '300–2500 nm (split in 3 arms)', 0.000000, 1, 0.000000, 1, '0.16(blue, red), 0.21(near-infrared) arcsec per pixel', 'R=4000–14000', '', '', 0, '4096x2048', 0, 0, 0, '4k x 2k pixel E2V CCD (blue), 4k x 2k pixel MIT/LL CCD (red), 2k x 1k pixel Hawaii-2RG infrared array (NIR)', 'Multi-wavelength medium resolution spectrograph [Mounted on UT2]\r\n\r\nScience goals: gamma-ray bursts, as well as spectra of low-metallicity stars, X-ray binaries, distant quasars and galaxies, nebulae '),
(143, 'VISIR', 5, '', '8–13, 16.5–24.5 um', 0.000000, 1, 0.000000, 1, '0.075, 0.127 arcsec per pixel', 'R=350–25000', '', '19.2x19.2, 32.3x32.3 arcsec', 0, '256x256', 0, 0, 0, 'DRS (formerly Boeing) 256 x 256 BIB detectors', 'VLT Imager and Spectrometer for mid-Infrared [Mounted on UT3]\r\n\r\nScience goals: warm dust and gas; comets, circumstellar discs, star formation, quasars'),
(144, 'VIMOS', 1, '', '360–1000 nm', 0.000000, 1, 0.000000, 1, '0.205 arcsec per pixel', 'R=180–2500', '', '4 quadrants, à 7x8 arcmin (2-arcmin gap)', 0, '4 * 2048x2048', 0, 0, 0, '4 * 2k x 2k pixel EEV CCD', 'VIsible MultiObject Spectrograph [Mounted on UT3]\r\n\r\nScience goals: deep spectroscopic survey of distant galaxies, galaxy evolution'),
(145, 'UVES', 1, '', '300–500 nm (blue), 420–1100 nm (red)', 0.000000, 1, 0.000000, 1, '0.22(blue), 0.16(red) arcsec per pixel', 'R=40 000–with a narrow slit up to 80 000 (blue) and 110 000 (red)', '', '', 0, '2048x4096', 0, 0, 0, 'blue CCD: 2k x 4k pixel thinned EEV CCD-44, red CCD mosaic: EEV CCD-44 + MIT/LL CCID-20 chip', 'Ultraviolet and Visual Echelle Spectrograph [Mounted on UT2]\r\n\r\nScience goals: chemical abundances in galactic and extragalactic stars, interstellar clouds, quasar absorption lines'),
(146, 'SINFONI', 1, '', '1.1–2.45 um', 0.000000, 1, 0.000000, 1, '0.25, 0.1, 0.025 arcsec per pixel', 'R=2000, 3000, 4000 in J, H, K, respectively, and 1500 in H+K', '', '8x8, 3x3, 0.8x0.8 arcsec', 0, '2048x2048', 0, 0, 0, '2k x 2k pixel Hawaii-2RG infrared array detector', 'Spectrograph for Integral Field Observations in the Near Infrared [Mounted on UT4]\r\n\r\nScience goals: Galactic Centre, high-redshift galaxies, active galactic nuclei, starburst galaxies'),
(147, 'NACO', 5, '', '0.45–2.5 um', 0.000000, 1, 0.000000, 1, '54, 27, 13, 17 milliarcseconds per pixel ', '400 in J, 500–1500 in H, 700–1400 in K, 700–1100 in L, 550 in SHK (1.3–2.6 microns)', '', '56x56, 28x28, 14x14, 8x8 arcsec', 0, '1024x1024', 0, 0, 0, '1024x1024 pixel Aladdin-InSb infrared array detector', 'Nasmyth Adaptive Optics System (NAOS) Near-Infrared Imager and Spectrograph (CONICA) [Mounted on UT4]\r\n\r\nScience goals: galactic: outflows and discs in young stellar objects, low-mass/substellar companions of nearby stars, T Tauri stars, red giants envelopes; extragalactic: quasars and host galaxies, obscured quasars, search for black holes in the centres of galaxies'),
(148, 'ISAAC', 5, '', '1–2.5, 2.5-5 um', 0.000000, 1, 0.000000, 1, '0.148, 0.071 arcsec per pixel', 'R=200–11500, 180–10000', '', '2.5x2.5, 1.25x1.25 arcmin', 0, '1024x1024', 0, 0, 0, '1024x1024 pixel InSb-Aladdin array (LongWavelength), 1024x1024 pixel Hawaii-Rockwell array (ShortWavelength)', 'Infrared Spectrometer And Array Camera [Mounted on UT3]\r\n\r\nScience goals: faint outer Solar System bodies, brown dwarfs and low-mass stars, high-redshift galaxies'),
(149, 'HAWK-I', 5, '', '0.85–2.5 um', 0.000000, 1, 0.000000, 1, '0.106 arcsec per pixel', '', '', '7.5x7.5 arcmin', 0, '4 * 2048x2048', 0, 0, 0, 'mosaic of 4 * 2048x2048 pixel HAWAII-2RG infrared array detectors', 'High Acuity Wide field K-band Imager [Mounted on UT4]\r\n\r\nScience goals: high-redshift galaxies and photometric redshift determination, star-forming regions'),
(150, 'FORS2', 1, '', '330–1100 nm', 0.000000, 1, 0.000000, 1, '0.25, 0.125 arcsec per pixel ', 'R=100-400', '', '6.8x6.8, 4.25x4.25 arcmin', 0, '2 * 2048x4096', 0, 0, 0, 'mosaic of 2 x 2k x 4k pixel MIT CCDs', 'Visual and near-UV FOcal Reducer and low dispersion Spectrograph v.2 [Mounted on UT1]\r\n\r\nScience goals: faint distant stars, planetary nebulae and Delta Cephei stars for distance determination, spectroscopy of field galaxies, galactic environment of quasars'),
(151, 'FORS1', 1, '0.25, 0.125 arcsec per pixel', '330–1100 nm', 0.000000, 1, 0.000000, 1, '', 'R=100, 400', '', '6.8x6.8, 4.25x4.25 arcmin', 0, '2 * 2048x4096', 0, 0, 0, 'mosaic of 2 x 2k x 4k pixel E2V CCDs', 'Visual and near-UV FOcal Reducer and low dispersion Spectrograph v.1 [Decommissioned, with some observing modes moved to FORS2]\r\n\r\nScience goals: aint distant stars, planetary nebulae and Delta Cephei stars for distance determination, spectroscopy of field galaxies, galactic environment of quasars'),
(152, 'FLAMES', 1, '', '370–950 nm', 0.000000, 1, 0.000000, 1, '0.3–0.15 arcseconds per pixel', 'R=5600–46000', '', '25 arcmin (diameter)', 0, '2048x4096', 0, 0, 0, 'GIRAFFE, medium–high resolution spectrograph, equipped with a 2k x 4k pixel EEV CCD', 'Fibre Large Array Multi-Element Spectrograph, a multi-object, intermediate and high resolution spectrograph [Mounted on UT2]\r\n\r\nScience goals:\r\nstellar evolution, dwarf galaxies in the local group, high-redshift galaxies, Lyman-alpha emitting galaxies'),
(153, 'SofI - Son of ISAAC', 1, 'Nasmyth A', '0.9-2.5 um', 0.000000, 1, 0.000000, 1, '0.144, 0.273, 0.288 arcsec per pixel', 'R=600-2200', '', '4.92 arcmin', 0, '1024x1024', 0, 0, 0, 'Hawaii HgCdTe 1024x1024 array', 'Infrared spectrograph and imaging camera.\r\nhttp://www.eso.org/sci/facilities/lasilla/instruments/sofi/'),
(154, 'EFOSC2', 1, 'Nasmyth B', '305-1100 nm', 0.000000, 1, 0.000000, 1, '0.12x0.12 arcsec per pixel', '', '', '4.1x4.1 arcmin', 0, '2048x2048', 0, 0, 0, '2048x2048, Loral/Lesser, thinned, AR coated, UV flooded, MPP chip controlled by ESO-FIERA', 'ESO Faint Object Spectrograph and Camera (v.2) is a instrument for low resolution spectroscopy and imaging.\r\nhttp://www.eso.org/sci/facilities/lasilla/instruments/efosc/index.html'),
(155, 'EMMI', 5, 'Nasmyth B', '300-1000 nm', 0.000000, 1, 0.000000, 1, '0.13, 0.37, 0.1665 arcsec per pixel', '', '', '', 0, '', 0, 0, 0, '', 'EMMI is a multipurpose instrument allowing observations in the visible wavelengths.\r\nhttp://www.eso.org/sci/facilities/lasilla/instruments/emmi/index.html'),
(156, 'APEX-1 (SHeFI)', 6, 'Nasmyth-A', '211 - 275 GHz', 211.000000, 5, 275.000000, 5, '30 - 25 arcsec', '', '', '', 0, '', 0, 0, 0, '', 'Type: Heterodyne SIS, Mode: SSB'),
(157, 'PolKa', 3, 'Cassegrain', '345 GHz', 315.000000, 5, 375.000000, 5, '19 arcsec', '', '', '11 x 11 arcmin', 0, '295 pixel (hexagonal layout)', 0, 0, 0, '', 'Polarimeter fuer Bolometer-Kameras\r\nPI contact: Rolf Güsten (MPIfR) - rguesten(at)mpifr-bonn.mpg.de'),
(158, 'ARTEMIS', 5, 'Nasmyth-A', '200, 350, 450 um', 0.000000, 1, 0.000000, 1, '4.2, 7.3, 9.4 arcsec', '1.7, 3.0, 3.9 arcsec', '', '1.8 x 1.8,  3.2 x 3.2,  4.1 x 4.1 arcmin', 0, '64 x 64 bolometers', 0, 0, 0, '', 'Bolometer Array\r\nPI Instrument (ESO)'),
(159, 'CHAMP+ (high)', 6, 'Nasmyth-B', '790 - 950 GHz', 790.000000, 5, 950.000000, 5, '7-6 arcsec', '', '', '', 0, '7 pixel (hexagonal layout)', 0, 0, 0, '', 'Heterodyne SIS\r\nPI contact: Rolf Güsten (MPIfR) - rguesten(at)mpifr-bonn.mpg.de'),
(160, 'CHAMP+ (low)', 6, 'Nasmyth-B', '602 - 720', 602.000000, 5, 720.000000, 5, '9-7 arcsec', '', '', '', 0, '7 pixel (hexagonal layout)', 0, 0, 0, '', 'Heterodyne SIS\r\nPI contact: Rolf Güsten (MPIfR) - rguesten(at)mpifr-bonn.mpg.de'),
(161, 'FLASH (high)', 6, 'Nasmyth-A', '780 - 887 GHz', 780.000000, 5, 887.000000, 5, '7 arcsec', '', '', '', 0, '', 0, 0, 0, '', 'Heterodyne SIS\r\nPI contact: Rolf Güsten (MPIfR) - rguesten(at)mpifr-bonn.mpg.de'),
(162, 'FLASH (low)', 6, 'Nasmyth-A', '430 - 492 GHz', 430.000000, 5, 492.000000, 5, '14 arcsec', '', '', '', 0, '', 0, 0, 0, '', 'Heterodyne SIS\r\nPI contact: Rolf Güsten (MPIfR) - rguesten(at)mpifr-bonn.mpg.de'),
(163, 'APEX-T2 (SHeFI)', 6, 'Nasmyth-A', '1250 - 1390 GHz', 1250.000000, 5, 1390.000000, 5, '5 arcsec', '', '', '', 0, '', 0, 0, 0, '', 'Type: Heterodyne HEB, Mode: DSB'),
(164, 'SABOCA', 5, 'Cassegrain', '852 GHz', 790.000000, 5, 910.000000, 5, '', '', '', '1.5 arcmin', 0, '39 pixel (hexagonal layout)', 0, 0, 0, '', 'Submillimetre APEX Bolometer Camera'),
(165, 'LABOCA', 5, 'Cassegrain focus', '345 GHz', 315.000000, 5, 375.000000, 5, '19 arcsec', '', '', '11 x 11 arcmin', 0, '295 pixel (hexagonal layout)', 0, 0, 0, '', 'Large Apex BOlometer CAmera\r\n'),
(166, 'APEX-3 (SHeFI)', 6, 'Nasmyth-A', '385 - 500 GHz', 385.000000, 5, 500.000000, 5, '17 - 13 arcsec', '', '', '', 0, '', 0, 0, 0, '', 'Type: Heterodyne SIS, Mode: SSB'),
(167, 'APEX-2 (SHeFI)', 6, 'Nasmyth-A', '275 - 370 GHz', 275.000000, 5, 370.000000, 5, '23 - 17 arcsec', '', '', '', 0, '', 0, 0, 0, '', 'Type: Heterodyne SIS, Mode: SSB'),
(170, 'VIRCAM', 5, 'cassegrain focus', '0.9 - 2.4 um', 124.900002, 6, 333.100006, 6, '0.34 arcsec per pixel', '', '', '1.65 degree', 0, '16 arrays with 2048×2048 pixel', 0, 0, 0, 'Raytheon VIRGO HgCdTe arrays', 'Vista InfraRed CAMera\r\n64 Megapixel'),
(171, 'OmegaCAM', 5, 'Cassegrain focus', '330 to 1000 nm', 299.799988, 6, 999.299988, 6, '0.21 arcsec per pixel', '', '', '1 x 1 degree', 0, '32 arrays with 2048 x 4096 pixel', 0, 0, 0, '', '268-megapixel'),
(174, 'CCD photometer', 5, '', '', 0.000000, 1, 0.000000, 1, '0.275 x 0.366 arcsec per pixel', '', '', '143 x 212 arcsec', 0, '530 x 580 pixel', 0, 0, 0, '', ''),
(175, 'CEGS', 1, 'coude focal plane (F/36)', '', 0.000000, 1, 0.000000, 1, '', 'R = ~3200 - ~10200 AA', '', '', 0, '1242 x 1152 pixel', 0, 0, 0, '', 'Coude Echelle/Grating Spectrometer\r\nhttp://w0.sao.ru/hq/coude/cegs.htm'),
(176, 'EMIR', 1, '', 'microwave (EHF), submillimeter, ', 83.000000, 5, 348.000000, 5, '', '', 'H/V', '', 0, '', 0, 0, 0, '', 'Eight MIxer Receiver\r\nhttp://www.iram.es/IRAMES/mainWiki/EmirforAstronomers\r\nBand:\r\nE0 = 83-117  GHz\r\nE1 = 129-174 GHz\r\nE2 = 201-267 GHz\r\nE3 = 260-348 GHz'),
(177, 'MAMBO II', 5, '', 'microwave (EHF), ', 249.000000, 5, 251.000000, 5, '11 arcsec per pixel', '', '', '4 arcmin', 0, '117 pixel with 20 arcsec spacing', 0, 0, 0, '', 'Millimeter BOlometer Array\r\nhttp://www.mpifr-bonn.mpg.de/div/bolometer/#mambo'),
(178, 'ABCD dual polarisation receivers', 1, '', 'microwave (EHF), ', 75.000000, 5, 281.000000, 5, '', '', 'H/V', '', 0, '8x1 single pixel', 0, 0, 0, '', 'http://www.iram.es/IRAMES/mainWiki/AbcdforAstronomers\r\nBand:\r\nA/B(100) = 80.0-115.5 GHz\r\nC/D(150) = 130-183 GHz\r\nA/B(230) = 197-266 GHz\r\nC/D(270) = 241-281 GHz'),
(179, 'HERA', 7, '', 'microwave (EHF), ', 215.000000, 5, 272.000000, 5, '', '', 'H/V', '', 0, '3x3 pixel with 24 arcsec spacing', 0, 0, 0, '', 'HEterodyne Receiver Array\r\nhttp://www.iram.es/IRAMES/mainWiki/HeraforAstronomers'),
(180, 'CCD ST-6', 5, '', '', 0.000000, 1, 0.000000, 1, '', '', '', '', 0, '375x242 pixel', 0, 0, 1, 'TI 241', 'http://www.company7.com/sbig/products/st6.html'),
(181, 'Spectrograph UAGS (Zeiss)', 1, '', '', 0.000000, 1, 0.000000, 1, '', '', '', '', 0, '', 0, 0, 0, '', ''),
(182, 'Photopolarimeter', 3, '', '', 0.000000, 1, 0.000000, 1, '', '', '', '', 0, '', 0, 0, 0, '', ''),
(183, 'Iris photometer ASCOIRIS', 6, '', '', 0.000000, 1, 0.000000, 1, '', '', '', '', 0, '', 0, 0, 0, '', ''),
(184, 'Two-Star Photometer', 6, '', '', 0.000000, 1, 0.000000, 1, '', '', '', '', 0, '', 0, 0, 0, '', ''),
(185, 'SBIG ST8300C', 5, '', 'optical, infrared (IR), ', 0.000000, 1, 0.000000, 1, '', '', '', '', 0, '3326 x 2504 pixel', 0, 0, 0, 'Kodak KAF-8300', ''),
(186, 'Optec SSP-5A single channel photoelectric photometer', 6, '', '', 0.000000, 1, 0.000000, 1, '', '', '', '', 0, '', 0, 0, 0, 'Hamamatsu R1414 phototube', 'Johnson UBV filters'),
(187, 'DSI-2 Color CCD camera', 5, '', '', 0.000000, 1, 0.000000, 1, '', '', '', '', 0, '752x582 pixel', 0, 0, 0, 'Sony EXview HAD CCD, Sensor (ICX429AKL)', ''),
(188, 'Apogee ALTA U47+', 5, '', '', 322.000000, 6, 810.000000, 6, '', '', '', '', 0, '1024x1024 pixel', 0, 0, 0, 'E2V CCD47-10 back illuminated. 13 micron per pixel', 'OPTEC IFW filter wheel, Johnson UBVRI, Strömgren uvbyHbeta, RGB filters'),
(189, 'Apogee ALTA U47+', 5, '', '', 322.000000, 6, 810.000000, 6, '', '', '', '', 0, '1024x1024 pixel', 0, 0, 0, 'E2V CCD47-10 back illuminated. 13 micron per pixel', 'OPTEC IFW filter wheel, Johnson UBVRI, Strömgren uvbyHbeta, RGB filters'),
(191, 'Fabry-Perot Interferometer', 2, '', '630.0 nm', 0.000000, 1, 0.000000, 1, '', '', '', '', 0, '', 0, 0, 0, '', 'Meridional and vertical winds and neutral temperatures derived from FPI measurements of OI (630.0 nm) emission.'),
(192, 'CAIN-III', 5, '', 'infrared (IR),', 120.000000, 6, 300.000000, 6, '1 arcsec/pixel and 0.39 arcsec/pixel', '', '', '4.2x4.2 arcmin and 1.7x1.7 arcmin', 0, '256x256 pixel', 0, 0, 0, 'HgCdTe (NICMOS 3 technology)', 'http://www.iac.es/telescopes/pages/en/home/instruments/cain.php?lang=EN'),
(193, 'Fastcam', 5, '', 'infrared (IR),', 0.000000, 1, 0.000000, 1, '', '', '', '6 arcmin', 0, '512x512 pixel', 0, 0, 0, '', 'Andor iXon DU-897 back-illuminated system'),
(194, 'MegaPrime', 5, '', '', 0.000000, 1, 0.000000, 1, '0.187 arcsecond per pixel', '', '', '1x1 degree', 0, '36 ccds (2048x4612)', 0, 0, 0, '', 'http://www.cfht.hawaii.edu/Instruments/Imaging/Megacam/index.html'),
(195, 'ESPaDOnS Echelle SpectroPolarimetric Device for the Observation of Stars', 1, '', '370-1050 nm', 0.000000, 1, 0.000000, 1, '', '', '', '', 0, '', 0, 0, 0, '', 'http://www.cfht.hawaii.edu/Instruments/Spectroscopy/Espadons/'),
(196, 'WIRCam Wide-field InfraRed Camera', 5, '', '', 0.000000, 1, 0.000000, 1, '0.3 arcsecond per pixel', '', '', '20x20 arcminute', 0, '4 times (2048x2048) pixel', 0, 0, 0, 'HAWAII2-RG detectors', 'http://www.cfht.hawaii.edu/Instruments/Imaging/WIRCam/');

-- --------------------------------------------------------

--
-- Table structure for table `instrument_types`
--

DROP TABLE IF EXISTS `instrument_types`;
CREATE TABLE IF NOT EXISTS `instrument_types` (
  `id` int(10) unsigned NOT NULL AUTO_INCREMENT,
  `name` text NOT NULL,
  PRIMARY KEY (`id`)
) ENGINE=InnoDB  DEFAULT CHARSET=latin1 AUTO_INCREMENT=8 ;

--
-- Dumping data for table `instrument_types`
--

INSERT INTO `instrument_types` (`id`, `name`) VALUES
(1, 'Spectrograph'),
(2, 'Interferometer'),
(3, 'Polarimeter'),
(4, 'Riometer'),
(5, 'Camera'),
(6, 'Other'),
(7, 'Heterodyne Receiver');

-- --------------------------------------------------------

--
-- Table structure for table `observatories`
--

DROP TABLE IF EXISTS `observatories`;
CREATE TABLE IF NOT EXISTS `observatories` (
  `id` int(10) unsigned NOT NULL AUTO_INCREMENT,
  `name` text NOT NULL,
  `founded` int(11) DEFAULT NULL,
  `institution` text,
  `web_address` text,
  `address` text,
  `zip_code` varchar(10) DEFAULT NULL,
  `city` text,
  `country_id` int(10) unsigned NOT NULL,
  `phone` varchar(22) DEFAULT NULL,
  `email` text NOT NULL,
  `latitude` double(10,6) DEFAULT NULL,
  `longitude` double(10,6) DEFAULT NULL,
  `approx_position` text,
  `sealevel_m` int(11) DEFAULT NULL,
  `precipitation` int(10) unsigned DEFAULT NULL,
  `clear_nights` int(10) unsigned DEFAULT NULL,
  `timezone` int(10) unsigned DEFAULT NULL,
  `observatory_status` text,
  `partner_observatories` text,
  `user_id` int(11) NOT NULL DEFAULT '0',
  `creation_date` datetime NOT NULL,
  `modification_date` datetime DEFAULT NULL,
  `approved` tinyint(1) DEFAULT '0',
  PRIMARY KEY (`id`),
  KEY `country_id` (`country_id`),
  KEY `precipitation_id` (`precipitation`),
  KEY `clear_nights_id` (`clear_nights`),
  KEY `timezone_id` (`timezone`)
) ENGINE=InnoDB  DEFAULT CHARSET=latin1 AUTO_INCREMENT=83 ;

--
-- Dumping data for table `observatories`
--

INSERT INTO `observatories` (`id`, `name`, `founded`, `institution`, `web_address`, `address`, `zip_code`, `city`, `country_id`, `phone`, `email`, `latitude`, `longitude`, `approx_position`, `sealevel_m`, `precipitation`, `clear_nights`, `timezone`, `observatory_status`, `partner_observatories`, `user_id`, `creation_date`, `modification_date`, `approved`) VALUES
(1, 'IRAM 30m telescope', 1984, 'Institut de Radioastronomie Millimétrique (IRAM)', 'http://www.iram-institute.org', 'Avenida Divina Pastora 7, 18012, Granada', '18012', 'Granada', 192, '+34-958-80-5454', 'info@iram.fr', 37.068414, -3.398753, 'Pico Veleta, Sierra Nevada Andalusia', 2850, 7, 7, 2, '', 'Plateau de Bure Interferometer (also operated by IRAM)', 0, '2011-02-25 14:10:58', '2011-09-01 13:30:49', 1),
(2, 'University of London Observatory (ULO)', 1929, 'University College London', 'http://www.ulo.ucl.ac.uk/', '553 Watford Way, Mill Hill London NW7 2QS', 'NW7 2QS', 'London', 217, '+44-203-108-1613', 'kathryn.goldsmith@ucl.ac.uk', 51.600000, -0.233331, '', 78, 7, 7, 1, '', '', 0, '2011-02-25 14:50:57', '2011-04-06 13:44:44', 1),
(3, 'A81 Balzaretto Observatory', 2005, 'Private persons', 'http://digilander.libero.it/A81_Observatory/', 'Via Giuseppe Balzaretto 184', '', 'Rome', 103, '+39-6-664-11076', 'lor_franco@libero.it', 41.869992, 12.403306, '', 70, 6, 7, 2, '', '', 0, '2011-02-25 15:10:01', '2011-04-06 12:39:50', 1),
(4, 'Armagh Observatory', 1790, 'Armagh Observatory', 'http://www.arm.ac.uk', 'College Hill', 'BT61 9DG', 'Armagh', 217, '+44-2837-522928', 'info@arm.ac.uk', 54.353056, -6.649719, '', 60, 6, 2, 1, '', '', 0, '2011-02-25 15:19:53', '2011-05-31 15:05:26', 1),
(5, 'Abre Los Ojos', 2008, 'private owned', 'http://www.AbreLosOjos.be', '', '', '', 21, '', 'info@AbreLosOjos.be', 0.000000, 0.000000, '', 50, 7, 7, 2, '', '', 0, '2011-02-25 15:29:48', '2011-04-06 12:35:58', 1),
(6, 'European Incoherent Scatter Facility (EISCAT), Tromso', 0, 'EISCAT', 'http://www.eiscat.se/', '', '', 'Tromso', 199, '', '', 69.583331, 19.233331, '', 86, 1, 1, 1, NULL, 'EISCAT Kiruna, EISCAT Sodankylä, EISCAT Longyearbyen', 0, '2011-02-26 15:47:58', '2011-02-26 16:01:08', 1),
(7, 'European Incoherent Scatter Facility (EISCAT), Kiruna', 0, 'EISCAT', 'http://www.eiscat.se/', '', '', 'Kiruna', 199, '', '', 67.866667, 20.433333, '', 418, 1, 1, 1, NULL, 'EISCAT Tromso, EISCAT Sodankylä, EISCAT Longyearbyen', 0, '2011-02-26 15:57:57', NULL, 1),
(8, 'European Incoherent Scatter Facility (EISCAT), Longyearbyen', 0, 'EISCAT', 'http://www.eiscat.se/', '', '', 'Longyearbyen', 199, '', '', 78.150000, 16.016667, '', 445, 1, 1, 1, NULL, 'EISCAT Kiruna, EISCAT Sodankylä, EISCAT Tromso', 0, '2011-02-26 16:05:34', NULL, 1),
(9, 'European Incoherent Scatter Facility (EISCAT), Sodankylä', 0, 'EISCAT', 'http://www.eiscat.se/', '', '', 'Sodankylä', 199, '', '', 67.366667, 26.633333, '', 197, 1, 1, 1, NULL, 'EISCAT Kiruna, EISCAT Tromso, EISCAT Longyearbyen', 0, '2011-02-26 16:09:52', NULL, 1),
(10, 'Brorfelde', 0, '', '', '', '', '', 57, '', '', 0.000000, 0.000000, '', 0, 1, 1, 1, NULL, '', 0, '2011-02-26 17:16:33', '2011-02-26 17:25:07', 1),
(11, 'Abastumani Astrophysical Observatory', 1932, '', 'http://www.oato.inaf.it/blazars/webt/abastumani.html', 'Abastumani Observatory, 383762, Abastumani, Georgia', '383762', '', 80, '+996-955-367', 'user@abao.kheta.ge', 41.753889, 42.818889, 'Abastumani, Georgia', 1700, 7, 4, 5, '', 'Whole Earth Blazar Telescope (WEBT)', 0, '2011-02-26 17:24:19', '2011-09-01 15:55:31', 1),
(12, 'Observatorium Kanzelhöhe', 0, '', '', '', '', '', 14, '', '', 0.000000, 0.000000, '', 0, 1, 1, 1, NULL, '', 0, '2011-02-26 17:28:50', NULL, 1),
(13, 'CroAstro - Zvjezdarnica Observatory', 1999, 'private - Andjelko Glivar', 'http://www.croastro.com/', 'Donja Stubica, Croatia', '', 'Donja Stubica', 54, '', 'ag@croastro.com', 45.983611, 15.950278, 'Croatia, 20 km North of Zagreb', 265, 7, 7, 2, '', '', 0, '2011-02-26 17:33:48', '2011-09-05 12:21:10', 1),
(14, 'Nyrola', 0, '', 'http://www.ursa.fi/sirius/nytt/nytt@info.html', '', '', '', 72, '', '', 0.000000, 0.000000, '', 0, 1, 1, 1, NULL, '', 0, '2011-02-26 17:38:47', NULL, 1),
(15, 'Pises observatory', 0, '', 'http://pisesobservatoire.free.fr/', '', '', '', 73, '', '', 0.000000, 0.000000, '', 0, 1, 1, 1, NULL, '', 0, '2011-02-26 17:49:39', NULL, 1),
(16, 'Hamberg-Bergedorf', 0, '', 'http://www.hs.uni-hamburg.de/', 'Hamburg Observatory, Gojenbergsweg 112, 21029 Hamburg ', '', '', 81, '', '', 0.000000, 0.000000, '', 0, 1, 1, 1, NULL, '', 0, '2011-02-26 17:57:32', NULL, 1),
(17, 'Beersel Hills Observatory', 0, '', 'http://users.skynet.be/bho/index.htm', '', '', '', 21, '', '', 0.000000, 0.000000, '', 0, 1, 1, 1, NULL, '', 0, '2011-02-28 17:21:02', '2011-02-28 17:24:09', 1),
(18, 'Belogradchik', 0, '', 'http://www.astro.bas.bg/~aobel', '', '', '', 33, '', '', 0.000000, 0.000000, '', 0, 1, 1, 1, NULL, '', 0, '2011-02-28 17:33:33', NULL, 1),
(19, 'Turku-Kevola Observatory', 0, '', '', '', '', '', 72, '', '', 0.000000, 0.000000, '', 0, 1, 1, 1, NULL, '', 0, '2011-02-28 17:35:34', NULL, 1),
(20, 'Byurakan Astrophysical Observatory', 1946, '', 'http://www.bao.am/', 'Byurakan Astrophysical Observatory, Byurakan 378433, Aragatzotn province Armenia', '378433', 'Byurakan', 11, '', 'director@bao.sci.am', 40.350833, 44.241667, '', 1709, 1, 1, 5, NULL, '', 0, '2011-02-28 21:47:22', NULL, 1),
(21, 'Sondrestrom Research Facility', 1983, 'SRI International; National Science Foundation; Denmark Meteorological Institute', 'http://isr.sri.com/', '', '3910', 'Kangerlussuaq', 85, '+650-859-5343', 'sandie.avlakeotes@sri.com', 66.986667, 309.050556, 'About 15km west of Kangerlussuaq', 219, 7, 7, 16, '', 'SVALBARD, EISCAT, Arecibo, Millstone Hill', 0, '2011-02-28 21:58:27', '2011-09-08 13:17:00', 1),
(22, 'Yebes Astronomical Centre (Centro Astronomico de Yebes)', 0, 'National Astronomical Observatory, Spanish Grand Scientific Facility', 'http://www.fomento.es/', 'Guadalajara', '', 'Yebes', 192, '', '', 40.516667, -3.083331, '', 980, 7, 6, 2, '', '', 0, '2011-02-28 22:07:40', '2011-04-06 12:34:41', 1),
(23, 'Madrid Deep Space Communications Complex', 0, 'NASA Deep Space Network, Instituto Nacional de Tecnica Aerospacial', 'http://insa.org/node/112', 'Robledo de Chavela', '', 'Madrid', 192, '+34-91-867-7000', '', 40.000000, 4.000000, '', 0, 1, 1, 2, NULL, 'Canberra DSCC, Goldstone DSCC', 0, '2011-02-28 22:32:05', NULL, 1),
(24, 'Observatori Fabra', 1904, 'Reial Academia de Ciencies I Arts de Barcelona', 'http://www.fabra.cat', '', '', 'Barcelona', 192, '', '', 41.700000, 2.200000, '', 415, 1, 1, 2, NULL, '', 0, '2011-02-28 22:38:06', NULL, 1),
(25, 'Observatorio Monte Deva', 0, '', 'http://www.observatoriomontedeva.com/', 'Monte Deva, Gijon', '', '', 192, '+34-985-096-630', '', 43.483331, -5.599992, '', 423, 7, 7, 2, '', '', 0, '2011-02-28 22:47:38', '2011-04-06 12:47:30', 1),
(26, 'E Pozuelo Observatory', 0, '', 'http://www.nto.org/observatorio.html', 'Pozuelo', '', 'Madrid', 192, '', '', 40.433331, 0.000000, '', 730, 7, 7, 2, '', '', 0, '2011-02-28 22:53:49', '2011-04-06 13:06:21', 1),
(27, 'Piera Observatory', 0, '', 'http://www.astrogea.org/jguarro/index.html', 'Piera, Anoia', '', '', 192, '', '', 0.000000, 0.000000, '', 0, 1, 1, 2, '', '', 0, '2011-02-28 22:59:33', '2011-04-06 13:16:12', 1),
(28, 'Observatorio del Teide', 1964, 'Instituto de Astrofisica de Canarias', 'http://www.iac.es/eno.php?op1=3&lang=en', 'Instituto de Astrofisica de Canarias, Via Lactea, 38200 - La Laguna (Tenerife)', '38200', 'La Laguna', 192, '+34-922-329-110', 'teide@iac.es', 28.300000, -16.509719, 'Tenerife, La Orotavam Fasnia, Güímar', 2390, 7, 7, 2, '', 'European Nothern Observatory Network', 0, '2011-02-28 23:09:42', '2011-09-09 14:46:03', 1),
(29, 'Chilbolton Observatory', 1967, 'Chilbolton Group of RAL Space, STFC Rutherford Appleton Laboratory', 'http://www.chilbolton.rl.ac.uk/facilities.htm', 'Chilbolton Observatory Drove Road, Chilbolton, Nr Stockbridge, Hants SO20 6BJ', 'SO20 6BJ', '', 217, '+44-1264-860-391', '', 51.133333, -1.433333, '', 82, 1, 1, 1, NULL, '', 0, '2011-02-28 23:16:48', NULL, 1),
(30, 'Glasgow University Observatory', 0, 'University of Glasgow', 'http://www.astro.gla.ac.uk/observatory/observ.shtml', 'Acre Road (main observatory) / Cochno (outstation); Glasgow, Edinburgh', '', 'Glasgow', 217, '+44-141-581-4322/3', '', 55.899997, -4.299997, '', 50, 1, 1, 1, NULL, '', 0, '2011-02-28 23:25:01', '2011-02-28 23:47:21', 1),
(32, 'Keele Observatory', 1962, 'Keele University', 'http://www.astro.keele.ac.uk/~obs/', 'Keele University, Newcastle-under-Lyme', '', '', 217, '', 'obsvisits@phys.keele.ac.uk', 53.000000, -2.266667, '', 202, 1, 1, 1, NULL, '', 0, '2011-02-28 23:41:54', '2011-02-28 23:46:26', 1),
(33, 'Seething Observatory', 0, 'Norwich Astronomical Society', 'http://www.norwich.astronomicalsociety.org.uk/', 'Toad Lane, Thwaite St Mary, NR35 2EQ Norfolk', '', '', 217, '+44-1953-602624', 'drbalcombe@tiscali.co.uk', 52.500000, 1.416667, '', 0, 1, 1, 1, NULL, '', 0, '2011-02-28 23:53:39', NULL, 1),
(34, 'Zimmerwald Observatory', 1956, 'Universitat Bern', 'http://www.aiub.unibe.ch/content/zimmerwald/index_eng.html', 'Waldhof, Zimmerwald (Bern)', '', '', 200, '+31-631-8594', '', 46.866667, 7.450000, '', 897, 1, 1, 2, '', '', 0, '2011-03-01 00:13:57', '2011-05-30 13:55:02', 1),
(35, 'Observatoire Astronomique Jurassien-Vicques (Jura Observatory)', 0, 'Jura Astronomical Society', 'http://www.jura-observatory.ch/', 'Béridier 30, 2800 Delémont CH-Switzerland', '', '', 200, '+41-32-423-3286', 'info@jura-observatory.ch', 47.350000, 7.416667, '', 505, 7, 7, 2, '', '', 0, '2011-03-01 00:19:55', '2011-04-06 13:56:03', 1),
(36, 'Observatoire d''Arbaz', 1991, 'Astronomical Society of Valais (SAVAR)', 'http://obs-arbaz.com', '', '', 'Anzère', 200, '+41-27-398-5812', 'borgillioz@bluewin.ch', 46.283331, 7.366667, '', 1440, 7, 7, 2, '', '', 0, '2011-03-01 00:26:09', '2011-04-06 14:49:03', 1),
(37, 'Observatory of Geneva', 0, 'Universite De Geneve; Laboratoire d''Astrophysique de l''EPFL', 'http://www.unige.ch/sciences/astro/an/', 'Sauverny, Versoix, Geneva', '', 'Geneva', 200, '', '', 46.316667, 6.133333, '', 455, 1, 1, 2, NULL, 'El Roque de los Muchachos Observatory (Spain)', 0, '2011-03-01 00:30:25', NULL, 1),
(38, 'Observatoire de Verossaz', 1995, '', 'http://www.verobservatoire.ch/', '', '', 'Verossaz', 200, '+41-79-206-3157', 'info@verobservatoire.ch', 46.216667, 7.000000, '', 730, 7, 7, 2, '', '', 0, '2011-03-01 00:35:28', '2011-04-06 15:01:22', 1),
(39, 'Sternwarte Eschenberg', 1979, 'Astronomischen Gessellschaft Winterthur', 'http://eschenberg.ch/', '', '', '', 200, '', '', 47.466667, 8.750000, '', 542, 1, 1, 2, NULL, '', 0, '2011-03-01 00:37:50', NULL, 1),
(40, 'Sternwarte Rotgrueb', 1996, 'Swiss Astronomical Society', 'http://ruemlang.astronomie.ch/', 'Rumlang region', '', '', 200, '+41-44-817-2813', '', 47.433333, 31.466667, '', 495, 1, 1, 2, NULL, '', 0, '2011-03-01 00:41:21', NULL, 1),
(41, 'Sternwarte Uitikon-Waldegg', 0, '', 'http://www.andreasfaisst.ch/STU/stu.php?view=home', 'Uitikon/Waldegg', '', '', 200, '', '', 47.366667, 8.450000, '', 600, 1, 1, 2, NULL, '', 0, '2011-03-01 00:44:19', NULL, 1),
(42, 'Ankara University Observatory', 1963, 'Ankara University', 'http://rasathane.ankara.edu.tr/en/index.php', '&#304;ncek Bulvar&#305; 06837, Ahlatl&#305;bel, ANKARA', '06837', '&#304;ncek Bulvar&#305;', 210, '+90-312-490-7919', 'rasathane@ankara.edu.tr', 39.843611, 2.185278, '20km south-west of Ankara', 1260, 7, 5, 3, '', '', 0, '2011-03-01 00:49:39', '2011-09-05 14:29:56', 1),
(43, 'Istanbul University Observatory', 1936, 'Istanbul University', 'http://www.istanbul.edu.tr/fen/en/gozlemevi.php', '', '', '', 210, '+90-212-440-0000/10294', '', 41.016667, 28.966667, '', 410, 7, 7, 3, '', '', 0, '2011-03-01 00:55:25', '2011-04-06 15:11:58', 1),
(44, 'ARIES - Aryabhatta Research Institute of Observational Sciences', 1954, 'Department of Science and Technology, Government of India', 'http://www.aries.res.in/', 'Manora Peak, Nainital-263 129, Uttarakhand 263002, India', '263002', 'Nainital', 99, '+91-5942-233734', 'acs@aries.res.in', 29.366942, 79.683889, 'Nainital, Uttarakhand, Indien', 1925, 6, 4, 6, '', '', 0, '2011-03-01 01:01:22', '2011-09-07 14:07:27', 1),
(45, 'Crni Vrh Observatory', 1975, 'University of Ljublana', 'http://www.observatorij.org', 'Predgrize 29a, 5274 Crni Vrh nad Idrijo', '', '', 187, '+386-5-377-7380', '', 45.950000, 14.066667, '', 726, 7, 7, 2, '', '', 0, '2011-03-01 01:06:43', '2011-04-06 15:31:09', 1),
(46, 'Bayfordbury Observatory', 0, 'University of Hertfordshire', 'http://www.herts.ac.uk/courses/schools-of-study/physics-astronomy-and-mathematics/observatory.cfm', 'Hatfield Campus', '', '', 217, '+44-170-728-4426', 'bayfordbury@herts.ac.uk', 51.783331, -0.100000, '', 57, 7, 7, 1, '', '', 0, '2011-03-01 01:11:28', '2011-04-06 15:35:56', 1),
(47, 'Huairou Solar Observing Station', 0, '', 'http://sun.bao.ac.cn/', 'Located on a small island near the north bank of Huairou Reservoir', '', '', 96, '+86-10-648-55805/88716', '', 40.000000, 117.000000, '', 62, 5, 5, 9, '', '', 0, '2011-03-01 01:18:35', '2011-04-06 15:40:13', 1),
(48, 'Kodaikanal Observatory', 1899, 'Indian Institute of Astrophysics', 'http://www.iiap.res.in/centers/kodai', 'Located in the Palani hill range, southern India', '624 103', 'Kodaikanal', 99, '+91-4542-240218', 'sundar@iiap.res.in', 10.216667, 77.466667, '', 2343, 7, 7, 6, '', '', 0, '2011-03-01 01:23:22', '2011-04-06 15:47:59', 1),
(49, 'La Canada Observatory', 2002, '', 'http://www.lacanada.es/', 'La Canada, Avila, Spain', '', '', 192, '', '', 40.600000, -4.500000, '', 1400, 1, 1, 2, '', '', 0, '2011-03-01 01:27:44', '2011-04-18 12:50:25', 1),
(50, 'Mt John University Observatory', 0, 'University of Canterbury', 'http://www.phys.canterbury.ac.nz/research/mt_john/index.shtml', 'P O Box 56, Lake Tekapo 7945', '', '', 148, '+64-3-680-6000', '', -43.983331, 170.466667, '', 1029, 7, 7, 13, '', '', 0, '2011-03-01 01:36:01', '2011-04-06 16:12:23', 1),
(51, 'Mt Pleasant Observatory', 0, 'University of Tasmania', 'http://www-ra.phys.utas.edu.au/physics_mt_pleasant.html', 'Located 20km east of Hobart, Tasmania', '', '', 13, '+61-3-6226-2447', '', -42.800000, 147.433333, '', 43, 1, 1, 11, NULL, '', 0, '2011-03-01 01:39:42', NULL, 1),
(52, 'Siding Spring Observatory', 0, 'Research School of Astronomy and Astrophysics (RSAA)', 'http://www.mso.anu.edu.au/info/sso/', '', '', '', 13, '+61-2-684-26211', 'ssovc@mso.anu.edu.au', -31.250000, 149.066667, 'Located 20 minutes from Coonabarabran National Park Road, New South Wales', 1130, 7, 7, 11, '', '', 0, '2011-03-01 01:44:52', '2011-04-06 17:57:19', 1),
(53, 'Sierra Nevada Observatory (OSN)', 1976, 'Instituto de Astrofisica de Andalucia', 'http://www.osn.iaa.es/osn_eng.html', 'Instituto de Astrofisica de Andalucia (CSIC) c/ Camino Bajo de Huetor, 50 PO Box 3004, 18080 Granada', '', '', 192, '+34-958-121-311', '', 37.066667, -3.383331, '', 2896, 7, 7, 2, '', '', 0, '2011-03-01 01:48:02', '2011-04-06 16:25:23', 1),
(54, 'Caltech Submillimeter Observatory CSO (Mauna Kea)', 1988, 'Caltech', 'http://www.submm.caltech.edu/cso/', 'Caltech Submillimeter Observatory Office, 111 Nowelo St., Hilo, Hawaii', '96720', 'Hilo', 218, '+1-808-935-1909', 'webmaster@www.submm.caltech.edu', 19.822500, -155.475833, '', 0, 4, 6, 23, '', 'Mauna Kea Observatory', 0, '2011-03-01 15:11:52', '2011-06-15 14:52:31', 1),
(55, 'Canada-France-Hawaii Telescope CFHT (Mauna Kea)', 1979, 'National Research Council of Canada, Centre National de la Recherche Scientifique of France, University of Hawaii', 'http://www.cfht.hawaii.edu/', 'CFHT Corporation 65-1238 Mamalahoa Hwy Kamuela, Hawaii', '96743', '', 218, '+1-808-885-7944', 'info@cfht.hawaii.edu', 19.825278, -155.469167, '', 4200, 4, 6, 23, '', 'Mauna Kea Observatory', 0, '2011-03-01 15:34:15', '2011-09-12 15:59:24', 1),
(56, 'Gemini Observatory (South)', 2000, 'The United States Gemini Office, The United Kingdom Gemini Office, The Canadian Gemini Office, The Australian Gemini Office, The Argentinian Gemini Office, The Brazilian Gemini Office, The Chilean Gemini Office, University of Hawaii Gemini Office', 'http://www.gemini.edu/', 'Gemini Observatory Southern Operations Center c/o AURA, Casilla 603 La Serena', '', '', 43, '+56-51-205-600', 'iks@astro.ox.ac.uk', -30.260000, -70.739331, 'Summit of Cerro Pachon', 2750, 1, 1, 17, NULL, 'Gemini Observatory (North)', 0, '2011-03-01 15:58:17', '2011-03-01 16:12:03', 1),
(57, 'Gemini Observatory - North (Mauna Kea)', 2000, 'The United States Gemini Office, The United Kingdom Gemini Office, The Canadian Gemini Office, The Australian Gemini Office, The Argentinian Gemini Office, The Brazilian Gemini Office, The Chilean Gemini Office, University of Hawaii Gemini Office', 'http://www.gemini.edu/', 'Gemini Observatory Northern Operations Center 670 N. A', '96720', 'Hilo', 218, '+1-808-974-2500', 'iks@astro.ox.ac.uk', 19.843092, -155.470592, '', 4213, 4, 6, 23, '', 'Mauna Kea Observatory, Gemini South', 0, '2011-03-01 16:06:02', '2011-06-22 17:26:49', 1),
(58, 'MIT Haystack Observatory', 1964, 'MIT', 'http://www.haystack.mit.edu/', 'MIT Haystack Observatory Off Route 40 Westford, MA', '01886-1299', 'Westford', 218, '+1-781-981-5400', 'info@haystack.mit.edu', 0.000000, 0.000000, '', 0, 1, 1, 1, NULL, '', 0, '2011-03-01 16:37:37', NULL, 1),
(59, 'James Clerk Maxwell Telescope JCMT (Mauna Kea)', 1987, 'Science and Technology Facilities Council, the National Research Council Canada, and the Netherlands Organisation for Scientific Research', 'http://www.jach.hawaii.edu/JCMT/', 'Summit of Mauna Kea', '', '', 218, '', '', 19.825831, -155.479719, '', 4092, 4, 6, 23, '', 'Mauna Kea Observatory', 0, '2011-03-01 16:50:08', '2011-06-15 15:20:15', 1),
(60, 'National Observatory of Athens', 1842, 'The Institute of Astronomy and Astrophysics (IAA) ', 'http://www.noa.gr/indexen.html', 'P.O. BOX 20048 - THISSIO - 11810 - ATHENS - GREECE ', '', 'Athens', 84, '+30-210-349-0000', '', 37.983331, 22.199997, '', 2340, 1, 3, 3, '', 'Chelmos observatory, Aristarchos', 0, '2011-03-03 18:37:31', '2011-04-06 16:45:05', 1),
(61, 'Konkoly Observatory', 1871, 'Hungarian Academy of Sciences', 'http://www.konkoly.hu/', 'Budapest, Konkoly Thege Miklós út 15-17. ', 'H-1121', 'Budapest', 97, '+36-1-391-9360 ', 'abraham@konkoly.hu', 47.500000, 18.966667, '', 935, 7, 7, 2, '', 'Heliophysical Observatory', 0, '2011-03-03 18:54:34', '2011-05-04 01:55:45', 1),
(62, 'Medicina Radiotelescopes', 1963, 'National Institute for Astrophysics ', 'http://www.med.ira.inaf.it/index_EN.htm', 'Via Fiorentina n. 3508/B - 40059 Fiorentina di Medicina (Bologna) ', '', 'Bologna', 103, '+39-51-696-5811 ', 's.mariotti@ira.inaf.it', 44.520556, 11.652497, '44° 31', 28, 1, 1, 2, NULL, 'SKA, EVN', 0, '2011-03-03 19:03:50', '2011-03-03 19:05:41', 1),
(63, 'Astronomical Observatory of Bologna', 1986, 'National Institute for Astrophysics (INAF)', 'http://www.bo.astro.it/', 'Osservatorio Astronomico di Bologna, Via Ranzani 1, 40127 Bologna, Italy', '40127', 'Bologna', 103, '+39-051-209-5701', 'flavio.fusipecci@oabo.inaf.it', 44.500000, 11.349994, 'Stazione di Loiano, 37km south of Bologna', 800, 6, 7, 2, '', 'Loiano Observatory', 0, '2011-03-03 19:17:15', '2011-09-07 14:28:06', 1),
(64, 'Vatican Observatory', 1891, 'Vatican Observatory Group', 'http://vaticanobservatory.org/', 'Vatican Observatory 00040 Caster Gandolfo Rome', '', 'Vatican City', 223, '+39-6-698-85266 ', '', 41.899997, 12.483331, '', 430, 7, 7, 2, '', 'Mount Graham International Observatory ', 0, '2011-03-03 19:30:20', '2011-04-06 17:52:30', 1),
(65, 'Astronomical Observatory of the autonomous Region of Aosta Valley', 2003, '', 'http://www.oavda.it/english/index.htm', 'Saint-Barthélemy · Loc. Lignan, 39 11020 Nus (AO)', '', 'Aosta Valley', 103, '+39-165-770-050', 'info@oavda.it', 45.750000, 7.466667, '', 1600, 7, 7, 1, '', '', 0, '2011-03-03 19:52:17', '2011-04-06 17:20:06', 1),
(66, 'Catania Astrophysical Observatory', 0, 'National Institute for Astrophysics, INAF ', 'http://www.ct.astro.it/index_en.html', 'Via S.Sofia 78', '95123', 'Catania', 103, '+39-957-332-111 ', 'protocollo_oact@pec.it', 37.516667, 25.066667, '', 3340, 7, 7, 2, '', '', 0, '2011-03-03 20:19:52', '2011-05-30 15:03:31', 1),
(67, 'Osservatorio Astronomico di Torino', 1759, 'Observatory of Torino ', 'http://www.to.astro.it/en/index.html', 'Via Osservatorio, 20', '10025 ', 'Pino Torinese (TO)', 103, '+39-118-101-900 ', 'antonucci@oato.inaf.it', 45.033331, 7.766667, '', 622, 1, 1, 2, '', 'European Southern Observatory,  National Optical Astronomy Observatories,  Steward Observatory ', 0, '2011-03-03 20:34:42', '2011-04-06 17:41:18', 1),
(68, 'Special Astrophysical Observatory (SAO)', 1966, 'Russian Academy of Science (RAS)', 'http://www.sao.ru/Doc-en/index.html', 'Special Astrophysical Observatory of RAS, N. Arkhyz, Karachay-Cherkessia Republic 369167, Russia', '369167', 'Nizhny Arkhyz', 171, '+7-87878-46436', 'admsao@sao.ru', 43.826167, 41.586681, 'Bolshoi Zelenchuk Valley of the Greater Caucasus near the village of Nizhny Arkhyz', 970, 6, 2, 5, '', 'European Southern Observatory,  National Optical Astronomy Observatories,  Steward Observatory', 0, '2011-03-03 20:56:32', '2011-08-31 15:18:53', 1),
(69, 'LOFAR', 0, 'Netherlands Institute for Radio Astronomy', 'http://www.lofar.org/about-lofar/system/introduction', 'Oude Hoogeveensedijk, 4 7991 PD Dwingeloo, The Netherlands', '', 'Dwingeloo', 145, '+31-521-595-100 ', '', 52.813333, 6.396667, 'Spread Across Europe', 0, 7, 7, 2, '', '', 0, '2011-03-03 21:08:10', '2011-09-12 17:23:32', 1),
(70, '88-inch Telescope (Mauna Kea)', 1970, 'University of Hawaii', 'http://www.ifa.hawaii.edu/88inch/', '', '96720-2700', 'Hilo', 218, '+1-808-932-2300', 'feedback2@ifa.hawaii.edu', 19.822794, -155.469431, '', 4214, 7, 7, 23, '', 'Manau Kea Observatories', 0, '2011-06-14 17:13:13', '2011-06-14 17:18:06', 1),
(71, 'United Kingdom Infrared Telescope UKIRT (Mauna Kea)', 1978, 'United Kingdom Science and Technology Facilities Council', 'http://www.jach.hawaii.edu/UKIRT/', '', '', '', 218, '+1-808-961-3756', '', 19.825611, -155.473222, '', 4199, 4, 6, 23, '', 'Mauna Kea Observatory', 0, '2011-06-14 17:46:35', NULL, 1),
(72, 'Infrared Telescope Facility IRTF (Mauna Kea)', 1979, 'NASA', 'http://irtfweb.ifa.hawaii.edu', '640 N. Aohoku Place, #209 Hilo, HI 96720', '', '', 218, '+1-808-974-4209', '', 19.826389, -155.472222, '', 4200, 4, 6, 23, '', 'Mauna Kea Observatory', 0, '2011-06-15 13:13:44', NULL, 1),
(73, 'W. M. Keck Observatory (Mauna Kea)', 1985, 'California Association for Research in Astronomy; University of California, Caltech, NASA', 'http://www.keckobservatory.org', '65-1120 Mamalahoa Hwy.', 'Kamuela, H', '', 218, '+1-808-885-7887', 'ayeager@keck.hawaii.edu', 19.826389, -155.474719, '', 4200, 4, 6, 23, '', 'Mauna Kea Observatory', 0, '2011-06-15 16:53:01', '2011-06-15 16:55:44', 1),
(74, 'Subaru Telescope (Mauna Kea)', 1999, 'National Astronomical Observatory of Japan', 'http://www.naoj.org/', '650 North A''ohoku Place Hilo,96720,Hawaii', '96720', '', 218, '+1-808-934-7788', '', 19.825503, -155.476017, '', 4163, 4, 6, 23, '', 'Mauna Kea Observatory', 0, '2011-06-21 17:15:54', NULL, 1),
(75, 'Very Large Telescope array (VLT)', 1998, 'European Southern Observatory', 'http://www.eso.org', 'Cerro Paranal', '', '', 43, '', '', -24.627219, -70.404167, '', 2635, 1, 6, 17, '', '', 0, '2011-06-27 14:16:55', '2011-06-27 14:19:47', 1),
(76, 'La Silla Observatory', 1960, 'European Southern Observatory', 'http://www.eso.org/public/teles-instr/lasilla.html', '', '', '', 43, '+56-2-464-4100', '', -29.254167, -70.739444, 'Atacama Desert', 2400, 1, 6, 17, '', '', 0, '2011-06-27 17:27:22', NULL, 1),
(77, 'Very Long Baseline Array (Mauna Kea)', 1993, 'NRAO', 'http://www.vlba.nrao.edu/', 'NRAO Lopezville Road,,87801-0387, Socorro NM', '87801-0387', 'Socorro', 218, '+1-575-835-7000', 'info@nrao.org', 19.801381, -155.455503, 'Mauna Kea', 4150, 4, 6, 23, '', '', 0, '2011-08-25 14:41:58', '2011-08-29 15:34:03', 1),
(78, 'Submilimetre Array (Mauna Kea)', 2003, 'Smithsonian Astrophysical Observatory, Academia Sinica Institute of Astronomy and Astrophysics', 'http://www.cfa.harvard.edu/sma/', '645 North A''ohoku Place Hilo, Hilo', '96720', 'Hilo, Hawaii', 218, '+1-808-961-2920', 'sma_oc@sma.hawaii.edu', 19.824278, -155.477972, 'Mauna Kea', 4080, 4, 6, 23, '', 'Mauna Kea Observatory', 0, '2011-08-25 16:05:42', NULL, 1),
(79, 'APEX - Atacama Pathfinder EXperiment', 2005, 'Max Planck Institut für Radioastronomie (MPIfR), European Southern Observatory (ESO), Onsala Space Observatory (OSO)', 'http://www.apex-telescope.org/', 'San Pedro de Atacama, Antofagasta Region, Chile', '1410000', 'San Pedro de Atacama', 43, '+56-55-448200', 'apex@apex-telescope.org', -23.005778, -67.759167, 'Llano de Chajnantor 50 Km east of San Pedro de Atacama', 5105, 1, 6, 17, '', '', 0, '2011-08-29 15:28:53', NULL, 1),
(80, 'ALMA - Atacama Large Millimeter/Submillimeter Array', 2011, 'National Radio Astronomy Observatory (NRAO), European Southern Observatory (ESO), National Astronomical Observatory of Japan (NAOJ)', 'http://www.almaobservatory.org/', 'Llano de Chajnantor, Antofagasta Region, Chile', '', '', 43, '', '', -23.019281, -67.753181, 'Llano de Chajnantor 50 Km east of San Pedro de Atacama', 5060, 1, 6, 17, 'currently under construction', '', 0, '2011-08-29 16:44:30', '2011-09-01 11:31:02', 1),
(81, 'Paranal Observatory', 2005, 'European Southern Observatory (ESO)', 'http://www.vista.ac.uk/', 'Cerro Paranal, Antofagasta, Chile', '', '', 43, '', '', -24.615831, -70.397497, 'Atacama desert, Chile', 2635, 2, 5, 17, '', '', 0, '2011-08-30 13:19:11', '2011-08-30 13:25:00', 1),
(82, 'E-ELT - European Extremely Large Telescope', 2005, 'European Southern Observatory (ESO)', 'http://www.eso.org/sci/facilities/eelt/', 'Cerro Armazones, Sierra Vicuña Mackenna, Chile', '', '', 43, '', '', -24.588889, -70.192222, 'Cerro Armazones, Sierra Vicuña Mackenna, Chile', 3060, 1, 6, 17, 'Planned completion: 2022 first light', '', 0, '2011-08-30 14:42:14', NULL, 1);

-- --------------------------------------------------------

--
-- Table structure for table `observatory_to_research_areas`
--

DROP TABLE IF EXISTS `observatory_to_research_areas`;
CREATE TABLE IF NOT EXISTS `observatory_to_research_areas` (
  `observatory_id` int(10) unsigned NOT NULL,
  `research_area_id` int(10) unsigned NOT NULL,
  PRIMARY KEY (`observatory_id`,`research_area_id`),
  KEY `observatory_id_3` (`observatory_id`),
  KEY `research_area_id_1` (`research_area_id`)
) ENGINE=InnoDB DEFAULT CHARSET=latin1;

--
-- Dumping data for table `observatory_to_research_areas`
--

INSERT INTO `observatory_to_research_areas` (`observatory_id`, `research_area_id`) VALUES
(1, 13),
(1, 15),
(1, 19),
(1, 27),
(1, 54),
(1, 130),
(2, 5),
(2, 6),
(2, 8),
(2, 28),
(3, 2),
(3, 5),
(3, 24),
(4, 2),
(4, 3),
(4, 9),
(4, 11),
(4, 14),
(4, 15),
(4, 21),
(4, 25),
(5, 1),
(5, 3),
(5, 6),
(6, 23),
(7, 23),
(8, 23),
(9, 23),
(10, 1),
(11, 11),
(11, 31),
(11, 32),
(11, 116),
(13, 31),
(15, 1),
(15, 6),
(15, 11),
(15, 13),
(16, 4),
(16, 6),
(16, 13),
(17, 2),
(18, 3),
(19, 2),
(20, 6),
(20, 13),
(20, 26),
(21, 1),
(21, 4),
(22, 1),
(22, 27),
(23, 1),
(23, 27),
(24, 1),
(24, 2),
(25, 2),
(25, 28),
(26, 2),
(26, 28),
(27, 2),
(27, 24),
(28, 2),
(28, 11),
(28, 22),
(29, 1),
(29, 4),
(29, 27),
(29, 29),
(30, 2),
(30, 28),
(32, 15),
(32, 28),
(33, 28),
(34, 1),
(34, 2),
(34, 3),
(34, 4),
(35, 2),
(35, 5),
(35, 14),
(36, 28),
(37, 28),
(38, 11),
(38, 28),
(39, 28),
(40, 28),
(41, 11),
(41, 28),
(42, 15),
(42, 28),
(42, 31),
(42, 114),
(43, 11),
(43, 29),
(44, 4),
(44, 9),
(44, 11),
(44, 15),
(44, 27),
(44, 31),
(44, 32),
(44, 40),
(44, 87),
(44, 110),
(44, 116),
(44, 119),
(45, 1),
(45, 2),
(45, 4),
(45, 5),
(45, 6),
(45, 9),
(45, 11),
(45, 30),
(46, 1),
(46, 2),
(46, 11),
(46, 27),
(47, 11),
(48, 14),
(48, 28),
(49, 3),
(49, 29),
(49, 30),
(50, 6),
(50, 19),
(50, 20),
(51, 27),
(52, 6),
(52, 7),
(52, 8),
(52, 13),
(52, 71),
(53, 28),
(54, 33),
(55, 28),
(55, 31),
(55, 32),
(55, 71),
(56, 31),
(56, 32),
(57, 9),
(57, 31),
(57, 32),
(58, 27),
(59, 71),
(60, 6),
(60, 11),
(60, 13),
(60, 22),
(60, 49),
(61, 7),
(61, 9),
(61, 13),
(61, 20),
(61, 24),
(61, 31),
(61, 40),
(61, 54),
(61, 56),
(62, 7),
(62, 13),
(62, 20),
(62, 27),
(62, 30),
(62, 55),
(62, 56),
(63, 15),
(63, 28),
(63, 31),
(63, 32),
(63, 54),
(63, 67),
(63, 87),
(64, 6),
(64, 9),
(64, 10),
(64, 13),
(64, 15),
(65, 31),
(66, 9),
(66, 11),
(66, 13),
(67, 6),
(67, 13),
(67, 34),
(67, 67),
(68, 9),
(68, 11),
(68, 13),
(68, 19),
(68, 20),
(68, 27),
(68, 31),
(68, 33),
(68, 37),
(68, 45),
(68, 78),
(68, 130),
(69, 67),
(70, 31),
(70, 71),
(71, 31),
(71, 71),
(72, 32),
(72, 71),
(73, 13),
(74, 13),
(74, 31),
(74, 32),
(74, 45),
(75, 13),
(75, 31),
(75, 32),
(75, 45),
(75, 110),
(75, 114),
(76, 31),
(76, 32),
(76, 110),
(76, 117),
(77, 20),
(77, 27),
(77, 78),
(78, 54),
(78, 127),
(79, 19),
(79, 27),
(79, 54),
(79, 82),
(79, 114),
(79, 119),
(80, 27),
(80, 54),
(80, 130),
(81, 28),
(81, 32),
(81, 43),
(81, 48),
(81, 104),
(82, 31),
(82, 32),
(82, 48),
(82, 117);

-- --------------------------------------------------------

--
-- Table structure for table `observatory_to_scientific_contacts`
--

DROP TABLE IF EXISTS `observatory_to_scientific_contacts`;
CREATE TABLE IF NOT EXISTS `observatory_to_scientific_contacts` (
  `observatory_id` int(10) unsigned NOT NULL,
  `scientific_contact_id` int(10) unsigned NOT NULL,
  PRIMARY KEY (`observatory_id`,`scientific_contact_id`),
  KEY `observatory_id_1` (`observatory_id`),
  KEY `scientific_contact_id_1` (`scientific_contact_id`)
) ENGINE=InnoDB DEFAULT CHARSET=latin1;

--
-- Dumping data for table `observatory_to_scientific_contacts`
--

INSERT INTO `observatory_to_scientific_contacts` (`observatory_id`, `scientific_contact_id`) VALUES
(1, 1),
(2, 15),
(3, 2),
(4, 3),
(4, 4),
(5, 5),
(20, 10),
(21, 11),
(27, 12),
(29, 13),
(30, 14),
(33, 16),
(34, 17),
(35, 18),
(36, 19),
(38, 20),
(40, 21),
(42, 22),
(43, 23),
(44, 24),
(45, 25),
(46, 26),
(47, 27),
(49, 28),
(50, 29),
(51, 30),
(52, 31),
(53, 32),
(61, 62),
(62, 63),
(63, 64),
(64, 65),
(67, 66),
(68, 158),
(70, 131),
(72, 132),
(72, 133),
(72, 134),
(73, 135),
(74, 136),
(74, 137),
(74, 138),
(77, 154),
(78, 155),
(78, 156),
(81, 157);

-- --------------------------------------------------------

--
-- Table structure for table `observatory_to_targets`
--

DROP TABLE IF EXISTS `observatory_to_targets`;
CREATE TABLE IF NOT EXISTS `observatory_to_targets` (
  `observatory_id` int(10) unsigned NOT NULL,
  `target_id` int(10) unsigned NOT NULL,
  PRIMARY KEY (`observatory_id`,`target_id`),
  KEY `observatory_id_7` (`observatory_id`),
  KEY `target_id_1` (`target_id`)
) ENGINE=InnoDB DEFAULT CHARSET=latin1;

--
-- Dumping data for table `observatory_to_targets`
--

INSERT INTO `observatory_to_targets` (`observatory_id`, `target_id`) VALUES
(1, 46),
(1, 61),
(1, 63),
(1, 69),
(1, 74),
(1, 77),
(1, 81),
(1, 205),
(2, 47),
(11, 45),
(11, 65),
(11, 66),
(13, 1),
(13, 3),
(13, 4),
(13, 5),
(13, 6),
(13, 9),
(13, 31),
(13, 45),
(13, 50),
(23, 50),
(24, 31),
(24, 33),
(24, 34),
(24, 51),
(27, 33),
(34, 48),
(35, 31),
(35, 33),
(38, 50),
(41, 45),
(42, 204),
(42, 210),
(44, 31),
(44, 45),
(44, 50),
(44, 63),
(44, 68),
(44, 75),
(44, 141),
(44, 203),
(44, 204),
(44, 210),
(44, 217),
(45, 31),
(45, 33),
(48, 31),
(49, 31),
(54, 63),
(54, 82),
(55, 32),
(55, 63),
(55, 169),
(57, 59),
(57, 63),
(57, 204),
(57, 205),
(57, 212),
(59, 46),
(59, 63),
(59, 81),
(60, 45),
(60, 47),
(61, 13),
(61, 14),
(61, 15),
(61, 16),
(61, 17),
(61, 18),
(61, 19),
(61, 20),
(61, 21),
(61, 22),
(61, 23),
(61, 24),
(61, 25),
(61, 26),
(61, 27),
(61, 28),
(61, 30),
(61, 31),
(61, 32),
(61, 33),
(61, 34),
(61, 35),
(61, 36),
(61, 37),
(61, 38),
(61, 39),
(61, 40),
(61, 41),
(61, 42),
(61, 43),
(61, 44),
(61, 47),
(61, 48),
(61, 49),
(61, 51),
(61, 52),
(61, 53),
(61, 150),
(62, 47),
(62, 48),
(63, 45),
(63, 63),
(63, 71),
(63, 203),
(63, 210),
(66, 45),
(67, 8),
(67, 30),
(67, 45),
(68, 45),
(68, 63),
(68, 68),
(68, 204),
(68, 210),
(70, 32),
(70, 36),
(73, 40),
(73, 63),
(73, 210),
(74, 59),
(74, 63),
(75, 47),
(75, 59),
(75, 61),
(75, 63),
(75, 205),
(76, 63),
(76, 217),
(77, 59),
(77, 204),
(77, 205),
(77, 210),
(77, 212),
(78, 46),
(78, 63),
(78, 80),
(78, 217),
(79, 46),
(79, 63),
(79, 64),
(79, 74),
(79, 80),
(79, 217),
(80, 50),
(80, 59),
(80, 61),
(80, 210),
(81, 58),
(81, 68),
(81, 71),
(81, 206),
(82, 47),
(82, 57),
(82, 58),
(82, 61),
(82, 205);

-- --------------------------------------------------------

--
-- Table structure for table `observatory_to_telescopes`
--

DROP TABLE IF EXISTS `observatory_to_telescopes`;
CREATE TABLE IF NOT EXISTS `observatory_to_telescopes` (
  `observatory_id` int(10) unsigned NOT NULL,
  `telescope_id` int(10) unsigned NOT NULL,
  PRIMARY KEY (`observatory_id`,`telescope_id`),
  KEY `observatory_id_2` (`observatory_id`),
  KEY `telescope_id_1` (`telescope_id`)
) ENGINE=InnoDB DEFAULT CHARSET=latin1;

--
-- Dumping data for table `observatory_to_telescopes`
--

INSERT INTO `observatory_to_telescopes` (`observatory_id`, `telescope_id`) VALUES
(1, 348),
(2, 188),
(2, 189),
(2, 190),
(2, 191),
(2, 192),
(3, 174),
(4, 308),
(4, 309),
(5, 173),
(6, 9),
(6, 10),
(7, 8),
(8, 11),
(8, 12),
(9, 13),
(10, 14),
(11, 349),
(11, 350),
(11, 351),
(11, 352),
(11, 353),
(11, 354),
(11, 355),
(11, 356),
(12, 21),
(12, 22),
(13, 357),
(15, 25),
(15, 26),
(15, 27),
(17, 28),
(17, 29),
(18, 30),
(18, 31),
(18, 32),
(19, 33),
(20, 34),
(20, 35),
(21, 384),
(21, 385),
(21, 386),
(22, 170),
(22, 171),
(22, 172),
(23, 43),
(23, 44),
(23, 45),
(23, 46),
(25, 175),
(26, 179),
(26, 180),
(26, 181),
(27, 182),
(28, 387),
(28, 388),
(28, 389),
(28, 390),
(29, 59),
(30, 60),
(30, 61),
(32, 67),
(32, 68),
(32, 69),
(33, 70),
(33, 71),
(34, 295),
(35, 193),
(35, 194),
(36, 198),
(36, 199),
(37, 79),
(37, 80),
(38, 200),
(38, 201),
(38, 202),
(39, 84),
(39, 85),
(40, 86),
(40, 87),
(41, 88),
(41, 89),
(42, 358),
(42, 359),
(42, 360),
(42, 361),
(42, 362),
(43, 203),
(44, 376),
(44, 377),
(44, 378),
(44, 379),
(44, 380),
(44, 381),
(45, 214),
(45, 215),
(45, 216),
(46, 217),
(46, 218),
(47, 219),
(48, 220),
(48, 221),
(49, 278),
(50, 230),
(50, 231),
(50, 232),
(51, 118),
(51, 119),
(52, 273),
(52, 274),
(52, 275),
(52, 276),
(52, 277),
(53, 233),
(53, 234),
(54, 314),
(55, 391),
(56, 130),
(57, 322),
(58, 132),
(59, 316),
(60, 235),
(60, 236),
(61, 283),
(61, 284),
(61, 285),
(61, 286),
(62, 140),
(62, 141),
(63, 382),
(63, 383),
(64, 268),
(64, 269),
(64, 270),
(64, 271),
(64, 272),
(65, 249),
(65, 250),
(66, 300),
(66, 301),
(66, 302),
(66, 303),
(67, 265),
(67, 266),
(67, 267),
(68, 342),
(68, 343),
(68, 344),
(68, 345),
(69, 392),
(69, 393),
(70, 311),
(71, 312),
(73, 319),
(73, 320),
(74, 321),
(75, 324),
(76, 325),
(77, 330),
(78, 328),
(79, 329),
(80, 346),
(80, 347),
(81, 335),
(81, 336),
(82, 337);

-- --------------------------------------------------------

--
-- Table structure for table `precipitation_ranges`
--

DROP TABLE IF EXISTS `precipitation_ranges`;
CREATE TABLE IF NOT EXISTS `precipitation_ranges` (
  `id` int(10) unsigned NOT NULL AUTO_INCREMENT,
  `range` varchar(20) NOT NULL,
  PRIMARY KEY (`id`)
) ENGINE=InnoDB  DEFAULT CHARSET=latin1 AUTO_INCREMENT=8 ;

--
-- Dumping data for table `precipitation_ranges`
--

INSERT INTO `precipitation_ranges` (`id`, `range`) VALUES
(1, '<10'),
(2, '11-50'),
(3, '51-100'),
(4, '101-200'),
(5, '201-500'),
(6, '>500'),
(7, '---');

-- --------------------------------------------------------

--
-- Table structure for table `research_areas`
--

DROP TABLE IF EXISTS `research_areas`;
CREATE TABLE IF NOT EXISTS `research_areas` (
  `id` int(10) unsigned NOT NULL AUTO_INCREMENT,
  `domain` text NOT NULL,
  `name` text NOT NULL,
  PRIMARY KEY (`id`)
) ENGINE=InnoDB  DEFAULT CHARSET=latin1 AUTO_INCREMENT=131 ;

--
-- Dumping data for table `research_areas`
--

INSERT INTO `research_areas` (`id`, `domain`, `name`) VALUES
(1, '', 'DEPRECATED: Key Area 1 (..)'),
(2, '', 'DEPRECATED: Key Area 2 (..)'),
(3, '', 'DEPRECATED: Key Area 3 (..)'),
(4, 'ATMOSPHERIC PHYSICS', 'ATMOSPHERIC PHYSICS'),
(5, '', 'DEPRECATED: Supernovae / Novae'),
(6, '', 'DEPRECATED: Galaxies'),
(7, '', 'DEPRECATED: Interstellar Medium'),
(8, '', 'DEPRECATED: Exoplanets'),
(9, 'STELLAR PHYSICS', 'STELLAR PHYSICS'),
(10, '', 'DEPRECATED: Large Scale Structures'),
(11, 'SPACE PHYSICS', 'Solar Physics'),
(12, 'GEODESY', 'GEODESY'),
(13, 'COSMOLOGY', 'COSMOLOGY'),
(14, 'OBSERVATIONAL ASTROPHYSICS', 'Stellar Occultations'),
(15, 'PUBLIC OUTREACH / EDUCATION ETC.', 'PUBLIC OUTREACH / EDUCATION ETC.'),
(16, 'ASTROPARTICLE PHYSICS', 'ASTROPARTICLE PHYSICS'),
(17, '', 'DEPRECATED: Black Holes'),
(18, 'ASTROBIOLOGY', 'ASTROBIOLOGY'),
(19, 'ASTROCHEMISTRY', 'ASTROCHEMISTRY'),
(20, 'STELLAR PHYSICS', 'Physics of White Dwarfs, Neutron Stars etc.'),
(21, 'CELESTIAL MECHANICS', 'Orbital Mechanics'),
(22, '', 'DEPRECATED: Interplanetary Medium'),
(23, 'SPACE PHYSICS', 'Magnetospheric Physics'),
(24, '', 'DEPRECATED: Variable Stars'),
(25, 'ATMOSPHERIC PHYSICS', 'Climatology'),
(26, '', 'DEPRECATED: Instability phenomena in the universe'),
(27, 'OBSERVATIONAL ASTROPHYSICS', 'Radio Astronomy'),
(28, 'OBSERVATIONAL ASTROPHYSICS', 'Astronomical Survey'),
(29, 'ATMOSPHERIC PHYSICS', 'Synoptic Meteorology'),
(30, '', 'DEPRECATED: Small Solar System Objects'),
(31, 'OBSERVATIONAL ASTROPHYSICS', 'Optical Astronomy'),
(32, 'OBSERVATIONAL ASTROPHYSICS', 'Infrared Astronomy'),
(33, 'COSMOLOGY', 'Cosmic Microwave Background'),
(34, '', 'DEPRECATED: Solar System'),
(35, 'SPACE PHYSICS', 'Plasma Physics'),
(36, '', 'DEPRECATED: Sun-Earth Interaction'),
(37, 'SPACE PHYSICS', 'Space Weather'),
(38, '', 'DEPRECATED: Solar Wind Interaction'),
(39, '', 'DEPRECATED: Earth''s Magnetic Environment'),
(40, 'ASTROPARTICLE PHYSICS', 'High-Energy, VHE & UHE Gamma Ray Astronomy'),
(41, '', 'DEPRECATED: Energetic Radiation'),
(42, '', 'DEPRECATED: Iron Quasar'),
(43, 'COSMOLOGY', 'The Observable Universe'),
(44, '', 'DEPRECATED: Sunyaev-Zel''dovich effect'),
(45, 'COSMOLOGY', 'Cosmogony, Big Bang & Early Universe'),
(46, '', 'DEPRECATED: Expansion of Universe'),
(47, '', 'DEPRECATED: Beginning of Universe'),
(48, 'COSMOLOGY', 'Exotic Matter, Dark Matter & Energy'),
(49, '', 'DEPRECATED: X-rays'),
(50, '', 'DEPRECATED: Observations of GRB'),
(51, '', 'DEPRECATED: Deep Space'),
(52, '', 'DEPRECATED: Quasars'),
(53, '', 'DEPRECATED: Gamma-ray bursts'),
(54, 'STELLAR PHYSICS', 'Star Formation'),
(55, '', 'DEPRECATED: Comets'),
(56, '', 'DEPRECATED: Planets'),
(57, '', 'DEPRECATED: Solar System Objects'),
(58, 'ASTROCHEMISTRY', 'Chemical Evolution'),
(59, '', 'DEPRECATED: X-ray emitting temperatures'),
(60, 'PLANETARY SCIENCES', 'Planetary Geology'),
(61, '', 'DEPRECATED: Electromagnetic Radiation'),
(62, '', 'DEPRECATED: Lunar Geology'),
(63, 'ASTROCHEMISTRY', 'Geochemistry'),
(64, '', 'DEPRECATED: Investigation of magnetic activity of the Sun'),
(65, 'STELLAR PHYSICS', 'Stellar Structure'),
(66, '', 'DEPRECATED: Dark Matter'),
(67, 'INSTRUMENTATION', 'INSTRUMENTATION'),
(68, '', 'DEPRECATED: Atmospheric Observations'),
(69, '', 'DEPRECATED: Radar Imaging'),
(70, '', 'DEPRECATED: Military Defence'),
(71, 'PLANETARY SCIENCES', 'PLANETARY SCIENCES'),
(72, 'ASTROBIOLOGY', 'Abiogenesis (Astrobiology)'),
(73, 'ASTROBIOLOGY', 'Biomarkers'),
(74, 'ASTROBIOLOGY', 'Evolution of Life & Biodiversity'),
(75, 'ASTROBIOLOGY', 'Exoplanetary Research (Astrobiology)'),
(76, 'ASTROBIOLOGY', 'Life in the Solar System'),
(77, 'ASTROBIOLOGY', 'Planetary Habitability'),
(78, 'ASTROBIOLOGY', 'SETI - Search for Extra-Terrestrial Intelligence'),
(79, 'ASTROBIOLOGY', 'Stellar, Planetary & Atmospheric Evolution'),
(80, 'ASTROCHEMISTRY', 'Abiogenesis (Astrochemistry)'),
(81, 'ASTROCHEMISTRY', 'Atomic & Molecular Astrophysics'),
(82, 'ASTROCHEMISTRY', 'Cosmochemistry'),
(83, 'ASTROCHEMISTRY', 'Nucleocosmochronology'),
(84, 'ASTROPARTICLE PHYSICS', 'Cosmic Ray Physics (Astroparticle Physics)'),
(85, 'ASTROPARTICLE PHYSICS', 'Neutrino Astronomy (Astroparticle Physics)'),
(86, 'ASTROPARTICLE PHYSICS', 'Particle Physics  in Cosmology (Astroparticle Physics)'),
(87, 'ASTROPARTICLE PHYSICS', 'Related Astrophysics - Supernovae, AGN etc.'),
(88, 'ATMOSPHERIC PHYSICS', 'Aeronomy'),
(89, 'ATMOSPHERIC PHYSICS', 'Atmospheric Dynamics & Circulation'),
(90, 'ATMOSPHERIC PHYSICS', 'Atmospheric Energetics'),
(91, 'ATMOSPHERIC PHYSICS', 'Physical & Chemical Processes in the Atmosphere'),
(92, 'ATMOSPHERIC PHYSICS', 'Weather Forecasting'),
(93, 'ATMOSPHERIC PHYSICS', 'Weather Systems'),
(94, 'CELESTIAL MECHANICS', 'Astrometry'),
(95, 'CELESTIAL MECHANICS', 'CELESTIAL MECHANICS'),
(96, 'CELESTIAL MECHANICS', 'Celestial Navigation'),
(97, 'CELESTIAL MECHANICS', 'Ephemerides'),
(98, 'CELESTIAL MECHANICS', 'Lunar Theory'),
(99, 'COSMOLOGY', 'Gravitational Physics'),
(100, 'COSMOLOGY', 'Non-Standard Cosmology'),
(101, 'COSMOLOGY', 'Particle Physics in Cosmology'),
(102, 'COSMOLOGY', 'Structure Formation'),
(103, 'COSMOLOGY', 'Ultimate Fate of the Universe'),
(104, 'GEODESY', 'Cartography'),
(105, 'GEODESY', 'Geodetic Astronomy'),
(106, 'GEODESY', 'Photogrammetry'),
(107, 'GEODESY', 'Physical Geodesy'),
(108, 'GEODESY', 'Surveying'),
(109, 'OBSERVATIONAL ASTROPHYSICS', 'Earth Monitoring'),
(110, 'OBSERVATIONAL ASTROPHYSICS', 'Gamma Ray Astronomy'),
(111, 'OBSERVATIONAL ASTROPHYSICS', 'Gravitational Wave Astronomy'),
(112, 'OBSERVATIONAL ASTROPHYSICS', 'Neutrino Astronomy (Observational Astrophysics)'),
(113, 'OBSERVATIONAL ASTROPHYSICS', 'OBSERVATIONAL ASTROPHYSICS'),
(114, 'OBSERVATIONAL ASTROPHYSICS', 'Spectroscopy'),
(115, 'OBSERVATIONAL ASTROPHYSICS', 'UV Astronomy'),
(116, 'OBSERVATIONAL ASTROPHYSICS', 'X-Ray Astronomy'),
(117, 'PLANETARY SCIENCES', 'Exoplanetary Research (Planetary Sciences)'),
(118, 'PLANETARY SCIENCES', 'Geomorphology'),
(119, 'PLANETARY SCIENCES', 'Planetary Astronomy'),
(120, 'PLANETARY SCIENCES', 'Theoretical Planetology'),
(121, 'SPACE PHYSICS', 'Cosmic Ray Physics (Space Physics)'),
(122, 'SPACE PHYSICS', 'Heliospheric, Solar & Planetary Radio Emissions'),
(123, 'SPACE PHYSICS', 'Physics of Shockwaves'),
(124, 'SPACE PHYSICS', 'Planetary Aurorae'),
(125, 'SPACE PHYSICS', 'SPACE PHYSICS'),
(126, 'SPACE PHYSICS', 'Synchrotron Radiation'),
(127, 'STELLAR PHYSICS', 'Accretion Disks'),
(128, 'STELLAR PHYSICS', 'Asteroseismology'),
(129, 'STELLAR PHYSICS', 'Plasma Physics (Stellar Physics)'),
(130, 'STELLAR PHYSICS', 'Stellar Evolution');

-- --------------------------------------------------------

--
-- Table structure for table `science_goals`
--

DROP TABLE IF EXISTS `science_goals`;
CREATE TABLE IF NOT EXISTS `science_goals` (
  `id` int(10) unsigned NOT NULL AUTO_INCREMENT,
  `acronym` varchar(5) NOT NULL,
  `name` text NOT NULL,
  PRIMARY KEY (`id`)
) ENGINE=InnoDB  DEFAULT CHARSET=latin1 AUTO_INCREMENT=89 ;

--
-- Dumping data for table `science_goals`
--

INSERT INTO `science_goals` (`id`, `acronym`, `name`) VALUES
(1, 'MA', 'Magnetospheres'),
(2, 'SA', 'Satellites'),
(3, 'AT', 'Atmospheres'),
(4, 'AU', 'Aurorae'),
(5, 'UNK', 'unknown'),
(6, 'PC', 'Polar Cusps'),
(7, 'SW', 'Solar Winds'),
(8, 'S-E I', 'Sun-Earth Interaction'),
(9, 'SPP', 'Space Plasma Physics'),
(10, 'N', 'Nucleosynthesis'),
(11, 'RPA', 'Relativistic-particle accelerators'),
(12, 'SFS', 'Strong-field signatures in compact stars'),
(13, 'OE', 'Optical Emission from prime targets of Integral Instruments'),
(14, 'XG', 'Observations in optical band with those at X-rays and gamma-rays'),
(15, 'NP', 'Nature and Physics of sources over wavelength range'),
(16, 'EON', 'Energetic Objects in Universe'),
(17, 'GRS', 'Gamma-ray sources'),
(18, 'PDS', 'Proton-detection system'),
(19, 'GRE', 'Gamma-Ray Emission'),
(20, 'BOU', 'Beginning of Universe'),
(21, 'EU', 'How the Universe evolved to the state we observe today'),
(22, 'UEF', 'How the Universe will continue to evolve in the future'),
(23, 'UBB', 'Measuring remnants of the radiation that filled the Universe immediately after the Big Bang'),
(24, 'CMB', 'Cosmic Microwave Background'),
(25, 'HC', 'Determining the Hubble Constant value'),
(26, 'XBH', 'X-rays from accretion onto black holes'),
(27, 'PES', 'Properties of exploding stars'),
(28, 'NEM', 'Nature of exotic matter'),
(29, 'OOG', 'Observations of GRB'),
(30, 'WRE', 'Highest Possible effective area over a wide range of energies'),
(31, 'SRHE', 'To provide sufficient reflectivity at high energies'),
(32, 'XBH', 'X-rays from accretion onto black holes'),
(33, 'PES', 'Properties of exploding stars'),
(34, 'NEM', 'Nature of exotic matter'),
(35, 'OOG', 'Observations of GRB'),
(36, 'LU', 'Life of Universe'),
(37, 'BS', 'Birth of Stars'),
(38, 'G', 'Galaxies'),
(39, 'SS', 'Solar Systems'),
(40, 'IG', 'Interstellar gas'),
(41, 'FGSP', 'Formation of galaxies, stars & planetary systems'),
(42, 'HDF', 'The Hubble Deep Fields'),
(43, 'PQG', 'Proof that Quasars reside in galaxies'),
(44, 'SCO', 'Measure the angular diameter of stars and other celestial objects'),
(45, 'AMS', 'Refine the positions and absolute magnitude scale for stars'),
(46, 'DSU', 'Determine the true distance scale for the Universe'),
(47, 'EUM', 'Expansion of the Universe measured'),
(48, 'GRB', 'Proof that gamma-ray burst are found in galaxies'),
(49, 'USE', 'Study the formation of Galaxies in the early universe and their subsequent evolution'),
(50, 'IIM', 'Investigate the creation of stars and their interaction with the interstellar medium'),
(51, 'CCA', 'Observe the Chemical Composition of the Atmospheres and Surfaces of Comets, Planets & Satellites'),
(52, 'MCU', 'Examine the molecular chemistry of the universe'),
(53, 'GDU', 'Detection and Investigation of galaxies in the distant Universe.'),
(54, 'IMG', 'Study of star formation and the interstellar medium in our own and nearby galaxies.'),
(55, 'XGR', 'Detecting Signals ranging from soft X-rays up to Gamma-rays'),
(56, 'BHS', 'Investigating high energy astronomical phenomena, such as Black holes and Supernovae'),
(57, 'XGR', 'Detecting Signals ranging from soft X-rays up to Gamma-rays.'),
(58, 'BHS', 'Investigating high energy astronomical phenomena, such as Black holes and Supernovae.'),
(59, 'LSD', 'To analyse geological, mineralogical and topographical aspects of the lunar surface in unprecedented detail.'),
(60, 'DCM', 'Study the vertical distribution of crustal material.'),
(61, 'MBM', 'Investigate the processes that led to the formation of craters, maria and basins on the Moon.'),
(62, 'CRM', 'Explore space weathering processes, that result from the interaction of the solar wind and cosmic rays with the Moon''s surface.'),
(63, 'ALS', 'Analyse the magnetic anomalies on the lunar surface.'),
(64, 'SIP', 'Search for ices at the poles.'),
(65, 'HSR', 'Produce 3D maps of regions of particular scientific interest at high spatial resolution.'),
(66, 'PTI', 'Drop an impact probe on the lunar surface to test near-surface properties and test impact technology.'),
(67, 'SCM', 'Learn more about lunar history and formation from the composition of different surface features and the changes in the continuum slope over the Moon.'),
(68, 'PSA', 'Search for the presence of water in the form of hydrated minerals or ices at the lunar poles in the permanently shaded areas.'),
(69, 'HEM', 'Extend the scientific knowledge about resources for a later human exploration of the Moon.'),
(70, 'IFM', 'Map lunar surface composition by infrared fingerprints of minerals.'),
(71, 'MSL', 'To understand the processes of magnetic field generation and transport including the magnetic modulation of the Sun''s luminosity.'),
(72, 'SCC', 'To investigate the processes responsible for energy transfer from the photosphere to the corona and that are responsible for the heating and structuring of the chromosphere and the corona.'),
(73, 'SES', 'To determine the mechanisms responsible for eruptive phenomena, such as flares and coronal mass ejections, and understand these phenomena in the context of the space weather of the Sun-Earth System.'),
(74, 'SMF', 'To observe the dissipation of the life-cycle story of Solar magnetic fields'),
(75, 'CTE', 'To observe the energy buildup, storage and release process in the corona for any transient event'),
(76, 'SSI', 'To study stellar interiors.'),
(77, 'SFE', 'To study for exoplanets.'),
(78, 'ELP', 'Searching for rocky planets outside our Solar System, and to find habitable, Earth-like planets around other stars.'),
(79, 'LPS', 'To study the acoustical waves across surfaces of stars, and hence penetrate into the ''invisible'' stellar interiors and learn about the physics of stars.'),
(80, 'IF', 'Ion Flux'),
(81, '67P', 'Observations of the comet 67P''s nucleus and coma'),
(82, 'N/A', 'Study Mars'' Atmosphere and Surface'),
(83, 'EOS', 'Earth Observing Systems'),
(84, 'HRTI', 'High Resolution Terrain Information'),
(85, 'SAR', 'High resolution reconnaissance imaging'),
(86, 'WLE', 'Worlds like Earth'),
(87, '67P', 'unlock the secrets of how our solar system looked before planets formed.     * Characterisation of the nucleus     * Determination of the chemical compounds present, including enantiomers     * Study of comet activities and developments over time.'),
(88, '67P ', 'search for the abundance of noble gas in the comet core');

-- --------------------------------------------------------

--
-- Table structure for table `scientific_contacts`
--

DROP TABLE IF EXISTS `scientific_contacts`;
CREATE TABLE IF NOT EXISTS `scientific_contacts` (
  `id` int(10) unsigned NOT NULL AUTO_INCREMENT,
  `name` text NOT NULL,
  `email` text NOT NULL,
  `institution` text,
  PRIMARY KEY (`id`)
) ENGINE=InnoDB  DEFAULT CHARSET=latin1 AUTO_INCREMENT=159 ;

--
-- Dumping data for table `scientific_contacts`
--

INSERT INTO `scientific_contacts` (`id`, `name`, `email`, `institution`) VALUES
(1, 'Carsten Kramer', 'kramer@iram.es', 'IRAM'),
(2, 'Lorenzo Franco', 'lor_franco@libero.it', ''),
(3, 'Dr Apostolos Christou', 'aac@arm.ac.uk', ''),
(4, 'Prof Mark Bailey', 'meb@arm.ac.uk', ''),
(5, 'A. van Zegveld', 'andre@AbreLosOjos.be', ''),
(8, 'Rudolf Schmidt ', '', 'ESOC, Darmstadt, Germany'),
(9, 'Elsa Montagnon', '', '(ESOC) Darmstadt, Germany. '),
(10, 'NIKOGOSSIAN Elena H., Dr', 'elena@bao.sci.am', ''),
(11, 'Dr. Anja Stromme', 'anja.stromme@sri.com', ''),
(12, 'Joan Guarro', 'jguarro@astrogea.org', ''),
(13, 'Darcy Ladd', 'darcy.ladd@stfc.ac.uk', ''),
(14, 'Graham Woan (Director)', 'graham@astro.gla.ac.uk', 'University of Glasgow'),
(15, 'Prof Ian Howarth (Director)', 'idh@star.ucl.ac.uk', 'University College London'),
(16, 'Mark Thompson (Chairman)', 'thompsonmarkp@btopenworld.com', 'FRAS'),
(17, 'Prof. Dr Schildknecht Thomas (Director)', '', ''),
(18, 'Michel ORY (Astrophysicist and educator)', 'michel.ory@jura-observatory.ch', ''),
(19, 'Alain Kohler (President)', 'alain.kohler@tvs2net.ch', ''),
(20, 'Biollay Sebastian', '024/485 18 76', ''),
(21, 'Walter Bersinger (President)', '', ''),
(22, 'Assoc. Prof. Birol Gurol (Director)', 'birol@astro1.science.ankara.edu.tr', 'Ankara University'),
(23, 'Prof. Dr. M. Turker Ozkan (Head of Department)', 'ozkant@istanbul.edu.tr', 'Istanbul University'),
(24, 'Prof. Ram Sagar (Director)', '0091-05942--233734 ext 201', ''),
(25, 'Stanislav Maticic (In charge of Hardware and Technology)', 'stanislav.maticic@guest.arnes.si', ''),
(26, 'Professor Hugh Jones', '', ''),
(27, 'Professor Zhang, Hongqi', 'hzhang@bao.ac.cn', ''),
(28, 'Juan Lacruz', '', ''),
(29, 'Dr Karen Pollard (Director)', 'karen.pollard@canterbury.ac.nz', ''),
(30, 'Prof J.M. Dickey', 'John.Dickey@utas.edu.au', 'University of Tasmania'),
(31, 'Geoffrey White (Senior Technical Officer)', 'gwhite@mso.anu.edu.au', ''),
(32, 'Julio F. Rodriguez Gomez (Vice Director of Technology)', 'julio@iaa.es', ''),
(33, 'Marshall Space Flight Center', '', 'NASA'),
(34, 'Joern Wilms', 'joern.wilms@sternwarte.uni-erlangen.de', 'ESA'),
(35, 'Joern Wilms', 'joern.wilms@sternwarte.uni-erlangen.de', 'ESA'),
(36, 'Joern Wilms', 'joern.wilms@sternwarte.uni-erlangen.de', 'ESA'),
(37, 'Joern Wilms', 'joern.wilms@sternwarte.uni-erlangen.de', 'ESA'),
(38, 'Joern Wilms ', 'joern.wilms@sternwarte.uni-erlangen.de', 'ESA'),
(39, 'Joern Wilms', 'joern.wilms@sternwarte.uni-erlangen.de', 'ESA'),
(40, 'Joern Wilms', 'joern.wilms@sternwarte.uni-erlangen.de', 'ESA'),
(41, 'Joern Wilms', 'joern.wilms@sternwarte.uni-erlangen.de', 'ESA'),
(42, 'Charles F. Bolden, Jr', 'www.nasa.gov', 'NASA'),
(43, 'Charles F. Bolden, Jr', 'www.nasa.gov', 'NASA'),
(44, 'Charles F. Bolden, Jr', 'www.nasa.gov', 'NASA'),
(45, 'Charles F. Bolden, Jr', 'www.nasa.gov', 'NASA'),
(46, 'Charles F. Bolden, Jr', 'www.nasa.gov', 'NASA'),
(47, 'Charles F. Bolden, Jr', 'www.nasa.gov', 'NASA'),
(48, 'Joern Wilms', 'joern.wilms@sternwarte.uni-erlangen.de', 'ESA'),
(49, 'Joern Wilms', 'joern.wilms@sternwarte.uni-erlangen.de', 'ESA'),
(50, 'Joern Wilms', 'joern.wilms@sternwarte.uni-erlangen.de', 'ESA'),
(51, 'http://www.jaxa.jp/pr/inquiries/index_e.html', '', 'JAXA'),
(52, 'http://www.jaxa.jp/pr/inquiries/index_e.html', '', 'JAXA'),
(53, 'http://www.jaxa.jp/pr/inquiries/index_e.html', '', 'JAXA'),
(54, 'Antariksh Bhavan', 'satish@isro.gov.in', 'ISRO'),
(55, 'Antariksh Bhavan', 'satish@isro.gov.in', 'ISRO'),
(56, 'Antariksh Bhavan', 'satish@isro.gov.in', 'ISRO'),
(57, 'http://www.jaxa.jp/pr/mail/index_e.html', '', 'JAXA'),
(58, 'http://www.jaxa.jp/pr/mail/index_e.html', '', 'JAXA'),
(59, 'http://www.jaxa.jp/pr/mail/index_e.html', '', 'JAXA'),
(60, 'CNES', 'enquiries@cne-siar.gov.uk', 'CNES'),
(61, 'CNES', 'enquiries@cne-siar.gov.uk', 'CNES'),
(62, 'Ábrahám, Péter', 'abraham@konkoly.hu', ''),
(63, 'Sergio Mariotti', 's.mariotti@ira.inaf.it', 'National Institute for Astrophysics '),
(64, 'Prof. Flavio Fusi Pecci , director ', 'flavio.fusipecci@oabo.inaf.it', ''),
(65, 'Jose Funes, S.J.', '', ''),
(66, 'Ester Antonucci ', 'antonucci@oato.inaf.it', 'INAF'),
(67, 'Oliver Montenbruck', 'oliver.montenbruck@dlr.de', 'German Aerospace Center (DLR), Wessling, Germany'),
(68, 'Eberhard Gill', 'e.k.a.gill@tudelft.nl', 'German Aerospace Center (DLR), Wessling, Germany'),
(69, 'Simone D’Amico', 'simone.damico@dlr.de', 'German Aerospace Center (DLR), Wessling, Germany'),
(70, 'Thomas Rupp', 'thomas.rupp@dlr.de', 'German Aerospace Center (DLR), Wessling, Germany'),
(71, 'Murakami, H', '', ''),
(72, 'Murakami, H', '', ''),
(84, 'Kevin Brown', '', ''),
(85, 'Don McCoy', '', 'ESCO, Darmstadt, Germany'),
(86, 'Graeme Stephens', '', 'NASA'),
(87, 'Steve Benner', '', 'NASA'),
(88, 'David Bogart ', '', 'Goddard Space Flight Center'),
(89, 'Borucki, W', '', ''),
(90, 'Laurie Kleppin', '', 'POES '),
(121, 'ANDERSON, Caprece', 'cap@srl.caltech.edu', 'SRL'),
(122, 'Len Fisk', 'lafisk@umich.edu', 'SHRG'),
(123, 'Eberhard Moebius', '', 'UNH'),
(124, 'Dr. Robert Gold', 'Robert.Gold@jhuapl.edu', 'JHU Applied Physics Laboratory'),
(125, 'CALDERON, Minerva', 'mc@srl.caltech.edu', 'SRL'),
(126, 'Thomas Zurbuchen', 'Thomasz@umich.edu', 'SHRG'),
(127, 'E. C. Stone', '', 'Caltech '),
(128, 'D.J. McComas', '', 'Space and Atmospheric Sciences Group'),
(129, 'Charles W. Smith', '', 'UNH'),
(130, 'Richard Mewaldt', 'rmewaldt@srl.caltech.edu', 'SWPC'),
(131, 'Colin Aspin', 'caa@ifa.hawaii.edu', 'University of Hawaii'),
(132, 'John Rayner', 'rayner@ifa.hawaii.edu', 'Institute for Astronomy'),
(133, 'Bobby Bus', 'sjb@ifa.hawaii.edu', 'Institute for Astronomy'),
(134, 'Mike Connelley', 'msc@ifa.hawaii.edu', 'Institute for Astronomy'),
(135, 'Ashley Yeager', 'ayeager@keck.hawaii.edu', 'California Association for Research in Astronomy'),
(136, 'Nishimura, Tetsuo', 'Tetsuo.Nishimura@SubaruTelescope.org', 'NAOJ(Subaru Telescope - Associate Director)'),
(137, 'Takami, Hideki', 'Hideki.Takami@SubaruTelescope.org', 'NAOJ(Subaru Telescope - Director)'),
(138, 'Usuda, Tomonori', 'Tomonori.Usuda@SubaruTelescope.org', 'NAOJ(Subaru Telescope - Associate Director)'),
(139, 'Alan Stern', '', 'NASA Science Mission Directorate'),
(140, 'Horst Uwe Keller', '', 'Max-Planck Institute of Solar System Research, Katlenburg-Lindau, Germany'),
(141, 'Angioletta Coradini', '', 'Institute of Space Astrophysics, Rome, Italy '),
(142, 'Samuel Gulkis', '', 'JPL, Pasadena, USA'),
(143, 'Wlodek Kofman', '', 'Planetology Laborator, Grenoble, France'),
(144, 'Hans Balsiger', '', 'University of Bern, Switzerland'),
(145, 'Willibald Riedler', '', 'Space Research Institute Graz, Austria'),
(146, 'Martin Hilchenbach', '', 'Max-Planck-Institute for Solar System Research, Katlenburg-Lindau, Germany'),
(147, 'Luigi Colangeli', '', 'Capodimonte Observatory, Naples, Italy '),
(148, 'Rickard Lundin', '', 'Swedish Institute of Space Physics, Kiruna, Sweden'),
(149, 'Anders Eriksson', '', 'Swedish Institute of Space Physics, Uppsala, Sweden'),
(150, 'Karl-Heinz Glassmeier', '', 'Technical University of Braunschweig, Germany'),
(151, 'Jean Gabriel Trotignon', '', 'Environmental Physics and Chemistry Laboratory, Orléans, France'),
(152, 'Christopher Carr', '', 'Imperial College of Science, Technology and Medicine, London, United Kingdom'),
(153, 'James Burch', '', 'Southwest Research Institute, San Antonio, Texas'),
(154, 'Barry Clark', 'schedsoc@nrao.edu', 'Scheduling officer, NRAO'),
(155, 'SMA Observer Center', 'sma_oc@sma.hawaii.edu', ''),
(156, 'Questions about observing proposals', 'propose@sma.hawaii.edu', ''),
(157, 'VISTA Public Surveys Mailing List', 'vista-surveys@qmul.ac.uk', ''),
(158, 'Parijski Yuri Nikolaevich', 'par@sao.ru', 'Russian Academy of Sciences');

-- --------------------------------------------------------

--
-- Table structure for table `sensors`
--

DROP TABLE IF EXISTS `sensors`;
CREATE TABLE IF NOT EXISTS `sensors` (
  `id` int(10) unsigned NOT NULL AUTO_INCREMENT,
  `sensor_name` text NOT NULL,
  `sensor_type` text NOT NULL,
  `underlying` text,
  `range_begin` float DEFAULT NULL,
  `range_end` float DEFAULT NULL,
  `units` text,
  `measured` text,
  `resolution` text,
  `field_of_view` text,
  `web_address` text,
  `sensor_comments` text,
  PRIMARY KEY (`id`)
) ENGINE=InnoDB  DEFAULT CHARSET=latin1 AUTO_INCREMENT=210 ;

--
-- Dumping data for table `sensors`
--

INSERT INTO `sensors` (`id`, `sensor_name`, `sensor_type`, `underlying`, `range_begin`, `range_end`, `units`, `measured`, `resolution`, `field_of_view`, `web_address`, `sensor_comments`) VALUES
(5, 'ULEIS', 'Ultra Low Energy Isotope Spectrometer', '', 2, 28, 'Z', 'M, E', '', '24', '', NULL),
(6, 'SIS', 'Solar Isotope Spectrometer', 'Stack Detector', 2, 30, 'Z', 'Z, M, E', '', '104 Conical', '', NULL),
(7, 'SEPICA', 'Solar Energetic Particle Isotope Charge Analyzerr', '', 2, 28, 'Z', 'Z, Q, E', '', '61.5', '', NULL),
(8, 'EPAM', 'Electron, Proton & Alpha Monitor', '', 0, 0, 'H, He', 'Z, M, E', '60 Conical', '', '', NULL),
(9, 'MAG', 'Magnetometer', 'Triaxial Fluxgate', 0, 0, '', '', '0.17', '', '', NULL),
(10, 'SWICS', 'Solar Wind Ion Composition Spectrometer', '', 2, 30, 'Z', 'Z, E', '82 x 1', '', '', NULL),
(11, 'SWIMS', 'Solar Wind Ion Mass Spectrometer', '', 2, 30, 'Z', 'M,E/Q', '62 x 6', '', '', NULL),
(12, 'SWEPAM', 'Solar Wind Electron Proton & Alpha Monitor', '', 0, 0, 'H, He', 'E/Q', '80 x 1', '', '', NULL),
(13, 'CRIS', 'Cosmic Ray Isotope Spectrometer', 'Silicon Detectors', 2, 30, 'Z', 'Z, M, E', '', '120', '', NULL),
(24, 'Cluster II', '', '', 0, 0, '', 'Interaction between the Solar Wind and Magnetosphere', '', 'Solar Wind Particles, Particles entering Polar Cusps, Magnetotail', '', NULL),
(29, 'Ariane 5 ECA', 'Expendable Launch System', '', 350, 10000, 'µm', 'Amplitude of Structures in Cosmic Microwave Background Radiation, Hubble Constant, Sunyaev-Zel''dovich Effect', 'Good Angular Resolution and Sensitivity', 'Cosmic Microwave Background Anisotropies, Inflationary Models of early Universe', '', NULL),
(30, 'European Photon Imaging Cameras (EPIC)', 'Cameras', '', 0.15, 15, 'keV', 'Extemely sensitive imaging observations over the telescope''s field of view.', 'Angular resolution of PSF, 6 arcsec FWHM', 'Field of view of 30 arcmin', '', NULL),
(31, 'X-ray telescopes', 'X-ray telescopes', '', 6, 7, 'keV', 'highest possible effective area over a wide range of energies - provides sufficient reflectivity at high energies', 'Mirror system uses a shallow grazing angle of 30'' to provide sufficient reflectivity at high energies.', 'The telescopes focal length is 7.5 meters and the diameter of the largest mirrors is 70cm, to be compatible with the shroud of the launcher.', '', NULL),
(32, 'Two reflection grating spectrometeres', 'Spectrometers', '', 0.33, 2.5, 'keV', 'Diffracts the X-rays to an array of dedicated charge coupled devices (CCD) detectors.', '6 arcsec (FWHM)', '30 arcmin', '', NULL),
(34, 'NICMOS', 'Infrared Camera/Spectrometer', 'Objects in deepest space', 0, 77, 'Kelvin', 'Electromagnetic Spectrum, Birth of stars, galaxies, solar systems, Interstellar gas, Life of Universe, and formation of galaxies, stars & planetary systems', 'near infra-red wavelengths', '', '', NULL),
(35, 'FGS', 'Fine guidance sensors', '', 0, 0, '', 'Star positions', '0.007 arcsec', '', '', NULL),
(36, 'WFC3', 'Wide field optical camera', '', 0, 0, '', 'Near infrared light, visible light, and near-Ultraviolet radiation', '', '', '', NULL),
(37, 'COS', 'Ultraviolet spectrograph', '', 0, 0, '', 'Observing points of light, like stars and quasars, whilst looking at large areas - galaxies', '', '', '', NULL),
(38, 'STIS', 'Optical Spectrometer/Camera', '', 0, 0, '', 'To hunt for black holes, measure an object''s temperature, density, chemical composition and motion.', '', '', '', NULL),
(39, 'ACS', 'Optical Survey Camera', '', 0, 0, '', 'Studying earliest activity of the Universe, how the Universe evolved, and the nature and distribution of galaxies.', 'Enhanced sensitivity/resolution', 'Sees wavelengths from far ultraviolet to visible light.', '', NULL),
(40, 'HIFI', 'Heterodyne Instrument for the Far Infrared', '', 480, 1250, 'GHz', '', '', '', '', NULL),
(41, 'PACS', 'Photodetector Array Camera and Spectrometer', '', 57, 210, 'µm', 'Operates either as an imaging photometer or an integral field spectrometer over the spectral band.', '', '', '', NULL),
(42, 'SPIRE', 'Spectral and Photometric Imaging Reciever', '3.5 meter diameter telescope.', 60, 700, 'µm', '', '', '', '', NULL),
(43, 'XRT', 'X-ray telescope', 'Consist of nested conical thin-foil mirrors which share similar design concepts with ASCA XRT.', 5, 8, 'keV', '', 'High Spectroscopic Resolution', '', '', NULL),
(44, 'XRS', 'X-ray spectrometer', '', 0.2, 700, 'keV', '', 'High Spectroscopic Resolution', '', '', NULL),
(45, 'XIS', 'X-ray Imaging Spectrometer', 'X-ray telescope and X-ray sensitive charged coupled device (CCD)', 0.2, 700, 'keV', 'location and energy of incident X-ray photons.', 'High Spectroscopic Resolution', '', '', NULL),
(46, 'HXD', 'Hard X-ray Detector', 'High sensitivity', 10, 700, 'keV', 'Detects transient high energy phenomena such as the gamma-ray bursts.', 'High Spectroscopic Resolution', '', '', NULL),
(47, 'C1XS', 'Chandrayaan-1 X-ray Spectrometer', 'Will carry out high-quality, low energy X-ray spectroscopic mapping of the moon', 1, 10, 'keV', 'Measure the elemental abundance, and map the distribution of the three main rock forming elements: Mg, Al, and Si.', 'High Spectroscopic Resolution', 'Determine the abundance of minor elements such as Ca, Ti and Fe on the surface of the Moon.', '', NULL),
(48, 'SARA', 'Sub-keV Atom Reflecting Analyser', 'Studies of plasma-surface interactions in space.', 0.01, 2, 'keV', 'Detect atoms with sufficient angular and mass resolution to address the scientific objectives.', '', '', '', NULL),
(49, 'SIR-2', 'The near infrared spectrometer', 'Study the chemical composition of the Moon''s crust and mantle.', 0.9, 2.4, 'micrometer', '', '6 nanometres', '', '', NULL),
(50, 'SPI', 'Spectrometer', 'Astrophysical lines', 0.02, 10, 'MeV', '', 'Fine enough to resolve astrophysical lines and allow spectroscopy in region of gamma-rays', 'Nucleosynthesis, relativistic particle accelerators, and strong-field signatures in compact stars', '', NULL),
(51, 'OMC', 'Optical Monitor', '', 500, 600, 'nm', 'X-rays, Gamma-rays', '', '', '', NULL),
(52, 'JEM-X', 'X-ray monitor', '', 3, 35, 'keV', 'Images of the sky.', 'Arcminute angular resolution', '', '', NULL),
(53, 'IBIS', 'Imager', '', 0.015, 10, 'MeV', '', 'High Angular Resolution', '', '', NULL),
(54, 'SOT', 'Solar Optical Telescope', '50cm aperture.', 388, 668, 'nm', 'Measurement of the vector magnetic field in the photosphere and dynamics of both the photosphere and chromosphere associated with the magnetic fields.', '', '', '', NULL),
(55, 'EIS', 'Extreme-ultraviolet Imaging Spectrometer', '', 0, 0, '', '', '', '', '', NULL),
(56, 'XRT', 'X-ray Telescope', '', 0, 0, '', 'Observes the generation, transport, and emergence of solar magnetic fields, and ultimate dissipation of magnetic energy in a form such as flares, and pico-flares, coronal heating, coronal mass ejection.', 'High Resolution', '', '', NULL),
(57, 'Afocal Telescope', '27cm-diameter afocal telescope', '', 370, 950, 'nm', 'Blocks sunlight reflected by the Earth.', '', '2.7-3.05 degrees', '', NULL),
(58, 'CCD', '4-CCD wide-field camera', 'CCD camera built around the PROTEUS spacecraft bus, and operates in a low-Earth orbit.', 850, 900, 'km', '', '', '', '', NULL),
(60, 'High-grade single-frequency Phoenix GPS sensor', 'GPS', '', 0, 0, '', '', '', '', '', NULL),
(61, 'Formation Flying Radio-Frequency Sensor', '', '', 0, 0, '', '', '', '', '', NULL),
(62, 'Vision-Based Sensor ', '', '', 0, 0, '', '', '', '', '', NULL),
(63, 'Far-Infrared Surveyor', 'Infrared', '', 45, 180, 'micro m', '', '26.79arcsec, 44.20arcsec', '', '', NULL),
(64, 'InfraRed Camera', 'Infrared', '', 1.7, 5.5, 'micron', '', '', '9.5x10.0	9.1x10.0	10.3x10.2', '', NULL),
(111, 'HRSC', 'High Resolution Stereo Camera ', '', 0, 0, '', '', '2 m ', '', '', NULL),
(112, 'MERMAG', 'Mercury Magnetometer', '', 0, 0, '', '', '', '', '', NULL),
(113, 'CALIOP', 'the Cloud-Aerosol Lidar with Orthogonal Polarization ', '', 0, 0, '', '', '', '', '', NULL),
(114, 'WFC', 'the Wide Field Camera ', '', 0, 0, '', '', '', '', '', NULL),
(115, 'IIR', 'the Imaging Infrared Radiometer ', '', 0, 0, '', '', '', '', '', NULL),
(122, 'ASPERA-4', 'Analyzer of Space Plasmas and Energetic Atoms', '', 0, 0, '', '', '', '', '', NULL),
(123, 'Spectrometer', 'Planetary Fourier Spectrometer and Spectroscopy for Investigation of Characteristics of the Atmosphere of Venus, also Visible and Infrared Thermal Imaging Spectrometer', '', 0.9, 45, 'µm', '', '', '', '', NULL),
(124, 'MAG', 'magnetometer', 'measure the strength of Venus''s magnetic field and the direction of it as affected by the solar wind and Venus itself.', 0, 0, '', 'map the magnetosheath, magnetotail, ionosphere, and magnetic barrier in high resolution in three-dimensions', '', '', '', NULL),
(125, 'VMC', 'Venus Monitoring Camera (a wide-angle, multi-channel CCD)', '', 0, 0, '', '', '', '', '', NULL),
(126, 'SAR', 'Synthetic Aperture Radar', 'Generation of a consistent global Digital Elevation Model (DEM)', 0, 0, '', '', '', '', '', NULL),
(127, 'ASTER', ' Advanced Spaceborne Thermal Emission and Reflection Radiometer', '', 0, 0, '', '', '', '', '', NULL),
(128, 'MOPITT', 'Measurements of Pollution in the Troposphere', '', 0, 0, '', '', '', '', '', NULL),
(129, 'MISR', 'Multi-angle Imaging Spectroradiometer ', '', 0, 0, '', '', '', '', '', NULL),
(130, 'MODIS', 'Moderate-resolution Imaging Spectroradiometer ', '', 0, 0, '', '', '', '', '', NULL),
(131, 'CERES', 'Clouds and Earth', '', 0, 0, '', '', '', '', '', NULL),
(133, 'The Cloud Profiling Radar (CPR)', 'Radar', '', -30, 70, 'dBZ', '', '', '', '', NULL),
(134, 'GOES-O Solar X-Ray Imager', 'Soft X-Ray', '', 6, 60, 'A (Angstroms)', '', '', '', '', NULL),
(135, 'GOES-P Solar X-Ray Imager', '', '', 6, 60, 'A (Angstroms)', '', '', '', '', NULL),
(136, 'GOES-P Space Environment Monitor', '3 in 1, EPS, Magnometer, XRS', '', 0.05, 0.3, 'nm', '', '', '', '', NULL),
(137, 'GOES-P Sounder', 'Filter Radiometer', '', 0, 15, 'microns', '', '', '', '', NULL),
(138, 'GOES-P Imager', 'Imaging', '', 0, 0, '', '', '', '', '', NULL),
(139, 'Kepler photometer', 'Photometer', '', 400, 850, 'nm', '', '2200x1024 pixels', '105deg2 (about 12 degree diameter)', '', NULL),
(140, 'Advanced Microwave Sounding Unit (AMSU-A and MHS)', 'Microwave', '', 50.3, 89, 'GHz oxygen band', '', '', '', '', NULL),
(141, 'Advanced Data Collection System (A-DCS)', 'Environmental Monitoring System', '', 0, 0, '', '', '', '', '', NULL),
(142, 'Space Environment Monitor (SEM)', 'Charged Particle Spectrometer', '', 20, 50, 'eV', '', '', '', '', NULL),
(143, 'Solar Backscatter Ultraviolet Spectral Radiometer (SBUV/2)', 'Radiometer', '', 0, 0, '', '', '', '', '', NULL),
(144, 'High Resolution Infrared Radiation Sounder (HIRS/4)', 'Infrared', '', 0, 0, '', '', '', '', '', NULL),
(145, 'Advanced Very High Resolution Radiometer (AVHRR/3)', 'Infra red', '', 0, 0, '', '', '', '', '', NULL),
(156, 'Radar Altmeter', '', '', 0, 0, '', '', '', '', '', NULL),
(157, 'Synthetic Aperture Radar', 'X-band', '', 0, 0, '', '', '50 cm', '', '', NULL),
(158, 'X-ray Detector', '', '', 15, 40, 'keV', '', '', '', '', NULL),
(159, 'Gamma Radiation Detector', '', '', 30, 50, 'GeV', '', '', '', '', NULL),
(190, 'The Cosmic Ray Isotope Spectrometer (CRIS)', 'Spectrometer', '', 250, 250, 'cm²-sr', 'Species: 2 &#8804; Z &#8804; 30; Quantities: Z, M, E', 'mass resolution, 0.25 amu ', '', '', 'Typical Energy (MeV/nuc): ~ 200\r\nTechnique: dE/dx - E'),
(191, 'Solar Wind Ion Composition Spectrometer (SWICS)', 'Spectrometer', '', 0, 100, 'keV/e', '', '', '', '', ''),
(192, 'SEPICA', 'Ionic state', '', 0.2, 100, 'MeV/Nuc', '', '', '', '', ''),
(193, 'ULEIS ', 'Ion Flux', '', 20000, 10000, 'MeV/nucleon', '', '', '', '', ''),
(194, 'The Solar Isotope Spectrometer', 'Spectrometer', '', 10, 100, 'MeV/nucleon', '', 'mass resolution, 0.25 amu', '', '', ''),
(195, 'Solar Wind Ions Mass Spectrometer (SWIMS)', 'Spectrometer', '', 0, 10, 'keV/e', '', '', '', '', ''),
(196, 'EPAM', 'Spectrometer', '', 0, 50, 'keV', '', '', '', '', ''),
(197, 'Solar Wind Electron, Proton, and Alpha Monitor (SWEPAM)', 'Monitor', '', 0.26, 36, 'Kev', '', '', '', '', ''),
(198, 'Magnetometer Instrument', 'Twin, triaxial fluxgate magnetometers (boom mounted)', '', 4, 65, 'nT', '', '', '', '', ''),
(199, 'Real-Time Solar Wind Data (RTSW)', 'Geometric storm warning', '', 0, 0, '', '', '', '', '', ''),
(200, 'ALICE ', 'Ultraviolet imaging spectrograph', 'Rowland Circle style imaging spectrograph', 70, 205, 'nm', 'Nucleus imaging and spectroscopy; Coma spectroscopy ', '0.3 - 0.5 nm', '0.1 × 6.0', 'http://sci.esa.int/science-e/www/object/index.cfm?fobjectid=35061&fbodylongid=1636', 'ALICE will characterize the composition of the nucleus and coma, and the nucleus/coma coupling of comet 67 P/Churyumov-Gerasimenko.'),
(201, 'OSIRIS', 'Optical, Spectroscopic, and Infrared Remote Imaging System', '140 mm / 700 mm cameras', 250, 1000, 'nm', '', '', '12 × 12 (wide angle) 2.35 × 2.35 (narrow angle)', 'http://sci.esa.int/science-e/www/object/index.cfm?fobjectid=35061&fbodylongid=1642', 'OSIRIS is a dual camera imaging system operating in the visible, near infrared and near ultraviolet wavelength ranges.'),
(202, 'VIRTIS ', 'Visible and Infrared Thermal Imaging Spectrometer', 'Mapping and High Resolution Spectrometer (3 Channels)', 0, 0, '', '', '', '', 'http://sci.esa.int/science-e/www/object/index.cfm?fobjectid=35061&fbodylongid=1646', 'VIRTIS makes pictures of the core in the IR and also search for IR spectra of molecules in the coma. '),
(203, 'MIRO', 'Microwave Instrument for the Rosetta Orbiter', 'Millimetre wave mixer receiver and submillimetre heterodyne receiver', 0, 0, '', '188 Ghz (Millimetre wave) and 562 Ghz (Submillimetre wave)', '', '', 'http://sci.esa.int/science-e/www/object/index.cfm?fobjectid=35061&fbodylongid=1641', 'MIRO will measure the near surface temperature of the comet, allowing estimation of the thermal and electrical properties of the surface.'),
(204, 'CONSERT ', 'Comet Nucleus Sounding Experiment by Radiowave Transmission', 'Time domain transponder', 0, 0, '', '', '', '', 'http://sci.esa.int/science-e/www/object/index.cfm?fobjectid=35061&fbodylongid=1637', 'CONSERT will perform tomography of the comet nucleus. '),
(205, 'ROSINA', 'Rosetta Orbiter Spectrometer for Ion and Neutral Analysis', 'Two mass spectrometers', 0, 0, '', '', '', '', 'http://sci.esa.int/science-e/www/object/index.cfm?fobjectid=35061&fbodylongid=1650', 'The mass spectrometers will determine the composition of the comet''s atmosphere and ionosphere, measure the temperature and bulk velocity of the gas and ions, and investigate reactions in which they take part. '),
(206, 'MIDAS ', 'Micro-Imaging Dust Analysis System', '', 1, 100, 'amu', '', '', '', 'http://sci.esa.int/science-e/www/object/index.cfm?fobjectid=35061&fbodylongid=1640', 'MIDAS investigates the dust particles which are deposited on a silicone plate'),
(207, 'COSIMA ', 'Cometary Secondary Ion Mass Analyser', 'Ion Mass Spectrometer', 2000, 4000, 'amu', '', '', '', 'http://sci.esa.int/science-e/www/object/index.cfm?fobjectid=35061&fbodylongid=1638', 'COSIMA analyses the composition of dust particles by secondary ion mass spectrometry, after the surface is cleaned by indium ions.'),
(208, 'GIADA ', 'Grain Impact Analyser and Dust Accumulator', 'Optical grain detection system and a mechanical grain impact sensor', 0, 0, '', '', '', '', 'http://sci.esa.int/science-e/www/object/index.cfm?fobjectid=35061&fbodylongid=1639', 'GIADA will measure the scalar velocity, size and momentum of dust particles in the coma of the comet.'),
(209, 'RPC', 'Rosetta Plasma Consortium', 'A set of five instruments', 0, 0, '', '', '', '', 'http://sci.esa.int/science-e/www/object/index.cfm?fobjectid=35061&fbodylongid=1644', 'RPC will make complementary measurements of the plasma environment around comet 67P/Churyumov-Gerasimenko.');

-- --------------------------------------------------------

--
-- Table structure for table `sensor_to_science_goals`
--

DROP TABLE IF EXISTS `sensor_to_science_goals`;
CREATE TABLE IF NOT EXISTS `sensor_to_science_goals` (
  `sensor_id` int(10) unsigned NOT NULL,
  `science_goal_id` int(10) unsigned NOT NULL,
  PRIMARY KEY (`sensor_id`,`science_goal_id`),
  KEY `sensor_id_3` (`sensor_id`),
  KEY `science_goal_id` (`science_goal_id`)
) ENGINE=InnoDB DEFAULT CHARSET=latin1;

--
-- Dumping data for table `sensor_to_science_goals`
--

INSERT INTO `sensor_to_science_goals` (`sensor_id`, `science_goal_id`) VALUES
(5, 5),
(6, 5),
(7, 5),
(8, 5),
(10, 5),
(11, 5),
(12, 5),
(13, 5),
(24, 1),
(24, 4),
(24, 6),
(24, 7),
(24, 8),
(24, 9),
(31, 30),
(31, 31),
(31, 32),
(31, 33),
(31, 34),
(31, 35),
(35, 42),
(35, 43),
(35, 44),
(35, 45),
(35, 46),
(35, 47),
(35, 48),
(41, 53),
(41, 54),
(43, 55),
(43, 56),
(44, 57),
(44, 58),
(47, 2),
(47, 59),
(47, 60),
(47, 61),
(47, 62),
(47, 63),
(47, 64),
(47, 65),
(47, 66),
(48, 2),
(48, 67),
(48, 68),
(48, 69),
(48, 70),
(49, 2),
(50, 10),
(50, 11),
(50, 12),
(51, 13),
(51, 14),
(51, 15),
(51, 16),
(52, 17),
(52, 18),
(53, 19),
(54, 71),
(54, 72),
(54, 73),
(60, 1),
(61, 1),
(62, 1),
(63, 15),
(64, 15),
(111, 82),
(112, 1),
(112, 3),
(113, 3),
(122, 3),
(123, 3),
(124, 1),
(126, 84),
(127, 83),
(128, 3),
(129, 3),
(131, 3),
(133, 3),
(133, 83),
(134, 3),
(135, 3),
(136, 3),
(136, 83),
(137, 3),
(137, 8),
(138, 3),
(139, 77),
(139, 86),
(140, 3),
(140, 83),
(141, 3),
(144, 3),
(145, 3),
(156, 2),
(157, 85),
(158, 5),
(159, 5);

-- --------------------------------------------------------

--
-- Table structure for table `sensor_to_scientific_contacts`
--

DROP TABLE IF EXISTS `sensor_to_scientific_contacts`;
CREATE TABLE IF NOT EXISTS `sensor_to_scientific_contacts` (
  `sensor_id` int(10) unsigned NOT NULL,
  `scientific_contact_id` int(10) unsigned NOT NULL,
  PRIMARY KEY (`sensor_id`,`scientific_contact_id`),
  KEY `sensor_id_2` (`sensor_id`),
  KEY `scientific_contact_id_2` (`scientific_contact_id`)
) ENGINE=InnoDB DEFAULT CHARSET=latin1;

--
-- Dumping data for table `sensor_to_scientific_contacts`
--

INSERT INTO `sensor_to_scientific_contacts` (`sensor_id`, `scientific_contact_id`) VALUES
(24, 33),
(29, 38),
(30, 39),
(31, 40),
(32, 41),
(34, 42),
(35, 43),
(36, 44),
(37, 45),
(38, 46),
(39, 47),
(40, 48),
(41, 49),
(42, 50),
(44, 51),
(45, 52),
(46, 53),
(47, 54),
(48, 55),
(49, 56),
(50, 34),
(51, 35),
(52, 36),
(53, 37),
(54, 57),
(55, 58),
(56, 59),
(57, 60),
(58, 61),
(60, 67),
(60, 68),
(60, 69),
(60, 70),
(63, 71),
(64, 72),
(111, 8),
(112, 9),
(115, 84),
(125, 85),
(133, 86),
(134, 87),
(135, 88),
(139, 89),
(145, 90),
(190, 121),
(191, 122),
(192, 123),
(193, 124),
(194, 125),
(195, 126),
(196, 127),
(197, 128),
(198, 129),
(199, 130),
(200, 139),
(201, 140),
(202, 141),
(203, 142),
(204, 143),
(205, 144),
(206, 145),
(207, 146),
(208, 147),
(209, 148),
(209, 149),
(209, 150),
(209, 151),
(209, 152),
(209, 153);

-- --------------------------------------------------------

--
-- Table structure for table `space_missions`
--

DROP TABLE IF EXISTS `space_missions`;
CREATE TABLE IF NOT EXISTS `space_missions` (
  `id` int(10) unsigned NOT NULL AUTO_INCREMENT,
  `mission_name` text NOT NULL,
  `mission_agency` int(10) unsigned NOT NULL,
  `launch_date` date NOT NULL,
  `death_date` date DEFAULT NULL,
  `web_address` text NOT NULL,
  `brief_description` text,
  `creation_date` datetime NOT NULL,
  `modification_date` datetime DEFAULT NULL,
  PRIMARY KEY (`id`),
  KEY `mission_agency_id` (`mission_agency`)
) ENGINE=InnoDB  DEFAULT CHARSET=latin1 AUTO_INCREMENT=34 ;

--
-- Dumping data for table `space_missions`
--

INSERT INTO `space_missions` (`id`, `mission_name`, `mission_agency`, `launch_date`, `death_date`, `web_address`, `brief_description`, `creation_date`, `modification_date`) VALUES
(1, 'AGILE', 2, '2007-04-23', '0000-00-00', 'http://agile.rm.iasf.cnr.it/', NULL, '2011-02-25 15:44:15', '2011-03-04 12:49:14'),
(3, 'Rosetta', 2, '2004-03-02', '2015-12-01', 'http://www.esa.int/esaMI/Rosetta/SEMYMF374OD_0.html', 'Rosetta is the first mission designed to orbit and land on a comet. It consists of an orbiter, carrying 11 science experiments, and a lander, called ‘Philae’, carrying 10 additional instruments, for the most detailed study of a comet ever attempted. ', '2011-02-28 12:56:32', '2011-06-22 23:10:03'),
(4, 'Mars Express', 2, '2003-06-02', '2012-12-31', 'http://www.esa.int/SPECIALS/Mars_Express/SEMFU55V9ED_0.html', NULL, '2011-02-28 13:14:52', '2011-03-04 00:05:17'),
(5, 'Cassini-Huygens', 2, '1997-10-15', '2017-00-00', 'http://sci.esa.int/science-e/www/area/index.cfm?fareaid=12', NULL, '2011-02-28 13:23:36', '2011-03-04 12:47:25'),
(6, 'Bepicolombo', 2, '2014-00-00', '2021-00-00', 'http://sci.esa.int/science-e/www/area/index.cfm?fareaid=30', NULL, '2011-02-28 13:25:47', '2011-03-04 00:07:27'),
(7, 'Cluster', 1, '2000-08-09', '2014-12-31', 'http://sci.esa.int/science-e/www/area/index.cfm?fareaid=8', NULL, '2011-03-02 16:03:09', NULL),
(8, 'International Gamma-Ray Astrophysics Laboratory (INTEGRAL)', 2, '2002-10-17', '2014-12-31', 'http://sci.esa.int/science-e/www/area/index.cfm?fareaid=21', NULL, '2011-03-02 16:59:18', '2011-03-03 03:42:23'),
(9, 'Planck', 2, '2009-05-14', '2012-01-01', 'http://sci.esa.int/science-e/www/area/index.cfm?fareaid=17', NULL, '2011-03-02 23:31:21', NULL),
(10, 'XMM-Newton', 2, '1999-12-10', '2014-12-31', 'http://sci.esa.int/science-e/www/area/index.cfm?fareaid=23', NULL, '2011-03-03 00:02:24', NULL),
(11, 'The Hubble Space Telescope', 1, '1990-04-24', '2014-12-31', 'http://hubble.nasa.gov/', NULL, '2011-03-03 00:27:48', '2011-03-03 00:44:36'),
(12, 'HERSCHEL', 2, '2009-05-14', '2012-01-01', 'http://sci.esa.int/science-e/www/area/index.cfm?fareaid=16', NULL, '2011-03-03 01:49:26', NULL),
(13, 'Suzaku', 6, '2005-07-10', '0000-00-00', 'http://www.nasa.gov/mission_pages/astro-e2/main/index.html', NULL, '2011-03-03 02:43:26', NULL),
(14, 'Chandrayaan-1', 11, '2008-10-22', '0000-00-00', 'http://www.isro.gov.in/Chandrayaan/htmls/home.htm', NULL, '2011-03-03 03:32:02', NULL),
(15, 'Hinode', 6, '2006-09-22', '0000-00-00', 'http://www.isas.jaxa.jp/e/enterp/missions/hinode/', NULL, '2011-03-03 04:16:56', NULL),
(16, 'COROT', 4, '2006-12-27', '2013-03-31', 'http://smsc.cnes.fr/COROT/', NULL, '2011-03-03 04:37:08', NULL),
(17, 'Prisma', 9, '2010-06-15', '2012-01-01', 'http://www.dlr.de/rb/en/desktopdefault.aspx/tabid-6813/11187_read-25543/', NULL, '2011-03-03 21:37:23', NULL),
(18, 'Akari', 6, '2006-02-21', '0000-00-00', 'http://www.ir.isas.jaxa.jp/ASTRO-F/Outreach/index_e.html', NULL, '2011-03-03 22:01:34', NULL),
(19, 'Advanced Composition Explorer (ACE)', 1, '1997-08-25', '2024-01-01', 'http://www.srl.caltech.edu/ACE/', 'ACE launched on a McDonnell-Douglas Delta II 7920 launch vehicle on August 25, 1997 from the Kennedy Space Center in Florida.\r\n\r\nThe Earth is constantly bombarded with a stream of accelerated particles arriving not only from the Sun, but also from interstellar and galactic sources. Study of these energetic particles contributes to our understanding of the formation and evolution of the solar system as well as the astrophysical processes involved. The Advanced Composition Explorer (ACE) spacecraft carrying six high-resolution sensors and three monitoring instruments samples low-energy particles of solar origin and high-energy galactic particles with a collecting power 10 to 1000 times greater than past experiments.\r\n\r\nACE orbits the L1 libration point which is a point of Earth-Sun gravitational equilibrium about 1.5 million km from Earth and 148.5 million km from the Sun. From its location at L1 ACE has a prime view of the solar wind, interplanetary magnetic field and higher energy particles accelerated by the Sun, as well as particles accelerated in the heliosphere and the galactic regions beyond.\r\n\r\nACE also provides near-real-time 24/7 continuous coverage of solar wind parameters and solar energetic particle intensities (space weather). When reporting space weather ACE provides an advance warning (about one hour) of geomagnetic storms that can overload power grids, disrupt communications on Earth, and present a hazard to astronauts.\r\n\r\nThe spacecraft has enough propellant on board to maintain an orbit at L1 until ~2024.\r\n\r\nMore details of the ACE mission can be found in the ACE Mission Paper, published in Space Science Reviews:\r\nhttp://www.srl.caltech.edu/ACE/ace-mission-ssr-paper.pdf', '2011-03-03 22:43:50', '2011-04-18 17:34:03'),
(20, 'Calipso', 1, '2006-04-28', '0000-00-00', 'http://www.nasa.gov/mission_pages/calipso/spacecraft/index.html', NULL, '2011-03-04 00:25:26', NULL),
(21, 'EPOXI', 1, '2005-01-12', '0000-00-00', 'http://www.nasa.gov/mission_pages/epoxi/index.html', NULL, '2011-03-04 00:40:10', NULL),
(22, 'Terra', 1, '1999-08-12', '0000-00-00', 'http://www.nasa.gov/mission_pages/terra/index.html', NULL, '2011-03-04 00:48:52', '2011-03-04 10:36:26'),
(23, 'International Space Station', 1, '1998-00-00', '2015-00-00', 'http://www.nasa.gov/mission_pages/station/main/index.html', NULL, '2011-03-04 01:01:20', NULL),
(24, 'Venus Express', 2, '2005-11-09', '2012-12-00', 'http://www.esa.int/SPECIALS/Venus_Express/', NULL, '2011-03-04 10:25:27', NULL),
(25, 'TanDEM-X', 9, '2010-06-21', '0000-00-00', 'http://www.dlr.de/eo/en/desktopdefault.aspx/tabid-5727/10086_read-21046/', NULL, '2011-03-04 10:31:57', NULL),
(26, 'SATCOMBw', 9, '2009-01-10', '2024-00-00', 'http://www.dlr.de/rb/en/desktopdefault.aspx/tabid-6813/11187_read-25574/', NULL, '2011-03-04 10:51:58', NULL),
(27, 'SAR-Lupe', 9, '2006-12-19', '0000-00-00', 'http://www.dlr.de/en/desktopdefault.aspx/tabid-1/86_read-13077/', NULL, '2011-03-04 11:01:03', '2011-03-04 12:48:19'),
(28, 'CloudSat', 1, '2006-04-28', '0000-00-00', 'http://www.nasa.gov/mission_pages/cloudsat/main/index.html', NULL, '2011-03-04 11:21:00', NULL),
(29, 'ARCTAS NASA', 1, '2008-07-01', '0000-00-00', 'http://www.nasa.gov/mission_pages/arctas/', NULL, '2011-03-04 11:30:55', NULL),
(30, 'GOES-O', 1, '2009-06-26', '0000-00-00', 'http://www.nasa.gov/mission_pages/GOES-O/main/index.html', NULL, '2011-03-04 11:39:34', NULL),
(31, 'GOES-P', 1, '2010-03-04', '0000-00-00', 'http://www.nasa.gov/mission_pages/GOES-P/main/index.html', NULL, '2011-03-04 11:50:00', NULL),
(32, 'Kepler', 1, '2009-03-07', '2012-12-30', 'http://kepler.nasa.gov/', NULL, '2011-03-04 12:02:04', NULL),
(33, 'NOAA-N Prime', 1, '2009-02-06', '0000-00-00', 'http://www.nasa.gov/mission_pages/NOAA-N-Prime/main/index.html', NULL, '2011-03-04 12:12:57', NULL);

-- --------------------------------------------------------

--
-- Table structure for table `space_mission_to_research_areas`
--

DROP TABLE IF EXISTS `space_mission_to_research_areas`;
CREATE TABLE IF NOT EXISTS `space_mission_to_research_areas` (
  `space_mission_id` int(10) unsigned NOT NULL,
  `research_area_id` int(10) unsigned NOT NULL,
  PRIMARY KEY (`space_mission_id`,`research_area_id`),
  KEY `space_mission_id_3` (`space_mission_id`),
  KEY `research_area_id_2` (`research_area_id`)
) ENGINE=InnoDB DEFAULT CHARSET=latin1;

--
-- Dumping data for table `space_mission_to_research_areas`
--

INSERT INTO `space_mission_to_research_areas` (`space_mission_id`, `research_area_id`) VALUES
(1, 16),
(3, 19),
(3, 71),
(3, 74),
(3, 76),
(4, 3),
(4, 25),
(5, 3),
(6, 3),
(6, 12),
(6, 23),
(6, 25),
(7, 4),
(7, 23),
(7, 35),
(7, 36),
(7, 37),
(7, 38),
(7, 39),
(8, 13),
(8, 17),
(8, 40),
(8, 41),
(8, 42),
(9, 6),
(9, 9),
(9, 10),
(9, 13),
(9, 17),
(9, 20),
(9, 33),
(9, 43),
(9, 44),
(9, 45),
(9, 46),
(9, 47),
(10, 9),
(10, 13),
(10, 14),
(10, 17),
(10, 48),
(10, 49),
(10, 50),
(11, 6),
(11, 9),
(11, 10),
(11, 40),
(11, 46),
(11, 51),
(11, 52),
(11, 53),
(12, 3),
(12, 4),
(12, 6),
(12, 7),
(12, 9),
(12, 13),
(12, 46),
(12, 47),
(12, 54),
(12, 55),
(12, 56),
(12, 57),
(13, 5),
(13, 6),
(13, 17),
(13, 20),
(13, 58),
(13, 59),
(14, 3),
(14, 60),
(14, 61),
(14, 62),
(14, 63),
(15, 9),
(15, 11),
(15, 13),
(15, 64),
(16, 8),
(16, 9),
(16, 13),
(16, 65),
(17, 12),
(18, 28),
(19, 4),
(19, 7),
(19, 11),
(19, 13),
(19, 16),
(19, 22),
(19, 37),
(20, 4),
(20, 25),
(21, 55),
(22, 25),
(23, 15),
(24, 68),
(25, 69),
(26, 70),
(27, 70),
(28, 4),
(29, 4),
(29, 25),
(30, 4),
(30, 25),
(31, 4),
(31, 25),
(32, 13),
(32, 56),
(33, 4),
(33, 25);

-- --------------------------------------------------------

--
-- Table structure for table `space_mission_to_sensors`
--

DROP TABLE IF EXISTS `space_mission_to_sensors`;
CREATE TABLE IF NOT EXISTS `space_mission_to_sensors` (
  `space_mission_id` int(10) unsigned NOT NULL,
  `sensor_id` int(10) unsigned NOT NULL,
  PRIMARY KEY (`space_mission_id`,`sensor_id`),
  KEY `space_mission_id_1` (`space_mission_id`),
  KEY `sensor_id_1` (`sensor_id`)
) ENGINE=InnoDB DEFAULT CHARSET=latin1;

--
-- Dumping data for table `space_mission_to_sensors`
--

INSERT INTO `space_mission_to_sensors` (`space_mission_id`, `sensor_id`) VALUES
(1, 158),
(1, 159),
(3, 200),
(3, 201),
(3, 202),
(3, 203),
(3, 204),
(3, 205),
(3, 206),
(3, 207),
(3, 208),
(3, 209),
(4, 111),
(5, 156),
(6, 112),
(7, 24),
(8, 50),
(8, 51),
(8, 52),
(8, 53),
(9, 29),
(10, 30),
(10, 31),
(10, 32),
(11, 34),
(11, 35),
(11, 36),
(11, 37),
(11, 38),
(11, 39),
(12, 40),
(12, 41),
(12, 42),
(13, 43),
(13, 44),
(13, 45),
(13, 46),
(14, 47),
(14, 48),
(14, 49),
(15, 54),
(15, 55),
(15, 56),
(16, 57),
(16, 58),
(17, 60),
(17, 61),
(17, 62),
(18, 63),
(18, 64),
(19, 190),
(19, 191),
(19, 192),
(19, 193),
(19, 194),
(19, 195),
(19, 196),
(19, 197),
(19, 198),
(19, 199),
(20, 113),
(20, 114),
(20, 115),
(22, 127),
(22, 128),
(22, 129),
(22, 130),
(22, 131),
(24, 122),
(24, 123),
(24, 124),
(24, 125),
(25, 126),
(27, 157),
(28, 133),
(30, 134),
(31, 135),
(31, 136),
(31, 137),
(31, 138),
(32, 139),
(33, 140),
(33, 141),
(33, 142),
(33, 143),
(33, 144),
(33, 145);

-- --------------------------------------------------------

--
-- Table structure for table `space_mission_to_targets`
--

DROP TABLE IF EXISTS `space_mission_to_targets`;
CREATE TABLE IF NOT EXISTS `space_mission_to_targets` (
  `space_mission_id` int(10) unsigned NOT NULL,
  `target_id` int(10) unsigned NOT NULL,
  PRIMARY KEY (`space_mission_id`,`target_id`),
  KEY `space_mission_id_2` (`space_mission_id`),
  KEY `target_id_2` (`target_id`)
) ENGINE=InnoDB DEFAULT CHARSET=latin1;

--
-- Dumping data for table `space_mission_to_targets`
--

INSERT INTO `space_mission_to_targets` (`space_mission_id`, `target_id`) VALUES
(1, 2),
(3, 31),
(3, 32),
(3, 139),
(3, 143),
(4, 3),
(5, 5),
(5, 38),
(5, 39),
(5, 48),
(5, 52),
(6, 53),
(7, 2),
(7, 45),
(8, 2),
(9, 2),
(9, 45),
(10, 2),
(11, 2),
(12, 2),
(12, 45),
(13, 2),
(13, 50),
(14, 2),
(14, 9),
(15, 2),
(15, 45),
(16, 2),
(16, 47),
(17, 2),
(18, 2),
(19, 45),
(19, 46),
(20, 2),
(21, 31),
(22, 2),
(23, 2),
(24, 1),
(25, 2),
(26, 2),
(27, 2),
(28, 2),
(29, 2),
(30, 2),
(31, 2),
(32, 50),
(33, 2);

-- --------------------------------------------------------

--
-- Table structure for table `targets`
--

DROP TABLE IF EXISTS `targets`;
CREATE TABLE IF NOT EXISTS `targets` (
  `id` int(10) unsigned NOT NULL AUTO_INCREMENT,
  `target_family` varchar(100) NOT NULL,
  `target_name` varchar(100) NOT NULL,
  PRIMARY KEY (`id`)
) ENGINE=InnoDB  DEFAULT CHARSET=latin1 AUTO_INCREMENT=218 ;

--
-- Dumping data for table `targets`
--

INSERT INTO `targets` (`id`, `target_family`, `target_name`) VALUES
(1, 'PLANETS', 'Venus'),
(2, 'PLANETS', 'Earth'),
(3, 'PLANETS', 'Mars'),
(4, 'PLANETS', 'Jupiter'),
(5, 'PLANETS', 'Saturn'),
(6, 'PLANETS', 'Uranus'),
(7, 'PLANETS', 'Neptune'),
(8, 'SMALL BODIES/Dwarf Planets/TNOs/KBOs/Plutinos/Plutoids', 'Pluto'),
(9, 'PLANETS/Earth/Satellites', 'Moon'),
(10, 'PLANETS/Mars/Satellites', 'Phobos'),
(11, 'PLANETS/Mars/Satellites', 'Deimos'),
(12, 'PLANETS/Jupiter/Satellites', 'Jupiter Satellites'),
(13, 'PLANETS/Jupiter/Satellites/Regular Satellites/Galilean Satellites', 'Io'),
(14, 'PLANETS/Jupiter/Satellites/Regular Satellites/Galilean Satellites', 'Ganymede'),
(15, 'PLANETS/Jupiter/Satellites/Regular Satellites/Galilean Satellites', 'Callisto'),
(16, 'PLANETS/Saturn/Satellites/Co-Orbitals', 'Janus'),
(17, 'PLANETS/Saturn/Satellites/Inner Large Satellites', 'Mimas'),
(18, 'PLANETS/Saturn/Satellites/Inner Large Satellites', 'Enceladus'),
(19, 'PLANETS/Saturn/Satellites/Inner Large Satellites', 'Tethys'),
(20, 'PLANETS/Saturn/Satellites/Inner Large Satellites', 'Dione'),
(21, 'PLANETS/Saturn/Satellites/Outer Large Satellites', 'Rhea'),
(22, 'PLANETS/Saturn/Satellites/Outer Large Satellites', 'Titan'),
(23, 'PLANETS/Saturn/Satellites/Outer Large Satellites', 'Hyperion'),
(24, 'PLANETS/Saturn/Satellites/Outer Large Satellites', 'Iapetus'),
(25, 'PLANETS/Saturn/Satellites/Irregular Satellites', 'Phoebe'),
(26, 'PLANETS/Uranus/Satellites', 'Uranus Satellites'),
(27, 'PLANETS/Neptune/Satellites', 'Neptune Satellites'),
(28, 'PLANETS/Neptune/Satellites/Irregular Satellites', 'Nereid'),
(30, 'SMALL BODIES/TNOs/KBOs/Plutinos', 'Charon'),
(31, 'SMALL BODIES/Comets', 'COMETS'),
(32, 'SMALL BODIES/TNOs/KBOs', 'KBOs (Kuiper Belt Objects)'),
(33, 'SMALL BODIES/Asteroids', 'ASTEROIDS'),
(34, 'SMALL BODIES', 'Meteors'),
(35, 'PLANETS/Mars/Satellites', 'Mars Satellites'),
(36, 'SMALL BODIES/TNOs', 'TNOs (Trans-Neptunian Objects)'),
(37, 'SMALL BODIES', 'SMALL BODIES'),
(38, 'PLANETS/Rings', 'RINGS'),
(39, 'PLANETS/Saturn/Rings', 'Saturn Rings'),
(40, 'PLANETS/Jupiter/Rings', 'Jupiter Rings'),
(41, 'PLANETS/Uranus/Rings', 'Uranus Rings'),
(42, 'PLANETS/Neptune/Rings', 'Neptune Rings'),
(43, 'SMALL BODIES/Asteroids/Main Asteroid Belt', 'Vesta'),
(44, 'SMALL BODIES/Dwarf Planets', 'Ceres'),
(45, 'SUN', 'SUN'),
(46, 'PARTICLES', 'DUST'),
(47, 'STELLAR OBJECTS/Exoplanets', 'EXOPLANETS'),
(48, 'PLANETS/Satellites', 'SATELLITES'),
(49, 'PLANETS/Jupiter/Satellites/Regular Satellites/Galilean Satellites', 'Europa'),
(50, 'PLANETS', 'PLANETS'),
(51, 'SMALL BODIES', 'Meteorites'),
(52, 'PLANETS/Saturn/Satellites', 'Saturn Satellites'),
(53, 'PLANETS', 'Mercury'),
(54, 'ARTIFICIAL SATELLITES', 'ARTIFICIAL SATELLITES'),
(55, 'ATMOSPHERIC PHENOMENA', 'ATMOSPHERIC PHENOMENA'),
(56, 'COSMIC MICROWAVE BACKGROUND', 'COSMIC MICROWAVE BACKGROUND'),
(57, 'DARK ENERGY', 'DARK ENERGY'),
(58, 'DARK MATTER', 'DARK MATTER'),
(59, 'DEEP SPACE', 'DEEP SPACE'),
(60, 'EARLY UNIVERSE', 'BIG BANG'),
(61, 'EARLY UNIVERSE', 'EARLY UNIVERSE'),
(62, 'EXOTIC OBJECTS', 'EXOTIC OBJECTS'),
(63, 'GALAXIES', 'GALAXIES'),
(64, 'GALAXIES', 'STARBURST GALAXIES'),
(65, 'GALAXIES/Active Galactic Nuclei', 'ACTIVE GALACTIC NUCLEI'),
(66, 'GALAXIES/Active Galactic Nuclei', 'BLAZARS'),
(67, 'GALAXIES/Active Galactic Nuclei', 'LINER GALAXIES'),
(68, 'GALAXIES/Active Galactic Nuclei', 'Quasars'),
(69, 'GALAXIES/Active Galactic Nuclei', 'Radio Galaxies'),
(70, 'GALAXIES/Active Galactic Nuclei', 'SEYFERT GALAXIES'),
(71, 'GALAXIES/Groups and Clusters', 'GROUPS AND CLUSTERS'),
(72, 'GALAXIES/Groups and Clusters', 'LOCAL GROUP'),
(73, 'GALAXIES/The Milky Way', 'Sagittarius A'),
(74, 'GALAXIES/The Milky Way', 'THE MILKY WAY'),
(75, 'GAMMA RAY BURSTS', 'GAMMA RAY BURSTS'),
(76, 'GRAVITATIONAL WAVES', 'GRAVITATIONAL WAVES'),
(77, 'INTERGALACTIC MEDIUM', 'INTERGALACTIC MEDIUM'),
(78, 'INTERGALACTIC MEDIUM', 'VOIDS'),
(79, 'INTERPLANETARY MEDIUM', 'INTERPLANETARY MEDIUM'),
(80, 'INTERSTELLAR MEDIUM', 'INTERSTELLAR CLOUDS AND NEBULAE'),
(81, 'INTERSTELLAR MEDIUM', 'INTERSTELLAR MEDIUM'),
(82, 'LARGE SCALE STRUCTURES', 'LARGE SCALE STRUCTURES'),
(83, 'PARTICLES', 'COSMIC RAYS'),
(84, 'PARTICLES', 'NEUTRINOS'),
(85, 'PARTICLES', 'PARTICLES'),
(86, 'PARTICLES', 'SEPs (Solar Energetic Particles)'),
(87, 'PLANETS/Jupiter/Satellites/Irregular Satellites', 'Himalia'),
(88, 'PLANETS/Jupiter/Satellites/Irregular Satellites', 'Jupiter Irregular Satellites'),
(89, 'PLANETS/Jupiter/Satellites/Regular Satellites', 'Regular Satellites'),
(90, 'PLANETS/Jupiter/Satellites/Regular Satellites/Galilean Satellites', 'Galilean Satellites'),
(91, 'PLANETS/Jupiter/Satellites/Regular Satellites/Inner Satellites (Amalthea Group)', 'Amalthea'),
(92, 'PLANETS/Jupiter/Satellites/Regular Satellites/Inner Satellites (Amalthea Group)', 'Jupiter Inner Satellites (Amalthea Group)'),
(93, 'PLANETS/Neptune/Satellites/Irregular Satellites', 'Neptune Irregular Satellites'),
(94, 'PLANETS/Neptune/Satellites/Irregular Satellites', 'Triton'),
(95, 'PLANETS/Neptune/Satellites/Regular Satellites', 'Proteus'),
(96, 'PLANETS/Neptune/Satellites/Regular Satellites', 'Regular Satellites'),
(97, 'PLANETS/Saturn/Satellites/Alkyonides', 'Alkyionides'),
(98, 'PLANETS/Saturn/Satellites/Co-Orbitals', 'Saturn Co-Orbitals'),
(99, 'PLANETS/Saturn/Satellites/Co-Orbitals', 'Epimeteus'),
(100, 'PLANETS/Saturn/Satellites/Inner Large Satellites', 'Saturn Inner Large Satellites'),
(101, 'PLANETS/Saturn/Satellites/Irregular Satellites', 'Saturn Irregular Satellites'),
(102, 'PLANETS/Saturn/Satellites/Outer Large Satellites', 'Outer Large Satellites'),
(103, 'PLANETS/Saturn/Satellites/Ring Moonlets', 'Ring Moonlets'),
(104, 'PLANETS/Saturn/Satellites/Sheperd Satellites', 'Sheperd Satellites'),
(105, 'PLANETS/Saturn/Satellites/Trojan Satellites', 'Trojan Satellites'),
(106, 'PLANETS/Uranus/Satellites/Inner Satellites', 'Uranus Inner Satellites'),
(107, 'PLANETS/Uranus/Satellites/Inner Satellites', 'Puck'),
(108, 'PLANETS/Uranus/Satellites/Irregular Satellites', 'Uranus Irregular Satellites'),
(109, 'PLANETS/Uranus/Satellites/Large Satellites', 'Ariel'),
(110, 'PLANETS/Uranus/Satellites/Large Satellites', 'Large Satellites'),
(111, 'PLANETS/Uranus/Satellites/Large Satellites', 'Miranda'),
(112, 'PLANETS/Uranus/Satellites/Large Satellites', 'Oberon'),
(113, 'PLANETS/Uranus/Satellites/Large Satellites', 'Titania'),
(114, 'PLANETS/Uranus/Satellites/Large Satellites', 'Umbriel'),
(115, 'SMALL BODIES/Asteroids/Centaurs', 'Chariklo'),
(116, 'SMALL BODIES/Asteroids/Centaurs', 'Chiron'),
(117, 'SMALL BODIES/Asteroids/Jupiter Trojans', 'Jupiter Trojans'),
(118, 'SMALL BODIES/Asteroids/Main Asteroid Belt', 'Astraea'),
(119, 'SMALL BODIES/Asteroids/Main Asteroid Belt', 'Cybele'),
(120, 'SMALL BODIES/Asteroids/Main Asteroid Belt', 'Davida'),
(121, 'SMALL BODIES/Asteroids/Main Asteroid Belt', 'Eunomia'),
(122, 'SMALL BODIES/Asteroids/Main Asteroid Belt', 'Europa (Asteroid)'),
(123, 'SMALL BODIES/Asteroids/Main Asteroid Belt', 'Hebe'),
(124, 'SMALL BODIES/Asteroids/Main Asteroid Belt', 'Hygiea'),
(125, 'SMALL BODIES/Asteroids/Main Asteroid Belt', 'Interanmia'),
(126, 'SMALL BODIES/Asteroids/Main Asteroid Belt', 'Iris'),
(127, 'SMALL BODIES/Asteroids/Main Asteroid Belt', 'Juno'),
(128, 'SMALL BODIES/Asteroids/Main Asteroid Belt', 'Main Asteroid Belt'),
(129, 'SMALL BODIES/Asteroids/Main Asteroid Belt', 'Pallas'),
(130, 'SMALL BODIES/Asteroids/Main Asteroid Belt', 'Psyche'),
(131, 'SMALL BODIES/Asteroids/Main Asteroid Belt', 'Sylvia'),
(132, 'SMALL BODIES/Asteroids/NEOs', 'Apophis'),
(133, 'SMALL BODIES/Asteroids/NEOs', 'Ganymed (Asteroid)'),
(134, 'SMALL BODIES/Asteroids/NEOs', 'NEOs (Near-Earth Objects)'),
(135, 'SMALL BODIES/Asteroids/Neptune Trojans', 'Neptune Trojans'),
(136, 'SMALL BODIES/Asteroids/NEOs', 'Eros'),
(137, 'SMALL BODIES/Centaurs', '2010 KZ39'),
(138, 'SMALL BODIES/Centaurs', 'CENTAURS'),
(139, 'SMALL BODIES/Comets', 'Churyumov-Gerasimenko'),
(140, 'SMALL BODIES/Comets', 'Encke'),
(141, 'SMALL BODIES/Comets', 'Halley'),
(142, 'SMALL BODIES/Comets', 'Holmes'),
(143, 'SMALL BODIES/Comets', 'Tempel 1'),
(144, 'SMALL BODIES/Comets', 'Wild 2'),
(145, 'SMALL BODIES/Comets/Kreutz Sungracers', 'Kreutz Sungracers'),
(146, 'SMALL BODIES/Dwarf Planets', 'DWARF PLANETS'),
(147, 'SMALL BODIES/Dwarf Planets/TNOs/KBOs/Cubewanos/Plutoids', 'Makemake'),
(148, 'SMALL BODIES/Dwarf Planets/TNOs/KBOs/Plutoids', 'Haumea'),
(149, 'SMALL BODIES/Dwarf Planets/TNOs/SDOs/Plutoids', 'Eris'),
(150, 'SMALL BODIES/Oort Cloud', 'OORT CLOUD'),
(151, 'SMALL BODIES/TNOs/Cubewanos', 'Cubewanos '),
(152, 'SMALL BODIES/TNOs/KBOs', '(120348) 2004 TY364'),
(153, 'SMALL BODIES/TNOs/KBOs', '(230965) 2004 XA192'),
(154, 'SMALL BODIES/TNOs/KBOs', '2007 JJ43'),
(155, 'SMALL BODIES/TNOs/KBOs/2:5 resonance', '(26375) 1999 DE9'),
(156, 'SMALL BODIES/TNOs/KBOs/2:5 resonance', '(84522) 2002 TC302'),
(157, 'SMALL BODIES/TNOs/KBOs/4:7 resonance', '1999 CD158'),
(158, 'SMALL BODIES/TNOs/KBOs/Cubewanos', '(120347) 2004 SB60'),
(159, 'SMALL BODIES/TNOs/KBOs/Cubewanos', '(144897) 2004 UX10'),
(160, 'SMALL BODIES/TNOs/KBOs/Cubewanos', '(145452) 2005 RN43'),
(161, 'SMALL BODIES/TNOs/KBOs/Cubewanos', '(15760) 1992 QB1'),
(162, 'SMALL BODIES/TNOs/KBOs/Cubewanos', '(174567) 2003 MW12'),
(163, 'SMALL BODIES/TNOs/KBOs/Cubewanos', '(202421) 2005 UQ513'),
(164, 'SMALL BODIES/TNOs/KBOs/Cubewanos', '(35671) 1998 SN165'),
(165, 'SMALL BODIES/TNOs/KBOs/Cubewanos', '(55565) 2002 AW197'),
(166, 'SMALL BODIES/TNOs/KBOs/Cubewanos', '(55637) 2002 UX25'),
(167, 'SMALL BODIES/TNOs/KBOs/Cubewanos', '(90568) 2004 GV9'),
(168, 'SMALL BODIES/TNOs/KBOs/Cubewanos', '19521 Chaos'),
(169, 'SMALL BODIES/TNOs/KBOs/Cubewanos', '1998 WW31'),
(170, 'SMALL BODIES/TNOs/KBOs/Cubewanos', '2002 MS4'),
(171, 'SMALL BODIES/TNOs/KBOs/Cubewanos', '2004 NT33'),
(172, 'SMALL BODIES/TNOs/KBOs/Cubewanos', 'Quaoar'),
(173, 'SMALL BODIES/TNOs/KBOs/Cubewanos', 'Varuna'),
(174, 'SMALL BODIES/TNOs/KBOs/Plutinos', '(208996) 2003 AZ84'),
(175, 'SMALL BODIES/TNOs/KBOs/Plutinos', '(84922) 2003 VS2'),
(176, 'SMALL BODIES/TNOs/KBOs/Plutinos', '2001 QF298'),
(177, 'SMALL BODIES/TNOs/KBOs/Plutinos', '2002 XV93'),
(178, 'SMALL BODIES/TNOs/KBOs/Plutinos', '2003 UZ413'),
(179, 'SMALL BODIES/TNOs/KBOs/Plutinos', 'Huya'),
(180, 'SMALL BODIES/TNOs/KBOs/Plutinos', 'Ixion'),
(181, 'SMALL BODIES/TNOs/KBOs/Plutinos', 'Orcus'),
(182, 'SMALL BODIES/TNOs/KBOs/Plutinos', 'Plutinos'),
(183, 'SMALL BODIES/TNOs/KBOs/Twotinos', '(119979) 2002 WC19'),
(184, 'SMALL BODIES/TNOs/KBOs/Twotinos', 'Twotinos'),
(185, 'SMALL BODIES/TNOs/SDOs', '(145451) 2005 RM43'),
(186, 'SMALL BODIES/TNOs/SDOs', '(15874) 1996 TL66'),
(187, 'SMALL BODIES/TNOs/SDOs', '(225088) 2007 OR10'),
(188, 'SMALL BODIES/TNOs/SDOs', '(26181) 1996 GQ21'),
(189, 'SMALL BODIES/TNOs/SDOs', '(82075) 2000 YW134'),
(190, 'SMALL BODIES/TNOs/SDOs', '2005 QU182'),
(191, 'SMALL BODIES/TNOs/SDOs', '2006 QH181'),
(192, 'SMALL BODIES/TNOs/SDOs', '2007 UK126'),
(193, 'SMALL BODIES/TNOs/SDOs', 'SDOs (Scattered Disc Objects)'),
(194, 'SMALL BODIES/TNOs/SDOs/4:9 resonance', '(42301) 2001 UR163'),
(195, 'SMALL BODIES/TNOs/SDOs/Detached Objects', '(120132) 2003 FY128'),
(196, 'SMALL BODIES/TNOs/SDOs/Detached Objects', '(48639) 1995 TL8'),
(197, 'SMALL BODIES/TNOs/SDOs/Detached Objects', '2003 QX113'),
(198, 'SMALL BODIES/TNOs/SDOs/Detached Objects', '2004 XR190'),
(199, 'SMALL BODIES/TNOs/SDOs/Detached Objects', 'Sedna'),
(200, 'STAR CLUSTERS', 'GLOBULAR CLUSTERS'),
(201, 'STAR CLUSTERS', 'OPEN CLUSTERS'),
(202, 'STAR CLUSTERS', 'STAR ASSOCIATION'),
(203, 'STAR CLUSTERS', 'STAR CLUSTERS'),
(204, 'STELLAR OBJECTS', 'BINARY STARS'),
(205, 'STELLAR OBJECTS', 'BLACK HOLES'),
(206, 'STELLAR OBJECTS', 'BROWN DARFS'),
(207, 'STELLAR OBJECTS', 'CIRCUMSTELLAR DISCS'),
(208, 'STELLAR OBJECTS', 'NEUTRON STARS'),
(209, 'STELLAR OBJECTS', 'PULSARS'),
(210, 'STELLAR OBJECTS', 'STARS'),
(211, 'STELLAR OBJECTS', 'STELLAR OBJECTS'),
(212, 'STELLAR OBJECTS', 'WHITE DARFS'),
(213, 'STELLAR OBJECTS/Exoplanets', 'BIO MARKERS'),
(214, 'STELLAR OBJECTS/Extraterrestrial Life', 'ARTIFICIAL SIGNALS'),
(215, 'STELLAR OBJECTS/Extraterrestrial Life', 'EXTRATERRESTRIAL LIFE'),
(216, 'SUN', 'SOLAR WIND'),
(217, 'SUPERNOVAE/NOVAE', 'SUPERNOVAE/NOVAE');

-- --------------------------------------------------------

--
-- Table structure for table `telescopes`
--

DROP TABLE IF EXISTS `telescopes`;
CREATE TABLE IF NOT EXISTS `telescopes` (
  `id` int(10) unsigned NOT NULL AUTO_INCREMENT,
  `telescope_name` text,
  `telescope_type` int(10) unsigned NOT NULL,
  `telescope_elements` int(10) unsigned DEFAULT NULL,
  `diameter_m` float(10,6) DEFAULT NULL,
  `focallength_m` varchar(10) DEFAULT NULL,
  `antenna_type` int(10) unsigned NOT NULL,
  `wavelength` text,
  `wavelength_begin` float(10,6) DEFAULT NULL,
  `wavelength_b_unit` int(10) unsigned NOT NULL,
  `wavelength_end` float(10,6) DEFAULT NULL,
  `wavelength_e_unit` int(10) unsigned NOT NULL,
  `comments` text,
  PRIMARY KEY (`id`),
  KEY `telescope_type_id` (`telescope_type`),
  KEY `wavelength_unit_id_1` (`wavelength_b_unit`),
  KEY `wavelength_unit_id_2` (`wavelength_e_unit`),
  KEY `antenna_type_id` (`antenna_type`)
) ENGINE=InnoDB  DEFAULT CHARSET=latin1 AUTO_INCREMENT=394 ;

--
-- Dumping data for table `telescopes`
--

INSERT INTO `telescopes` (`id`, `telescope_name`, `telescope_type`, `telescope_elements`, `diameter_m`, `focallength_m`, `antenna_type`, `wavelength`, `wavelength_begin`, `wavelength_b_unit`, `wavelength_end`, `wavelength_e_unit`, `comments`) VALUES
(8, NULL, 10, NULL, 32.000000, '', 1, '925.0-931.5 MHz or 1415-1425 MHz', NULL, 1, NULL, 1, NULL),
(9, NULL, 10, NULL, 40.000000, '', 1, '214.3-234.7 MHz', NULL, 1, NULL, 1, NULL),
(10, NULL, 10, NULL, 32.000000, '', 1, '921.0-933.5 MHz', NULL, 1, NULL, 1, NULL),
(11, NULL, 10, NULL, 42.000000, '', 1, '485.0-515.0 MHz', NULL, 1, NULL, 1, NULL),
(12, NULL, 10, NULL, 32.000000, '', 1, '485.0-515.0 MHz', NULL, 1, NULL, 1, NULL),
(13, NULL, 10, NULL, 32.000000, '', 1, '929.0-930.5 MHz or 1415-1425 MHz', NULL, 1, NULL, 1, NULL),
(14, NULL, 3, NULL, 0.000000, '', 1, '', NULL, 1, NULL, 1, NULL),
(21, NULL, 7, NULL, 0.000000, '', 1, '', NULL, 1, NULL, 1, NULL),
(22, NULL, 7, NULL, 0.000000, '', 1, '', NULL, 1, NULL, 1, NULL),
(25, NULL, 3, NULL, 0.000000, '', 1, '', NULL, 1, NULL, 1, NULL),
(26, NULL, 3, NULL, 0.000000, '', 1, '', NULL, 1, NULL, 1, NULL),
(27, NULL, 2, NULL, 0.000000, '', 1, '', NULL, 1, NULL, 1, NULL),
(28, NULL, 15, NULL, 0.400000, '', 1, '', NULL, 1, NULL, 1, NULL),
(29, NULL, 15, NULL, 0.000000, '', 1, '', NULL, 1, NULL, 1, NULL),
(30, NULL, 2, NULL, 0.600000, '', 1, '', NULL, 1, NULL, 1, NULL),
(31, NULL, 3, NULL, 0.000000, '', 1, '', NULL, 1, NULL, 1, NULL),
(32, NULL, 2, NULL, 0.150000, '', 1, '', NULL, 1, NULL, 1, NULL),
(33, NULL, 7, NULL, 0.000000, '', 1, '', NULL, 1, NULL, 1, NULL),
(34, NULL, 2, NULL, 2.600000, '3.85, 16, ', 1, '', NULL, 1, NULL, 1, NULL),
(35, NULL, 3, NULL, 1.000000, '2.13', 1, '', NULL, 1, NULL, 1, NULL),
(43, NULL, 10, NULL, 34.000000, '', 1, '', NULL, 1, NULL, 1, NULL),
(44, NULL, 10, NULL, 26.000000, '', 1, '', NULL, 1, NULL, 1, NULL),
(45, NULL, 10, NULL, 34.000000, '', 1, '', NULL, 1, NULL, 1, NULL),
(46, NULL, 10, NULL, 70.000000, '', 1, '', NULL, 1, NULL, 1, NULL),
(59, NULL, 10, NULL, 25.000000, '', 1, '', NULL, 1, NULL, 1, NULL),
(60, NULL, 15, NULL, 0.500000, '', 1, 'Grubb Parsons', NULL, 1, NULL, 1, NULL),
(61, NULL, 10, NULL, 3.000000, '', 1, 'HI', NULL, 1, NULL, 1, NULL),
(67, NULL, 15, NULL, 0.600000, '', 1, 'Thornton Reflector', NULL, 1, NULL, 1, NULL),
(68, NULL, 15, NULL, 0.400000, '', 1, 'Hindle Reflector', NULL, 1, NULL, 1, NULL),
(69, NULL, 7, NULL, 0.310000, '', 1, 'Grubb', NULL, 1, NULL, 1, NULL),
(70, NULL, 2, NULL, 0.020000, '', 1, '', NULL, 1, NULL, 1, NULL),
(71, NULL, 3, NULL, 0.036000, '', 1, '', NULL, 1, NULL, 1, NULL),
(79, NULL, 15, NULL, 1.200000, '', 1, '', NULL, 1, NULL, 1, NULL),
(80, NULL, 15, NULL, 1.000000, '', 1, '', NULL, 1, NULL, 1, NULL),
(84, NULL, 15, NULL, 0.402000, '', 1, 'Friedrich-Meier', NULL, 1, NULL, 1, NULL),
(85, NULL, 7, NULL, 0.203000, '', 1, '', NULL, 1, NULL, 1, NULL),
(86, NULL, 7, NULL, 0.150000, '1.2', 1, '', NULL, 1, NULL, 1, NULL),
(87, NULL, 15, NULL, 0.300000, '3.57', 1, 'Reflector', NULL, 1, NULL, 1, NULL),
(88, NULL, 7, NULL, 0.150000, '1.5', 1, '', NULL, 1, NULL, 1, NULL),
(89, NULL, 2, NULL, 0.300000, '7', 1, '', NULL, 1, NULL, 1, NULL),
(118, NULL, 10, NULL, 26.000000, '', 1, '', NULL, 1, NULL, 1, NULL),
(119, NULL, 10, NULL, 14.000000, '', 1, '', NULL, 1, NULL, 1, NULL),
(130, NULL, 2, NULL, 8.100000, '', 1, 'Optical and infrared', NULL, 1, NULL, 1, NULL),
(132, NULL, 10, NULL, 37.000000, '', 1, 'Radio ', NULL, 1, NULL, 1, NULL),
(140, NULL, 10, NULL, 32.000000, '', 1, '', NULL, 1, NULL, 1, NULL),
(141, NULL, 10, NULL, 0.000000, '', 1, '', NULL, 1, NULL, 1, NULL),
(170, '', 10, 0, 40.000000, '', 11, '', 0.000000, 1, 0.000000, 1, ''),
(171, '', 10, 0, 14.000000, '', 11, '', 0.000000, 1, 0.000000, 1, ''),
(172, 'Zeiss Double Astrograph', 7, 0, 0.400000, '2', 1, '', 0.000000, 1, 0.000000, 1, ''),
(173, '', 3, 0, 0.355000, '', 1, '', 0.000000, 1, 0.000000, 1, ''),
(174, 'Meade LX200 GPS', 3, 0, 0.203000, '2', 1, '', 0.000000, 1, 0.000000, 1, ''),
(175, 'Celestron C.14 Compustar', 3, 0, 0.356000, '3.910', 1, '', 0.000000, 1, 0.000000, 1, ''),
(179, 'Celestron C11', 3, 0, 0.280000, '2.8', 1, '', 0.000000, 1, 0.000000, 1, 'Additional Focallengths: f/40, f/20'),
(180, 'Televue Pronto', 7, 0, 0.070000, 'f/6.8', 1, '', 0.000000, 1, 0.000000, 1, ''),
(181, 'Takahashi CN212', 16, 0, 0.212000, '2.630', 1, '', 0.000000, 1, 0.000000, 1, 'Additional Focus: 0.82m at Newton (2.630m at Cassegrain)'),
(182, '', 3, 0, 0.400000, '4', 1, '', 0.000000, 1, 0.000000, 1, ''),
(188, 'Meade LX200', 3, 0, 0.250000, '2.5', 1, '', 0.000000, 1, 0.000000, 1, ''),
(189, 'Fry 8-inch Refractor', 7, 0, 0.200000, '3.2', 1, '', 0.000000, 1, 0.000000, 1, ''),
(190, 'Celestron C14 14-inch Reflector', 3, 2, 0.356000, '3.910', 1, '', 0.000000, 1, 0.000000, 1, ''),
(191, 'Allen 24-inch Reflector', 5, 0, 0.600000, '7', 1, '', 0.000000, 1, 0.000000, 1, ''),
(192, 'Radcliffe 18/24-inch Double Refractor', 7, 0, 0.600000, '7', 1, '', 0.000000, 1, 0.000000, 1, ''),
(193, 'Bernard Comte Telescope "TBC61"', 2, 0, 0.610000, '0.003', 1, '', 0.000000, 1, 0.000000, 1, ''),
(194, '310mm "Altair" Telescope', 1, 0, 0.310000, '1.31', 1, '', 0.000000, 1, 0.000000, 1, ''),
(198, 'Meade LX200', 3, 0, 0.406400, '4', 1, '', 0.000000, 1, 0.000000, 1, ''),
(199, 'Meade LX200', 3, 0, 0.203000, '2', 1, '', 0.000000, 1, 0.000000, 1, ''),
(200, '"Ciel Ouvert"', 1, 0, 0.200000, '', 1, '', 0.000000, 1, 0.000000, 1, 'Equipped with binoculars, controlled by a microcomputer and\r\nLumicon H-alpha filter'),
(201, '"Coupole"', 16, 0, 0.400000, '2', 1, '', 0.000000, 1, 0.000000, 1, 'Attached Schmidt-Cassegrain C8 and CCD Video Camera'),
(202, 'Achromatic Telescope', 7, 0, 0.080000, '', 1, '', 0.000000, 1, 0.000000, 1, ''),
(203, '', 5, 0, 0.600000, 'f/8', 1, '', 0.000000, 1, 0.000000, 1, ''),
(214, 'Automatic Comet Imaging Telescope (ACIT)', 3, 0, 0.190000, 'f/4', 1, '', 0.000000, 1, 0.000000, 1, 'Computerised BVRI filter wheel'),
(215, '60-cm Cichocki Sky Survey Telescope ', 18, 0, 0.600000, 'f/3', 1, '', 0.000000, 1, 0.000000, 1, ''),
(216, '36-cm AIT Imaging System', 3, 0, 0.360000, 'f/11', 1, '', 0.000000, 1, 0.000000, 1, ''),
(217, 'Marsh Telescope', 2, 0, 0.500000, '', 1, '', 0.000000, 1, 0.000000, 1, 'Equiped with CDD and Spectrometer\r\nFinder and Guiding Telescope: Vince 0.15m Refractor Telescope '),
(218, '4.5m Radio Telescope', 10, 0, 4.500000, '', 1, '', 0.000000, 1, 0.000000, 1, ''),
(219, 'Solar 9-Channel Telescope', 19, 0, 0.600000, '6', 1, '', 0.000000, 1, 0.000000, 1, 'Focallength: 12m without Multi-Channel Filter\r\nEquipped with nine 1820 CCDs'),
(220, 'Solar Tunnel Telescope', 7, 0, 0.600000, '11', 1, '', 0.000000, 1, 0.000000, 1, 'Attached Grubb Parson Coleostat'),
(221, '', 7, 0, 0.200000, '18', 1, '', 0.000000, 1, 0.000000, 1, ''),
(230, '1-metre McLellan Telescope', 17, 0, 1.000000, 'f/7.7', 1, '', 0.000000, 1, 0.000000, 1, 'Additional Focus: f/13.5 at Cassegrain'),
(231, '0.6-metre Optical Craftsmen Telescope', 2, 0, 0.610000, 'f/16', 1, '', 0.000000, 1, 0.000000, 1, 'Additional Focus: f/6.25 at Cassegrain'),
(232, '0.6-metre Boller&Chivens Telescope', 2, 0, 0.600000, 'f/13.5', 1, '', 0.000000, 1, 0.000000, 1, ''),
(233, '1.5m Telescope', 5, 0, 1.500000, '12000', 1, '', 0.000000, 1, 0.000000, 1, 'Additional focus: 2.135m at Nasmyth'),
(234, '0.9m Telescope', 2, 0, 0.900000, '7.2', 1, '', 0.000000, 1, 0.000000, 1, 'Additional focus: 1.14m at Nasmyth'),
(235, '"Aristarchos"', 5, 0, 2.300000, '2', 1, '', 0.000000, 1, 0.000000, 1, ''),
(236, '', 2, 0, 1.200000, '', 1, '', 0.000000, 1, 0.000000, 1, ''),
(249, 'Main Telescope', 17, 0, 0.810000, 'f/7.8', 1, '', 0.000000, 1, 0.000000, 1, ''),
(250, 'Guide Telescope', 2, 0, 0.250000, 'f/15', 1, '', 0.000000, 1, 0.000000, 1, ''),
(265, 'Riflettore astrometrico REOSC', 2, 0, 1.050000, '0.994', 1, '', 0.000000, 1, 0.000000, 1, ''),
(266, 'Rifrattore fotovisuale MORAIS', 7, 0, 0.430000, '7', 1, '', 0.000000, 1, 0.000000, 1, ''),
(267, 'Zeiss Astrograph', 7, 0, 0.200000, '1.14', 1, '', 0.000000, 1, 0.000000, 1, ''),
(268, 'Zeiss Visual Refractor Telescope', 7, 0, 0.400000, '6', 1, '', 0.000000, 1, 0.000000, 1, ''),
(269, 'Zeiss Double Astrograph', 16, 0, 0.600000, '2', 1, '', 0.000000, 1, 0.000000, 1, ''),
(270, '"Carte du Ciel" Telescope', 7, 0, 0.330000, '3.43', 1, '', 0.000000, 1, 0.000000, 1, ''),
(271, 'Schmidt Telescope', 3, 0, 0.980000, '2.4', 1, '', 0.000000, 1, 0.000000, 1, ''),
(272, 'The Vatican Advanced Technology Telescope (VATT)', 19, 0, 1.800000, 'f/1.0', 1, '', 0.000000, 1, 0.000000, 1, 'Secondary Mirror: Diameter 0.38 m / Focallength f/0.9'),
(273, '2.3m Advanced Technology Telescope', 17, 0, 2.300000, '4.715', 1, '', 0.000000, 1, 0.000000, 1, 'Secondary Mirrors: 0.3m/18.056m at Nasmyth and 0.3m/18.056m at Cassegrain'),
(274, 'SkyMapper', 2, 0, 1.350000, '6.2', 1, '325nm - 969nm', 0.000000, 1, 0.000000, 1, ''),
(275, 'Faulkes Telescope South', 5, 0, 2.000000, 'f/3', 1, '', 0.000000, 1, 0.000000, 1, 'Secondary Mirror: 0.62m/f/10 at Cassegrain'),
(276, 'Anglo-Australian Telescope', 2, 0, 3.900000, '12.7', 1, 'optical, infrared', 0.000000, 1, 0.000000, 1, ''),
(277, 'UK Schmidt Telescope', 18, 0, 1.240000, '3.07', 1, '', 0.000000, 1, 0.000000, 1, ''),
(278, 'Meade LX200', 3, 0, 0.305000, '3.048', 1, '', 0.000000, 1, 0.000000, 1, ''),
(283, '1m RCC Telescope', 5, 0, 1.000000, '13.5', 1, '', 0.000000, 1, 0.000000, 1, 'Additional Focus: f/13 at Coude'),
(284, '50cm Cassegrain Telescope', 2, 0, 0.500000, '0.74', 1, '', 0.000000, 1, 0.000000, 1, ''),
(285, '40cm RC Telescope', 5, 0, 0.400000, '2.4', 1, '', 0.000000, 1, 0.000000, 1, ''),
(286, '60/90cm Schmidt Telescope', 18, 0, 0.900000, '1.8', 1, '', 0.000000, 1, 0.000000, 1, ''),
(295, 'ZIMLAT Telescope', 17, 0, 1.000000, '', 1, '', 0.000000, 1, 0.000000, 1, 'Satellite Laser Ranging (SLR) and optical observation of positions and magnitudes of near-Earth objects with CDD cameras'),
(300, 'APT1 Telescope', 2, 0, 0.800000, '1.6', 1, '', 0.000000, 1, 0.000000, 1, ''),
(301, '91cm Telescope', 2, 0, 0.910000, '4.143', 1, '', 0.000000, 1, 0.000000, 1, ''),
(302, '61cm Telescope', 2, 0, 0.610000, '1.21', 1, '', 0.000000, 1, 0.000000, 1, ''),
(303, 'ATP2 Telescope', 5, 0, 0.800000, '2.4', 1, '', 0.000000, 1, 0.000000, 1, ''),
(308, 'Troughton Equatorial Telescope', 7, 0, 0.250000, '0.9144', 1, '', 0.000000, 1, 0.000000, 1, 'Historic 10-inch equatorial refractor built by Grubb brothers (Dublin) in 1885. Used mostly for visual and video work.'),
(309, 'Planewave CDK 17-inch Corrected Hall-Dirkham Astrograph', 17, 0, 0.430000, 'f/6.8', 1, '', 0.000000, 1, 0.000000, 1, 'Auxiliary Telescope: 10.6 cm f/5.0 apochromatic reflector\r\nGuide Telescope: Equinox 120ED guidescope'),
(311, 'UH 88-inch Telescope ', 17, 0, 2.200000, '22.6', 1, 'optical, infrared, ', 0.000000, 1, 0.000000, 1, ''),
(312, 'United Kingdom Infrared Telescope (UKIRT)', 2, 1, 3.800000, '135.256 m', 1, 'infrared, ', 0.000000, 1, 0.000000, 1, '\r\n'),
(314, 'CSO', 10, 0, 10.400000, '', 11, 'Submillimeter', 180.000000, 5, 950.000000, 5, ''),
(316, 'JCMT', 2, 0, 15.000000, '', 11, 'Submillimeter', 0.000000, 1, 0.000000, 1, ''),
(319, 'Keck 1', 2, 0, 10.000000, '', 1, '', 0.000000, 1, 0.000000, 1, ''),
(320, 'Keck 2', 2, 0, 10.000000, '', 1, '', 0.000000, 1, 0.000000, 1, ''),
(321, 'Suburu Telescope', 5, 0, 8.200000, '15m', 1, 'optical, infrared,', 0.000000, 1, 0.000000, 1, '\r\n'),
(322, 'Gemini North', 2, 0, 8.100000, 'f/1.8', 1, 'optical, infrared, ', 0.000000, 1, 0.000000, 1, ''),
(324, 'Antu(UT1), Kueyen(UT2), Melipal(UT3), Yepun(UT4)', 5, 4, 8.200000, '', 1, 'optical, infrared, ', 0.000000, 1, 0.000000, 1, 'http://www.eso.org/public/teles-instr/vlt.html'),
(325, 'New Technology Telescope (NTT)', 5, 0, 3.580000, '', 1, 'optical, infrared,', 0.000000, 1, 0.000000, 1, 'http://www.eso.org/sci/facilities/lasilla/telescopes/ntt/index.html'),
(328, 'Submillimeter Array', 10, 8, 6.000000, '', 11, 'submillimeter, ', 230.000000, 5, 690.000000, 5, 'Detailed specifications of the SMA: http://sma1.sma.hawaii.edu/specs.html'),
(329, 'APEX Telescope', 10, 1, 12.000000, '8 f/D', 11, 'submillimeter, ', 211.000000, 5, 1390.000000, 5, '\r\n'),
(330, 'VLBA Antenna', 10, 1, 25.000000, '8.85', 11, 'microwave (UHF) - (EHF) ', 312.000000, 1, 90.000000, 5, 'Observational Status: http://www.vlba.nrao.edu/astro/obstatus/current'),
(335, 'VISTA - Visible and Infrared Survey Telescope for Astronomy', 5, 1, 4.100000, 'f/1', 1, 'infrared, ', 130.350006, 1, 352.700012, 6, ''),
(336, 'VST - VLT Survey Telescope', 2, 1, 2.650000, '14.4', 1, 'ultraviolet, optical, ', 299.799988, 1, 999.299988, 6, 'Cooperation of Osservatorio Astronomico di Capodimonte (OAC) and  European Southern Observatory (ESO)\r\n'),
(337, 'E-ELT - European Extremely Large Telescope', 17, 1, 39.299999, 'f/10 - f/2', 1, 'optical, infrared (IR), ', 12.500000, 6, 999.299988, 6, ''),
(342, 'BAT 6', 5, 1, 6.000000, '24', 1, 'infrared (IR), optical, ultraviolet (UV), ', 30.000000, 1, 999.299988, 6, 'located near Mt.Pastukhova at an altitude of 2070m '),
(343, 'RATAN-600', 10, 895, 600.000000, '', 1, 'radiowaves, microwaves, ', 610.000000, 1, 30.000000, 5, ''),
(344, 'Zeiss-1000', 5, 1, 1.000000, '13.3', 1, 'infrared (IR), optical, ultraviolet (UV), ', 30.000000, 1, 999.299988, 6, ''),
(345, 'Zeis-600', 2, 1, 0.600000, '', 1, '', 0.000000, 1, 0.000000, 1, ''),
(346, 'ALMA 12m Telescope', 10, 54, 12.000000, '', 11, 'microwave (EHF), submillimeter, ', 0.000000, 1, 0.000000, 1, 'Can be used together as Interferometer.'),
(347, 'ALMA 7m Telescope', 10, 12, 7.000000, '', 11, 'microwave (EHF), submillimeter, ', 0.000000, 1, 0.000000, 1, 'Can be used together as Interferometer.'),
(348, 'IRAM 30m telescope', 10, 1, 30.000000, '', 11, 'microwave (EHF), submillimeter, ', 83.000000, 5, 348.000000, 5, ''),
(349, '125-cm Richey Chretien', 5, 1, 1.250000, '1/13', 1, 'optical, ', 0.000000, 1, 0.000000, 1, 'FOV = 30 arcmin'),
(350, '70-cm meniscus', 15, 1, 0.700000, '1/3', 1, 'infrared (IR), optical, ultraviolet (UV), ', 0.000000, 1, 0.000000, 1, 'FOV = 6 degree'),
(351, '50-cm reflector', 17, 1, 0.500000, '1/12', 1, '', 0.000000, 1, 0.000000, 1, ''),
(352, '40-cm Zeiss refractor', 7, 1, 0.400000, '1/17.5', 1, '', 0.000000, 1, 0.000000, 1, ''),
(353, '40-cm Zeiss double astrograph', 7, 1, 0.400000, '1/7', 1, '', 0.000000, 1, 0.000000, 1, 'FOV = 6 degree'),
(354, '36-cm Zeiss Schmidt', 17, 1, 0.360000, '1/1.5', 1, '', 0.000000, 1, 0.000000, 1, 'FOV = 7.5 degree'),
(355, '53-cm Coronograph', 15, 0, 0.000000, '', 1, '', 0.000000, 1, 0.000000, 1, ''),
(356, '44-cm Coelostat', 15, 0, 0.440000, '', 1, '', 0.000000, 1, 0.000000, 1, ''),
(357, 'Celestron EdgeHD 9,25', 7, 1, 0.235000, '2.35 m', 1, 'optical, infrared (IR), ', 0.000000, 1, 0.000000, 1, ''),
(358, 'Maksutov-Cassegrain', 4, 1, 0.300000, '4.8', 1, 'infrared (IR), optical, ultraviolet (UV), ', 0.000000, 1, 0.000000, 1, 'Image scale: 43 arcsec/mm'),
(359, 'MEADE ETX-125', 4, 1, 0.127000, '1.9', 1, 'infrared (IR), optical, ultraviolet (UV), ', 0.000000, 1, 0.000000, 1, 'Image scale: 108 arcsec/mm'),
(360, 'MEADE, 14'' LX200', 5, 1, 0.356000, '3.556', 1, 'infrared (IR), optical, ultraviolet (UV), ', 0.000000, 1, 0.000000, 1, 'Image scale: 58 arcsec/mm'),
(361, 'Kreiken Telescope', 15, 1, 0.406000, '4.064', 1, 'infrared (IR), optical, ultraviolet (UV), ', 0.000000, 1, 0.000000, 1, 'Image scale: 51 arcsec/mm'),
(362, 'Coudé Refractor', 7, 1, 0.150000, '2.25', 1, 'infrared (IR), optical, ultraviolet (UV), ', 0.000000, 1, 0.000000, 1, 'Image scale: 92 arcsec/mm\r\n\r\nSolar projection lens and screen for Sun spot observations, Contarex photo camera, Lyott H-alpha monochromator'),
(376, '', 17, 0, 0.250000, '', 1, '', 0.000000, 1, 0.000000, 1, ''),
(377, 'Flecker, USA', 2, 0, 0.380000, 'f/15', 1, '', 0.000000, 1, 0.000000, 1, ''),
(378, 'Cox, Hargreaves and Thomson Ltd, UK', 2, 0, 0.520000, 'f/13', 1, '', 0.000000, 1, 0.000000, 1, 'Additional Focus: f/70 at Coude'),
(379, '', 2, 0, 0.560000, 'f/15', 1, '', 0.000000, 1, 0.000000, 1, ''),
(380, 'SNT - Zeiss Sampurnanand', 7, 1, 1.040000, 'f/13', 1, 'infrared (IR), optical, ultraviolet (UV),', 299.799988, 1, 999.299988, 6, 'Focal plane instruments:\r\n- Cassegrain plate holder,\r\n- Meinel camera,\r\n- photoelectric photometer,\r\n- near-infrared photometer, \r\n- laboratory spectrum scanner, \r\n- CCD chips of sizes 384x576, 1024x1024 and 2048x2048 pixels. For spectrophotometric observtions, an optical multi-channel analyzer with 1024 pixel Reticon array as detector is also available.'),
(381, 'DFOT - Devasthal Fast optical telescope', 5, 1, 1.300000, 'f/4', 1, 'infrared (IR), optical, ultraviolet (UV),', 299.799988, 1, 999.299988, 6, 'Three CCD cameras are currently available with the telescope for obtaining images of the celestial sky. The cameras are  (1) 2048x2048 pixels, 13.5 micron pixel size conventional back-illuminated, deep thermoelectrically cooled (-800 C) CCD, (2) 512x512 pixels, 16 micron pixel size electron multiplying frame transfer back-illuminated, deep thermoelectrically cooled (-900 C) CCD, (3) 3326x2504 pixels, 5.4 micron, front illuminated, thermoelectrically cooled (-300 C) conventional CCD. The first two cameras use high quantum efficiency E2V chip, assembled by ANDOR with low read noise electronics. The third camera is from SBIG using Kodak chip.'),
(382, '', 2, 0, 0.600000, '1.2', 1, '', 0.000000, 1, 0.000000, 1, ''),
(383, '', 5, 0, 1.520000, '1.2', 1, '', 0.000000, 1, 0.000000, 1, ''),
(384, 'Incoherent scatter radar', 10, 0, 32.000000, '', 11, 'infrared, ', 0.000000, 1, 0.000000, 1, 'Direct measurement of ionospheric electron-number density, ion velocity, and electron and ion temperatures along the radar beam.'),
(385, 'Three-Frequency Riometers', 14, 0, 0.000000, '', 1, '24 Hz, 30 Hz, 31 MHz', 0.000000, 1, 0.000000, 1, ''),
(386, 'Three-Axis Magnetometer', 13, 0, 0.000000, '', 1, '', 0.000000, 1, 0.000000, 1, 'Three-axis flux-gate magnetometers are sensitive to variations of the ionospheric electric current and to induced ground currents.'),
(387, 'STELLA/SES Robotic Telescope', 17, 0, 1.200000, 'f/8', 1, 'optical, ', 0.000000, 1, 0.000000, 1, ''),
(388, 'Carlos Sánchez Telescope (TCS)', 2, 0, 1.550000, 'f/13.8', 1, 'infrared (IR),', 0.000000, 1, 0.000000, 1, ''),
(389, 'GREGOR Telescope', 19, 1, 1.500000, '55.6 m', 1, 'optical, ', 0.000000, 1, 0.000000, 1, ''),
(390, 'Optical Telescope Array (OTA)', 3, 2, 0.400000, 'f/10', 1, 'optical, ', 0.000000, 1, 0.000000, 1, 'Robotic Telescope which is part of SLOOH Space Camera (http://www.slooh.com)'),
(391, 'CFHT', 2, 0, 3.580000, '', 1, 'Optical and infrared', 0.000000, 1, 0.000000, 1, ''),
(392, '', 10, 0, 0.000000, '', 1, '3.3-30m', 0.000000, 1, 0.000000, 1, ''),
(393, '', 10, 0, 0.000000, '', 1, '1.2-2.7m', 0.000000, 1, 0.000000, 1, '');

-- --------------------------------------------------------

--
-- Table structure for table `telescope_to_instruments`
--

DROP TABLE IF EXISTS `telescope_to_instruments`;
CREATE TABLE IF NOT EXISTS `telescope_to_instruments` (
  `telescope_id` int(10) unsigned NOT NULL,
  `instrument_id` int(10) unsigned NOT NULL,
  PRIMARY KEY (`telescope_id`,`instrument_id`),
  KEY `telescope_id_2` (`telescope_id`),
  KEY `instrument_id_1` (`instrument_id`)
) ENGINE=InnoDB DEFAULT CHARSET=latin1;

--
-- Dumping data for table `telescope_to_instruments`
--

INSERT INTO `telescope_to_instruments` (`telescope_id`, `instrument_id`) VALUES
(173, 5),
(174, 6),
(175, 7),
(175, 8),
(179, 10),
(182, 11),
(182, 12),
(188, 17),
(190, 18),
(191, 19),
(192, 20),
(193, 21),
(198, 22),
(203, 23),
(214, 24),
(215, 25),
(216, 26),
(230, 32),
(230, 33),
(233, 34),
(235, 35),
(235, 36),
(235, 37),
(235, 38),
(249, 51),
(249, 52),
(249, 53),
(249, 54),
(265, 61),
(273, 62),
(278, 63),
(283, 68),
(285, 69),
(285, 70),
(286, 71),
(301, 74),
(309, 75),
(311, 82),
(311, 83),
(311, 84),
(311, 85),
(311, 86),
(311, 87),
(312, 88),
(312, 89),
(312, 90),
(312, 91),
(312, 92),
(314, 96),
(314, 97),
(319, 106),
(319, 107),
(319, 108),
(320, 109),
(320, 110),
(320, 111),
(320, 112),
(320, 113),
(321, 114),
(321, 115),
(321, 116),
(321, 117),
(321, 118),
(321, 119),
(321, 120),
(321, 121),
(322, 122),
(322, 123),
(322, 124),
(322, 125),
(322, 126),
(324, 140),
(324, 141),
(324, 142),
(324, 143),
(324, 144),
(324, 145),
(324, 146),
(324, 147),
(324, 148),
(324, 149),
(324, 150),
(324, 151),
(324, 152),
(325, 153),
(325, 154),
(325, 155),
(329, 156),
(329, 157),
(329, 158),
(329, 159),
(329, 160),
(329, 161),
(329, 162),
(329, 163),
(329, 164),
(329, 165),
(329, 166),
(329, 167),
(335, 170),
(336, 171),
(344, 174),
(344, 175),
(348, 176),
(348, 177),
(348, 178),
(348, 179),
(349, 180),
(350, 181),
(351, 182),
(352, 183),
(355, 184),
(357, 185),
(358, 186),
(359, 187),
(360, 188),
(361, 189),
(384, 191),
(388, 192),
(388, 193),
(391, 194),
(391, 195),
(391, 196);

-- --------------------------------------------------------

--
-- Table structure for table `telescope_types`
--

DROP TABLE IF EXISTS `telescope_types`;
CREATE TABLE IF NOT EXISTS `telescope_types` (
  `id` int(10) unsigned NOT NULL AUTO_INCREMENT,
  `name` text NOT NULL,
  PRIMARY KEY (`id`)
) ENGINE=InnoDB  DEFAULT CHARSET=latin1 AUTO_INCREMENT=21 ;

--
-- Dumping data for table `telescope_types`
--

INSERT INTO `telescope_types` (`id`, `name`) VALUES
(1, 'Newton'),
(2, 'Cassegrain'),
(3, 'Schmidt-Cassegrain'),
(4, 'Maksutov'),
(5, 'Ritchey-Chretien'),
(6, 'Dobson'),
(7, 'Refracting Telescope'),
(8, 'Binocular Telescope'),
(10, 'Radio Telescope'),
(11, 'Underground Telescope'),
(13, 'Magnetometer'),
(14, 'Riometer'),
(15, 'Other'),
(16, 'Newton-Cassegrain'),
(17, 'Reflecting Telescope'),
(18, 'Schmidt'),
(19, 'Gregorian Telescope'),
(20, 'Solar Telescope');

-- --------------------------------------------------------

--
-- Table structure for table `timezones`
--

DROP TABLE IF EXISTS `timezones`;
CREATE TABLE IF NOT EXISTS `timezones` (
  `id` int(10) unsigned NOT NULL AUTO_INCREMENT,
  `timezone` varchar(10) NOT NULL,
  PRIMARY KEY (`id`)
) ENGINE=InnoDB  DEFAULT CHARSET=latin1 AUTO_INCREMENT=26 ;

--
-- Dumping data for table `timezones`
--

INSERT INTO `timezones` (`id`, `timezone`) VALUES
(1, '+00'),
(2, '+01'),
(3, '+02'),
(4, '+03'),
(5, '+04'),
(6, '+05'),
(7, '+06'),
(8, '+07'),
(9, '+08'),
(10, '+09'),
(11, '+10'),
(12, '+11'),
(13, '+12'),
(14, '-01'),
(15, '-02'),
(16, '-03'),
(17, '-04'),
(18, '-05'),
(19, '-06'),
(20, '-07'),
(21, '-08'),
(22, '-09'),
(23, '-10'),
(24, '-11'),
(25, '-12');

-- --------------------------------------------------------

--
-- Table structure for table `users_list`
--

DROP TABLE IF EXISTS `users_list`;
CREATE TABLE IF NOT EXISTS `users_list` (
  `id` int(10) unsigned NOT NULL AUTO_INCREMENT,
  `username` text NOT NULL,
  `passwd` text,
  `title` text,
  `fname` text,
  `lname` text,
  `email` text,
  `affiliation` text,
  `category` text NOT NULL,
  `level` int(10) unsigned NOT NULL,
  PRIMARY KEY (`id`)
) ENGINE=InnoDB  DEFAULT CHARSET=latin1 AUTO_INCREMENT=7 ;

--
-- Dumping data for table `users_list`
--

INSERT INTO `users_list` (`id`, `username`, `passwd`, `title`, `fname`, `lname`, `email`, `affiliation`, `category`, `level`) VALUES
(1, 'anonymous', NULL, NULL, NULL, NULL, NULL, NULL, 'other', 0),
(2, 'stoeckler', '530e90856e3fa433e5ad31f3359ea47e', 'Mr.', 'Robert', 'Stöckler', 'robert.stoeckler@oeaw.ac.at', 'Institut für Weltraumforschung', 'commercial', 31),
(3, 'ftopf', '5e12806b179c04620320b332f205a80c', 'Mr.', 'Florian', 'Topf', 'florian.topf@oeaw.ac.at', 'Institut für Weltraumforschung', 'commercial', 31),
(4, 'nagpal', '28e29334745b11450410d66f147239d7', 'Mr.', 'Parinesh', 'Nagpal', 'p.nagpal@ucl.ac.uk', 'UCL', 'scientific', 11),
(5, 'smiller', '28e29334745b11450410d66f147239d7', 'Prof.', 'Steve', 'Miller', 's.miller@ucl.ac.uk', 'UCL', 'scientific', 21),
(6, 'mscherf', '9996535e07258a7bbfd8b132435c5962', 'Mr.', 'Manuel', 'Scherf', 'manuel.scherf@oeaw.ac.at', 'IWF-OeAW', 'scientific', 21);

-- --------------------------------------------------------

--
-- Table structure for table `users_statistics`
--

DROP TABLE IF EXISTS `users_statistics`;
CREATE TABLE IF NOT EXISTS `users_statistics` (
  `id` int(10) unsigned NOT NULL AUTO_INCREMENT,
  `user` int(10) unsigned NOT NULL,
  `page` varchar(45) NOT NULL,
  `epoch` datetime NOT NULL,
  PRIMARY KEY (`id`),
  KEY `user` (`user`)
) ENGINE=InnoDB  DEFAULT CHARSET=latin1 AUTO_INCREMENT=1487 ;

--
-- Dumping data for table `users_statistics`
--

INSERT INTO `users_statistics` (`id`, `user`, `page`, `epoch`) VALUES
(1, 1, 'home', '2011-06-14 14:34:28'),
(2, 1, 'login', '2011-06-14 14:34:37'),
(3, 2, 'login', '2011-06-14 14:34:38'),
(4, 2, 'browse', '2011-06-14 14:34:40'),
(5, 2, 'browse', '2011-06-14 14:34:42'),
(6, 1, 'home', '2011-06-14 14:36:01'),
(7, 1, 'login', '2011-06-14 14:36:16'),
(8, 3, 'login', '2011-06-14 14:36:17'),
(9, 3, 'browse', '2011-06-14 14:36:33'),
(10, 3, 'browse', '2011-06-14 14:36:35'),
(11, 3, 'browse', '2011-06-14 14:36:37'),
(12, 3, 'browse', '2011-06-14 14:36:39'),
(13, 3, 'add', '2011-06-14 14:36:42'),
(14, 3, 'add', '2011-06-14 14:36:44'),
(15, 2, 'browse', '2011-06-14 14:42:10'),
(16, 2, 'browse', '2011-06-14 14:42:19'),
(17, 2, 'add', '2011-06-14 14:42:27'),
(18, 2, 'add', '2011-06-14 14:42:30'),
(19, 2, 'edit', '2011-06-14 14:43:58'),
(20, 2, 'home', '2011-06-14 14:44:19'),
(21, 2, 'browse', '2011-06-14 14:44:21'),
(22, 2, 'browse', '2011-06-14 14:44:22'),
(23, 2, 'edit', '2011-06-14 14:44:25'),
(24, 3, 'add', '2011-06-14 14:45:26'),
(25, 3, 'edit', '2011-06-14 14:46:53'),
(26, 3, 'edit', '2011-06-14 14:46:54'),
(27, 3, 'add', '2011-06-14 14:47:19'),
(28, 3, 'edit', '2011-06-14 14:47:34'),
(29, 3, 'add', '2011-06-14 14:48:04'),
(30, 3, 'browse', '2011-06-14 14:50:09'),
(31, 3, 'browse', '2011-06-14 14:50:17'),
(32, 2, 'browse', '2011-06-14 15:01:20'),
(33, 2, 'browse', '2011-06-14 15:01:22'),
(34, 2, 'browse', '2011-06-14 15:40:09'),
(35, 2, 'browse', '2011-06-14 15:40:10'),
(36, 2, 'home', '2011-06-14 16:15:05'),
(37, 2, 'add', '2011-06-14 16:15:10'),
(38, 2, 'add', '2011-06-14 16:15:12'),
(39, 3, 'home', '2011-06-14 16:40:06'),
(40, 3, 'edit', '2011-06-14 16:40:14'),
(41, 3, 'edit', '2011-06-14 16:40:19'),
(42, 3, 'add', '2011-06-14 16:40:25'),
(43, 2, 'add', '2011-06-14 16:44:16'),
(44, 3, 'home', '2011-06-14 16:58:01'),
(45, 3, 'edit', '2011-06-14 16:58:09'),
(46, 3, 'edit', '2011-06-14 16:58:09'),
(47, 3, 'edit', '2011-06-14 16:58:15'),
(48, 3, 'add', '2011-06-14 16:58:20'),
(49, 3, 'home', '2011-06-14 17:04:04'),
(50, 3, 'edit', '2011-06-14 17:04:08'),
(51, 3, 'edit', '2011-06-14 17:04:11'),
(52, 3, 'add', '2011-06-14 17:04:22'),
(53, 3, 'add', '2011-06-14 17:13:13'),
(54, 3, 'browse', '2011-06-14 17:13:20'),
(55, 3, 'browse', '2011-06-14 17:13:22'),
(56, 3, 'edit', '2011-06-14 17:14:30'),
(57, 3, 'edit', '2011-06-14 17:14:33'),
(58, 3, 'browse', '2011-06-14 17:14:47'),
(59, 3, 'browse', '2011-06-14 17:14:51'),
(60, 3, 'edit', '2011-06-14 17:17:32'),
(61, 3, 'edit', '2011-06-14 17:17:34'),
(62, 3, 'add', '2011-06-14 17:17:44'),
(63, 3, 'add', '2011-06-14 17:18:06'),
(64, 3, 'browse', '2011-06-14 17:18:10'),
(65, 3, 'browse', '2011-06-14 17:18:13'),
(66, 2, 'add', '2011-06-14 17:46:35'),
(67, 2, 'browse', '2011-06-14 17:46:39'),
(68, 2, 'browse', '2011-06-14 17:46:41'),
(69, 1, 'home', '2011-06-14 20:52:19'),
(70, 1, 'reset', '2011-06-14 20:53:49'),
(71, 1, 'home', '2011-06-14 20:54:19'),
(72, 1, 'browse', '2011-06-14 20:54:49'),
(73, 1, 'home', '2011-06-15 00:53:30'),
(74, 1, 'home', '2011-06-15 11:58:00'),
(75, 1, 'login', '2011-06-15 11:58:04'),
(76, 2, 'login', '2011-06-15 11:58:04'),
(77, 2, 'home', '2011-06-15 11:58:20'),
(78, 2, 'browse', '2011-06-15 11:58:25'),
(79, 2, 'browse', '2011-06-15 11:58:26'),
(80, 2, 'edit', '2011-06-15 11:59:54'),
(81, 2, 'edit', '2011-06-15 11:59:56'),
(82, 2, 'add', '2011-06-15 12:01:45'),
(83, 2, 'add', '2011-06-15 12:01:46'),
(84, 2, 'home', '2011-06-15 12:02:11'),
(85, 2, 'browse', '2011-06-15 12:02:13'),
(86, 2, 'browse', '2011-06-15 12:02:14'),
(87, 2, 'browse', '2011-06-15 12:37:45'),
(88, 2, 'browse', '2011-06-15 12:37:47'),
(89, 2, 'add', '2011-06-15 13:13:44'),
(90, 2, 'browse', '2011-06-15 13:13:50'),
(91, 2, 'browse', '2011-06-15 13:13:51'),
(92, 2, 'edit', '2011-06-15 13:17:29'),
(93, 2, 'edit', '2011-06-15 13:17:31'),
(94, 2, 'add', '2011-06-15 13:17:45'),
(95, 1, 'browse', '2011-06-15 13:21:53'),
(96, 2, 'add', '2011-06-15 13:57:29'),
(97, 2, 'browse', '2011-06-15 13:57:37'),
(98, 2, 'browse', '2011-06-15 13:57:38'),
(99, 2, 'edit', '2011-06-15 14:11:34'),
(100, 2, 'edit', '2011-06-15 14:11:35'),
(101, 2, 'edit', '2011-06-15 14:11:42'),
(102, 2, 'edit', '2011-06-15 14:11:44'),
(103, 2, 'add', '2011-06-15 14:11:56'),
(104, 2, 'add', '2011-06-15 14:52:31'),
(105, 2, 'edit', '2011-06-15 14:53:10'),
(106, 2, 'edit', '2011-06-15 14:53:12'),
(107, 2, 'edit', '2011-06-15 14:53:13'),
(108, 2, 'edit', '2011-06-15 14:53:24'),
(109, 2, 'edit', '2011-06-15 14:53:25'),
(110, 2, 'add', '2011-06-15 14:53:32'),
(111, 2, 'add', '2011-06-15 15:17:11'),
(112, 2, 'browse', '2011-06-15 15:17:46'),
(113, 2, 'browse', '2011-06-15 15:17:47'),
(114, 2, 'edit', '2011-06-15 15:18:19'),
(115, 2, 'edit', '2011-06-15 15:18:23'),
(116, 2, 'add', '2011-06-15 15:18:28'),
(117, 2, 'add', '2011-06-15 15:20:15'),
(118, 2, 'add', '2011-06-15 15:25:51'),
(119, 2, 'home', '2011-06-15 16:10:28'),
(120, 2, 'home', '2011-06-15 16:10:29'),
(121, 2, 'home', '2011-06-15 16:10:31'),
(122, 2, 'add', '2011-06-15 16:53:01'),
(123, 2, 'browse', '2011-06-15 16:53:06'),
(124, 2, 'browse', '2011-06-15 16:53:07'),
(125, 2, 'browse', '2011-06-15 16:53:23'),
(126, 2, 'browse', '2011-06-15 16:53:24'),
(127, 2, 'edit', '2011-06-15 16:54:48'),
(128, 2, 'edit', '2011-06-15 16:54:49'),
(129, 2, 'add', '2011-06-15 16:54:55'),
(130, 2, 'add', '2011-06-15 16:55:44'),
(131, 1, 'browse', '2011-06-15 20:49:42'),
(132, 1, 'home', '2011-06-16 21:59:48'),
(133, 1, 'home', '2011-06-16 21:59:49'),
(134, 1, 'home', '2011-06-17 12:45:34'),
(135, 1, 'home', '2011-06-17 18:34:10'),
(136, 1, 'home', '2011-06-18 17:42:25'),
(137, 1, 'home', '2011-06-18 17:42:31'),
(138, 1, 'browse', '2011-06-18 17:42:33'),
(139, 1, 'reset', '2011-06-18 17:42:34'),
(140, 1, 'home', '2011-06-18 19:20:07'),
(141, 1, 'home', '2011-06-18 19:20:08'),
(142, 1, 'home', '2011-06-18 21:18:43'),
(143, 1, 'browse', '2011-06-18 21:18:44'),
(144, 1, 'home', '2011-06-18 21:18:45'),
(145, 1, 'reset', '2011-06-18 21:18:46'),
(146, 1, 'reset', '2011-06-19 00:41:55'),
(147, 1, 'home', '2011-06-19 04:00:39'),
(148, 1, 'home', '2011-06-19 05:42:22'),
(149, 1, 'home', '2011-06-19 13:54:17'),
(150, 1, 'home', '2011-06-20 11:19:50'),
(151, 1, 'home', '2011-06-20 20:32:15'),
(152, 1, 'home', '2011-06-21 02:48:26'),
(153, 1, 'reset', '2011-06-21 02:52:26'),
(154, 1, 'home', '2011-06-21 14:48:55'),
(155, 1, 'login', '2011-06-21 14:49:01'),
(156, 2, 'login', '2011-06-21 14:49:01'),
(157, 2, 'browse', '2011-06-21 14:49:05'),
(158, 2, 'browse', '2011-06-21 14:49:08'),
(159, 2, 'home', '2011-06-21 14:49:18'),
(160, 2, 'edit', '2011-06-21 14:51:00'),
(161, 2, 'edit', '2011-06-21 14:51:02'),
(162, 2, 'add', '2011-06-21 15:01:34'),
(163, 2, 'add', '2011-06-21 17:15:54'),
(164, 2, 'browse', '2011-06-21 17:16:01'),
(165, 2, 'browse', '2011-06-21 17:16:02'),
(166, 1, 'home', '2011-06-21 17:50:46'),
(167, 1, 'home', '2011-06-21 17:50:46'),
(168, 1, 'reset', '2011-06-21 17:54:16'),
(169, 1, 'login', '2011-06-21 17:55:42'),
(170, 1, 'reset', '2011-06-21 17:55:46'),
(171, 1, 'login', '2011-06-21 17:56:01'),
(172, 1, 'home', '2011-06-21 17:56:25'),
(173, 1, 'browse', '2011-06-21 17:57:02'),
(174, 1, 'browse', '2011-06-21 17:57:07'),
(175, 1, 'browse', '2011-06-21 18:21:51'),
(176, 1, 'home', '2011-06-22 12:32:43'),
(177, 1, 'login', '2011-06-22 12:32:59'),
(178, 3, 'login', '2011-06-22 12:33:01'),
(179, 3, 'edit', '2011-06-22 12:44:36'),
(180, 3, 'edit', '2011-06-22 12:51:25'),
(181, 3, 'add', '2011-06-22 12:51:56'),
(182, 3, 'add', '2011-06-22 12:52:01'),
(183, 1, 'home', '2011-06-22 15:42:14'),
(184, 1, 'login', '2011-06-22 15:42:17'),
(185, 2, 'login', '2011-06-22 15:42:17'),
(186, 2, 'home', '2011-06-22 15:42:30'),
(187, 2, 'browse', '2011-06-22 15:42:35'),
(188, 2, 'browse', '2011-06-22 15:42:37'),
(189, 2, 'edit', '2011-06-22 15:43:16'),
(190, 2, 'edit', '2011-06-22 15:43:18'),
(191, 2, 'add', '2011-06-22 15:43:26'),
(192, 2, 'browse', '2011-06-22 15:51:04'),
(193, 2, 'browse', '2011-06-22 15:51:05'),
(194, 1, 'home', '2011-06-22 16:17:27'),
(195, 1, 'reset', '2011-06-22 16:20:07'),
(196, 1, 'reset', '2011-06-22 16:20:47'),
(197, 1, 'browse', '2011-06-22 16:21:53'),
(198, 1, 'browse', '2011-06-22 16:22:10'),
(199, 1, 'browse', '2011-06-22 16:22:14'),
(200, 1, 'browse', '2011-06-22 16:22:19'),
(201, 1, 'browse', '2011-06-22 16:22:22'),
(202, 1, 'browse', '2011-06-22 16:23:01'),
(203, 2, 'add', '2011-06-22 17:26:49'),
(204, 2, 'browse', '2011-06-22 17:26:52'),
(205, 3, 'edit', '2011-06-22 19:34:13'),
(206, 3, 'edit', '2011-06-22 19:34:22'),
(207, 3, 'browse', '2011-06-22 19:34:36'),
(208, 3, 'browse', '2011-06-22 19:34:38'),
(209, 3, 'edit', '2011-06-22 19:37:46'),
(210, 3, 'edit', '2011-06-22 19:37:48'),
(211, 3, 'add', '2011-06-22 19:47:18'),
(212, 3, 'home', '2011-06-22 20:51:45'),
(213, 3, 'browse', '2011-06-22 20:51:50'),
(214, 3, 'browse', '2011-06-22 20:51:52'),
(215, 1, 'browse', '2011-06-22 22:18:54'),
(216, 3, 'add', '2011-06-22 23:10:03'),
(217, 3, 'browse', '2011-06-22 23:10:12'),
(218, 3, 'browse', '2011-06-22 23:10:14'),
(219, 3, 'add', '2011-06-22 23:12:14'),
(220, 3, 'add', '2011-06-22 23:12:16'),
(221, 3, 'home', '2011-06-22 23:12:32'),
(222, 3, 'browse', '2011-06-22 23:16:21'),
(223, 3, 'browse', '2011-06-22 23:16:23'),
(224, 1, 'home', '2011-06-23 12:03:07'),
(225, 1, 'browse', '2011-06-23 12:03:37'),
(226, 1, 'browse', '2011-06-23 12:03:41'),
(227, 1, 'home', '2011-06-23 12:23:10'),
(228, 1, 'browse', '2011-06-23 12:23:13'),
(229, 1, 'browse', '2011-06-23 12:23:15'),
(230, 1, 'home', '2011-06-23 12:43:02'),
(231, 1, 'home', '2011-06-24 00:24:01'),
(232, 1, 'browse', '2011-06-24 05:01:21'),
(233, 1, 'browse', '2011-06-24 05:01:22'),
(234, 1, 'home', '2011-06-24 15:08:31'),
(235, 1, 'home', '2011-06-24 16:21:40'),
(236, 1, 'browse', '2011-06-24 16:21:50'),
(237, 1, 'browse', '2011-06-24 16:21:53'),
(238, 1, 'browse', '2011-06-24 16:26:22'),
(239, 1, 'browse', '2011-06-24 16:32:55'),
(240, 1, 'home', '2011-06-24 16:55:16'),
(241, 1, 'login', '2011-06-24 17:02:33'),
(242, 1, 'login', '2011-06-24 17:02:53'),
(243, 1, 'login', '2011-06-24 17:03:17'),
(244, 1, 'login', '2011-06-24 17:04:32'),
(245, 1, 'reset', '2011-06-24 17:04:40'),
(246, 1, 'reset', '2011-06-24 17:04:49'),
(247, 1, 'login', '2011-06-24 17:08:13'),
(248, 1, 'home', '2011-06-24 19:26:17'),
(249, 1, 'home', '2011-06-24 19:26:17'),
(250, 1, 'reset', '2011-06-25 20:42:05'),
(251, 1, 'reset', '2011-06-26 00:46:27'),
(252, 1, 'home', '2011-06-26 07:11:16'),
(253, 1, 'home', '2011-06-26 07:11:17'),
(254, 1, 'home', '2011-06-26 19:01:33'),
(255, 1, 'home', '2011-06-26 19:01:33'),
(256, 1, 'browse', '2011-06-27 05:39:59'),
(257, 1, 'browse', '2011-06-27 05:39:59'),
(258, 1, 'home', '2011-06-27 11:19:43'),
(259, 1, 'login', '2011-06-27 11:19:51'),
(260, 2, 'login', '2011-06-27 11:19:52'),
(261, 2, 'home', '2011-06-27 11:20:13'),
(262, 2, 'browse', '2011-06-27 11:20:19'),
(263, 2, 'browse', '2011-06-27 11:20:22'),
(264, 2, 'browse', '2011-06-27 11:20:23'),
(265, 2, 'edit', '2011-06-27 11:30:48'),
(266, 2, 'edit', '2011-06-27 11:30:51'),
(267, 2, 'add', '2011-06-27 11:31:32'),
(268, 2, 'add', '2011-06-27 14:16:55'),
(269, 2, 'browse', '2011-06-27 14:17:01'),
(270, 2, 'browse', '2011-06-27 14:17:03'),
(271, 2, 'edit', '2011-06-27 14:18:47'),
(272, 2, 'edit', '2011-06-27 14:18:49'),
(273, 2, 'add', '2011-06-27 14:18:55'),
(274, 2, 'add', '2011-06-27 14:19:47'),
(275, 2, 'edit', '2011-06-27 14:42:47'),
(276, 2, 'edit', '2011-06-27 14:42:49'),
(277, 2, 'add', '2011-06-27 14:44:54'),
(278, 2, 'add', '2011-06-27 16:14:19'),
(279, 2, 'browse', '2011-06-27 16:59:04'),
(280, 2, 'browse', '2011-06-27 16:59:05'),
(281, 2, 'browse', '2011-06-27 17:00:07'),
(282, 2, 'browse', '2011-06-27 17:00:13'),
(283, 2, 'browse', '2011-06-27 17:00:35'),
(284, 2, 'browse', '2011-06-27 17:00:37'),
(285, 2, 'browse', '2011-06-27 17:01:12'),
(286, 2, 'browse', '2011-06-27 17:01:14'),
(287, 2, 'add', '2011-06-27 17:01:23'),
(288, 2, 'browse', '2011-06-27 17:01:28'),
(289, 2, 'browse', '2011-06-27 17:01:29'),
(290, 2, 'browse', '2011-06-27 17:01:51'),
(291, 2, 'browse', '2011-06-27 17:01:53'),
(292, 2, 'add', '2011-06-27 17:02:05'),
(293, 2, 'add', '2011-06-27 17:02:07'),
(294, 2, 'add', '2011-06-27 17:27:21'),
(295, 2, 'browse', '2011-06-27 17:27:31'),
(296, 2, 'browse', '2011-06-27 17:27:32'),
(297, 1, 'home', '2011-06-28 04:59:25'),
(298, 1, 'home', '2011-06-28 04:59:26'),
(299, 1, 'home', '2011-06-28 12:19:59'),
(300, 1, 'browse', '2011-06-28 12:20:05'),
(301, 1, 'browse', '2011-06-28 12:20:08'),
(302, 1, 'browse', '2011-06-28 12:38:08'),
(303, 1, 'home', '2011-06-28 15:28:12'),
(304, 1, 'browse', '2011-06-28 15:28:15'),
(305, 1, 'browse', '2011-06-28 15:28:18'),
(306, 1, 'browse', '2011-06-28 16:07:03'),
(307, 1, 'home', '2011-06-28 16:55:41'),
(308, 1, 'home', '2011-06-28 16:55:41'),
(309, 1, 'browse', '2011-06-28 23:05:39'),
(310, 1, 'browse', '2011-06-28 23:05:39'),
(311, 1, 'home', '2011-06-29 10:02:20'),
(312, 1, 'browse', '2011-06-29 10:02:26'),
(313, 1, 'browse', '2011-06-29 10:12:25'),
(314, 1, 'browse', '2011-06-29 10:13:26'),
(315, 1, 'home', '2011-06-29 10:13:59'),
(316, 1, 'home', '2011-06-29 10:21:32'),
(317, 1, 'browse', '2011-06-29 22:25:46'),
(318, 1, 'home', '2011-06-30 02:08:06'),
(319, 1, 'home', '2011-06-30 07:28:13'),
(320, 1, 'home', '2011-06-30 07:28:13'),
(321, 1, 'home', '2011-06-30 16:05:07'),
(322, 1, 'browse', '2011-06-30 16:20:09'),
(323, 1, 'home', '2011-07-01 15:11:37'),
(324, 1, 'home', '2011-07-02 06:42:59'),
(325, 1, 'home', '2011-07-02 06:42:59'),
(326, 1, 'home', '2011-07-02 19:20:51'),
(327, 1, 'browse', '2011-07-02 19:20:57'),
(328, 1, 'browse', '2011-07-02 19:21:00'),
(329, 1, 'browse', '2011-07-03 06:42:06'),
(330, 1, 'browse', '2011-07-03 06:42:10'),
(331, 1, 'home', '2011-07-04 13:33:05'),
(332, 1, 'home', '2011-07-04 13:33:05'),
(333, 1, 'home', '2011-07-04 18:32:51'),
(334, 1, 'home', '2011-07-04 18:32:52'),
(335, 1, 'home', '2011-07-05 20:35:42'),
(336, 1, 'home', '2011-07-05 23:39:04'),
(337, 1, 'home', '2011-07-05 23:39:04'),
(338, 1, 'home', '2011-07-06 21:07:13'),
(339, 1, 'browse', '2011-07-06 22:27:47'),
(340, 1, 'home', '2011-07-07 03:29:40'),
(341, 1, 'reset', '2011-07-07 10:18:03'),
(342, 1, 'home', '2011-07-08 05:57:44'),
(343, 1, 'home', '2011-07-08 16:26:27'),
(344, 1, 'home', '2011-07-09 14:58:24'),
(345, 1, 'browse', '2011-07-09 14:58:25'),
(346, 1, 'home', '2011-07-09 14:58:27'),
(347, 1, 'reset', '2011-07-09 14:58:28'),
(348, 1, 'home', '2011-07-09 16:40:16'),
(349, 1, 'home', '2011-07-09 16:40:17'),
(350, 1, 'home', '2011-07-09 23:06:57'),
(351, 1, 'home', '2011-07-09 23:06:59'),
(352, 1, 'home', '2011-07-09 23:07:07'),
(353, 1, 'browse', '2011-07-09 23:07:10'),
(354, 1, 'reset', '2011-07-09 23:07:12'),
(355, 1, 'reset', '2011-07-09 23:07:13'),
(356, 1, 'home', '2011-07-09 23:07:27'),
(357, 1, 'browse', '2011-07-09 23:07:40'),
(358, 1, 'home', '2011-07-10 05:03:23'),
(359, 1, 'home', '2011-07-10 05:03:24'),
(360, 1, 'browse', '2011-07-10 05:41:38'),
(361, 1, 'browse', '2011-07-10 05:41:38'),
(362, 1, 'home', '2011-07-11 04:36:12'),
(363, 1, 'home', '2011-07-12 12:45:40'),
(364, 1, 'login', '2011-07-12 12:45:43'),
(365, 2, 'login', '2011-07-12 12:45:43'),
(366, 2, 'edit', '2011-07-12 12:45:46'),
(367, 2, 'edit', '2011-07-12 12:45:48'),
(368, 2, 'edit', '2011-07-12 12:46:22'),
(369, 2, 'home', '2011-07-12 12:46:42'),
(370, 2, 'logout', '2011-07-12 12:46:46'),
(371, 1, 'home', '2011-07-12 12:46:46'),
(372, 1, 'home', '2011-07-12 13:42:01'),
(373, 1, 'browse', '2011-07-12 14:44:34'),
(374, 1, 'home', '2011-07-12 18:29:52'),
(375, 1, 'home', '2011-07-12 18:29:53'),
(376, 1, 'home', '2011-07-13 03:13:26'),
(377, 1, 'reset', '2011-07-13 04:18:30'),
(378, 1, 'browse', '2011-07-13 22:29:20'),
(379, 1, 'home', '2011-07-14 00:18:39'),
(380, 1, 'home', '2011-07-14 00:54:37'),
(381, 1, 'home', '2011-07-14 00:54:37'),
(382, 1, 'home', '2011-07-14 16:07:20'),
(383, 1, 'home', '2011-07-15 03:29:26'),
(384, 1, 'reset', '2011-07-15 04:39:44'),
(385, 1, 'browse', '2011-07-15 12:03:11'),
(386, 1, 'reset', '2011-07-15 19:41:07'),
(387, 1, 'browse', '2011-07-16 13:34:34'),
(388, 1, 'browse', '2011-07-17 02:03:22'),
(389, 1, 'browse', '2011-07-17 02:03:22'),
(390, 1, 'home', '2011-07-17 10:14:13'),
(391, 1, 'home', '2011-07-17 10:14:14'),
(392, 1, 'home', '2011-07-18 03:36:26'),
(393, 1, 'home', '2011-07-18 06:45:19'),
(394, 1, 'home', '2011-07-18 06:45:19'),
(395, 1, 'home', '2011-07-18 07:35:57'),
(396, 1, 'reset', '2011-07-18 07:47:07'),
(397, 1, 'browse', '2011-07-18 09:27:58'),
(398, 1, 'home', '2011-07-18 09:27:59'),
(399, 1, 'home', '2011-07-18 09:39:44'),
(400, 1, 'browse', '2011-07-18 09:39:55'),
(401, 1, 'browse', '2011-07-18 09:39:58'),
(402, 1, 'home', '2011-07-18 13:05:59'),
(403, 1, 'home', '2011-07-18 15:21:40'),
(404, 1, 'home', '2011-07-18 15:30:01'),
(405, 1, 'home', '2011-07-18 15:30:01'),
(406, 1, 'reset', '2011-07-19 07:21:53'),
(407, 1, 'home', '2011-07-19 11:21:48'),
(408, 1, 'login', '2011-07-19 11:21:53'),
(409, 1, 'login', '2011-07-19 11:22:00'),
(410, 1, 'home', '2011-07-19 14:55:26'),
(411, 1, 'home', '2011-07-19 14:55:26'),
(412, 1, 'home', '2011-07-19 16:04:33'),
(413, 1, 'browse', '2011-07-19 16:04:56'),
(414, 1, 'browse', '2011-07-19 16:05:33'),
(415, 1, 'browse', '2011-07-19 16:17:19'),
(416, 1, 'browse', '2011-07-19 16:18:09'),
(417, 1, 'browse', '2011-07-19 16:18:09'),
(418, 1, 'home', '2011-07-19 17:29:52'),
(419, 1, 'home', '2011-07-19 19:25:45'),
(420, 1, 'home', '2011-07-19 19:43:07'),
(421, 1, 'home', '2011-07-20 02:35:31'),
(422, 1, 'home', '2011-07-20 08:59:21'),
(423, 1, 'home', '2011-07-20 16:43:57'),
(424, 1, 'home', '2011-07-20 19:53:36'),
(425, 1, 'home', '2011-07-20 19:53:37'),
(426, 1, 'browse', '2011-07-21 14:44:23'),
(427, 1, 'browse', '2011-07-21 21:52:31'),
(428, 1, 'browse', '2011-07-21 21:52:32'),
(429, 1, 'home', '2011-07-22 10:57:41'),
(430, 1, 'home', '2011-07-22 16:25:06'),
(431, 1, 'home', '2011-07-22 16:25:06'),
(432, 1, 'home', '2011-07-23 16:24:30'),
(433, 1, 'home', '2011-07-23 16:24:31'),
(434, 1, 'home', '2011-07-23 16:38:37'),
(435, 1, 'reset', '2011-07-24 07:03:14'),
(436, 1, 'browse', '2011-07-25 08:16:29'),
(437, 1, 'browse', '2011-07-25 08:16:30'),
(438, 1, 'home', '2011-07-25 09:12:15'),
(439, 1, 'home', '2011-07-25 09:12:15'),
(440, 1, 'browse', '2011-07-25 15:24:38'),
(441, 1, 'browse', '2011-07-26 21:40:27'),
(442, 1, 'browse', '2011-07-26 21:40:27'),
(443, 1, 'home', '2011-07-27 01:35:59'),
(444, 1, 'home', '2011-07-27 01:36:00'),
(445, 1, 'home', '2011-07-27 02:59:43'),
(446, 1, 'home', '2011-07-27 02:59:43'),
(447, 1, 'home', '2011-07-27 09:48:39'),
(448, 1, 'home', '2011-07-27 16:45:54'),
(449, 1, 'home', '2011-07-27 16:45:54'),
(450, 1, 'reset', '2011-07-27 21:11:23'),
(451, 1, 'home', '2011-07-28 02:51:12'),
(452, 1, 'home', '2011-07-28 13:42:15'),
(453, 1, 'login', '2011-07-28 13:42:25'),
(454, 3, 'login', '2011-07-28 13:42:26'),
(455, 3, 'add', '2011-07-28 13:42:32'),
(456, 3, 'add', '2011-07-28 13:42:34'),
(457, 3, 'browse', '2011-07-28 14:36:29'),
(458, 3, 'browse', '2011-07-28 14:36:33'),
(459, 3, 'browse', '2011-07-28 14:38:12'),
(460, 3, 'browse', '2011-07-28 15:07:08'),
(461, 3, 'browse', '2011-07-28 15:07:10'),
(462, 3, 'browse', '2011-07-28 15:57:58'),
(463, 3, 'browse', '2011-07-28 15:58:04'),
(464, 3, 'browse', '2011-07-28 15:58:07'),
(465, 3, 'browse', '2011-07-28 15:58:32'),
(466, 3, 'browse', '2011-07-28 15:58:41'),
(467, 3, 'browse', '2011-07-28 15:58:46'),
(468, 3, 'browse', '2011-07-28 15:58:52'),
(469, 3, 'browse', '2011-07-28 15:58:57'),
(470, 3, 'browse', '2011-07-28 15:59:00'),
(471, 3, 'browse', '2011-07-28 16:05:51'),
(472, 3, 'home', '2011-07-28 16:17:01'),
(473, 3, 'browse', '2011-07-28 16:17:13'),
(474, 3, 'browse', '2011-07-28 16:17:15'),
(475, 3, 'browse', '2011-07-28 16:17:24'),
(476, 3, 'browse', '2011-07-28 16:17:27'),
(477, 3, 'browse', '2011-07-28 16:17:30'),
(478, 3, 'browse', '2011-07-28 16:17:32'),
(479, 3, 'browse', '2011-07-28 16:17:34'),
(480, 1, 'home', '2011-07-29 13:38:41'),
(481, 1, 'home', '2011-07-29 14:57:30'),
(482, 1, 'home', '2011-07-29 14:57:31'),
(483, 1, 'home', '2011-07-29 16:50:18'),
(484, 1, 'home', '2011-07-29 16:50:19'),
(485, 1, 'browse', '2011-07-29 16:50:20'),
(486, 1, 'reset', '2011-07-29 16:50:20'),
(487, 1, 'home', '2011-07-30 23:29:13'),
(488, 1, 'reset', '2011-07-30 23:52:41'),
(489, 1, 'browse', '2011-07-31 11:59:10'),
(490, 1, 'browse', '2011-07-31 11:59:11'),
(491, 1, 'home', '2011-07-31 12:49:37'),
(492, 1, 'home', '2011-07-31 12:49:37'),
(493, 1, 'browse', '2011-07-31 18:25:12'),
(494, 1, 'browse', '2011-07-31 18:25:12'),
(495, 1, 'browse', '2011-08-01 15:23:43'),
(496, 1, 'browse', '2011-08-01 15:25:55'),
(497, 1, 'home', '2011-08-01 16:30:28'),
(498, 1, 'home', '2011-08-01 16:30:32'),
(499, 1, 'browse', '2011-08-01 16:30:36'),
(500, 1, 'reset', '2011-08-01 16:30:38'),
(501, 1, 'home', '2011-08-02 03:15:24'),
(502, 1, 'home', '2011-08-02 03:15:24'),
(503, 1, 'home', '2011-08-02 13:50:51'),
(504, 1, 'login', '2011-08-02 13:51:37'),
(505, 3, 'login', '2011-08-02 13:51:37'),
(506, 3, 'browse', '2011-08-02 13:51:46'),
(507, 3, 'browse', '2011-08-02 13:51:55'),
(508, 3, 'browse', '2011-08-02 13:59:33'),
(509, 3, 'browse', '2011-08-02 14:00:32'),
(510, 3, 'edit', '2011-08-02 14:03:33'),
(511, 3, 'edit', '2011-08-02 14:03:35'),
(512, 3, 'add', '2011-08-02 14:03:47'),
(513, 3, 'browse', '2011-08-02 14:04:21'),
(514, 3, 'browse', '2011-08-02 14:04:28'),
(515, 3, 'edit', '2011-08-02 14:08:18'),
(516, 3, 'edit', '2011-08-02 14:08:22'),
(517, 3, 'browse', '2011-08-02 14:08:56'),
(518, 3, 'browse', '2011-08-02 14:08:58'),
(519, 3, 'add', '2011-08-02 14:16:59'),
(520, 3, 'add', '2011-08-02 14:17:01'),
(521, 1, 'home', '2011-08-02 17:26:18'),
(522, 1, 'home', '2011-08-02 17:26:18'),
(523, 1, 'home', '2011-08-03 17:56:43'),
(524, 1, 'home', '2011-08-03 23:27:47'),
(525, 1, 'home', '2011-08-05 16:54:53'),
(526, 1, 'home', '2011-08-05 16:54:53'),
(527, 1, 'browse', '2011-08-05 18:35:28'),
(528, 1, 'browse', '2011-08-05 18:35:28'),
(529, 1, 'home', '2011-08-06 01:48:21'),
(530, 1, 'home', '2011-08-06 04:08:33'),
(531, 1, 'home', '2011-08-06 20:22:47'),
(532, 1, 'home', '2011-08-07 13:40:21'),
(533, 1, 'browse', '2011-08-07 23:02:45'),
(534, 1, 'browse', '2011-08-07 23:02:46'),
(535, 1, 'browse', '2011-08-08 15:27:42'),
(536, 1, 'home', '2011-08-08 17:12:04'),
(537, 1, 'home', '2011-08-08 18:36:53'),
(538, 1, 'home', '2011-08-08 18:36:54'),
(539, 1, 'home', '2011-08-08 21:41:28'),
(540, 1, 'home', '2011-08-08 21:41:28'),
(541, 1, 'home', '2011-08-08 23:11:15'),
(542, 1, 'home', '2011-08-09 19:06:14'),
(543, 1, 'home', '2011-08-09 20:52:11'),
(544, 1, 'home', '2011-08-09 20:52:12'),
(545, 1, 'browse', '2011-08-11 02:29:22'),
(546, 1, 'browse', '2011-08-11 02:29:22'),
(547, 1, 'browse', '2011-08-12 12:42:43'),
(548, 1, 'browse', '2011-08-12 12:42:44'),
(549, 1, 'home', '2011-08-13 08:58:38'),
(550, 1, 'home', '2011-08-13 08:58:38'),
(551, 1, 'home', '2011-08-13 17:37:34'),
(552, 1, 'home', '2011-08-13 17:37:34'),
(553, 1, 'home', '2011-08-13 19:53:46'),
(554, 1, 'reset', '2011-08-14 00:02:31'),
(555, 1, 'reset', '2011-08-14 03:14:12'),
(556, 1, 'browse', '2011-08-14 09:59:02'),
(557, 1, 'home', '2011-08-15 02:36:05'),
(558, 1, 'browse', '2011-08-15 04:28:53'),
(559, 1, 'browse', '2011-08-15 04:28:54'),
(560, 1, 'browse', '2011-08-15 15:29:47'),
(561, 1, 'home', '2011-08-15 19:25:16'),
(562, 1, 'home', '2011-08-15 19:25:17'),
(563, 1, 'home', '2011-08-15 22:07:23'),
(564, 1, 'home', '2011-08-15 22:07:23'),
(565, 1, 'home', '2011-08-16 00:13:27'),
(566, 1, 'home', '2011-08-16 12:31:31'),
(567, 1, 'home', '2011-08-16 12:31:31'),
(568, 1, 'browse', '2011-08-17 14:06:00'),
(569, 1, 'browse', '2011-08-17 14:06:00'),
(570, 1, 'home', '2011-08-18 10:06:00'),
(571, 1, 'home', '2011-08-18 18:14:06'),
(572, 1, 'home', '2011-08-18 19:12:57'),
(573, 1, 'home', '2011-08-18 19:12:57'),
(574, 1, 'browse', '2011-08-19 00:02:55'),
(575, 1, 'browse', '2011-08-19 00:02:55'),
(576, 1, 'home', '2011-08-19 21:14:18'),
(577, 1, 'home', '2011-08-19 21:14:18'),
(578, 1, 'home', '2011-08-20 08:48:23'),
(579, 1, 'home', '2011-08-20 08:48:24'),
(580, 1, 'home', '2011-08-20 15:56:49'),
(581, 1, 'browse', '2011-08-20 15:56:52'),
(582, 1, 'browse', '2011-08-20 15:56:53'),
(583, 1, 'browse', '2011-08-20 15:56:56'),
(584, 1, 'browse', '2011-08-20 15:56:59'),
(585, 1, 'home', '2011-08-21 05:51:23'),
(586, 1, 'home', '2011-08-21 06:35:30'),
(587, 1, 'home', '2011-08-21 06:35:30'),
(588, 1, 'browse', '2011-08-22 00:27:04'),
(589, 1, 'browse', '2011-08-22 00:27:09'),
(590, 1, 'browse', '2011-08-22 00:27:16'),
(591, 1, 'browse', '2011-08-22 00:27:24'),
(592, 1, 'browse', '2011-08-22 00:27:30'),
(593, 1, 'browse', '2011-08-22 00:27:35'),
(594, 1, 'home', '2011-08-22 01:54:36'),
(595, 1, 'home', '2011-08-22 10:00:18'),
(596, 1, 'home', '2011-08-22 10:15:36'),
(597, 1, 'home', '2011-08-22 14:37:18'),
(598, 1, 'home', '2011-08-22 14:37:19'),
(599, 1, 'reset', '2011-08-22 14:37:20'),
(600, 1, 'browse', '2011-08-22 17:22:56'),
(601, 1, 'browse', '2011-08-22 17:22:56'),
(602, 1, 'home', '2011-08-22 18:33:16'),
(603, 1, 'home', '2011-08-23 01:29:33'),
(604, 1, 'home', '2011-08-23 01:29:33'),
(605, 1, 'home', '2011-08-23 10:47:16'),
(606, 1, 'reset', '2011-08-23 10:47:48'),
(607, 1, 'browse', '2011-08-23 10:48:19'),
(608, 1, 'home', '2011-08-23 11:13:15'),
(609, 1, 'home', '2011-08-23 13:35:53'),
(610, 1, 'browse', '2011-08-23 13:35:55'),
(611, 1, 'login', '2011-08-23 13:36:01'),
(612, 3, 'login', '2011-08-23 13:36:01'),
(613, 3, 'edit', '2011-08-23 13:36:06'),
(614, 3, 'edit', '2011-08-23 13:36:08'),
(615, 3, 'add', '2011-08-23 13:36:14'),
(616, 1, 'home', '2011-08-23 13:38:13'),
(617, 1, 'login', '2011-08-23 13:38:15'),
(618, 2, 'login', '2011-08-23 13:38:15'),
(619, 2, 'browse', '2011-08-23 13:38:22'),
(620, 2, 'browse', '2011-08-23 13:38:23'),
(621, 2, 'add', '2011-08-23 15:13:33'),
(622, 2, 'add', '2011-08-23 15:13:35'),
(623, 2, 'edit', '2011-08-23 15:16:55'),
(624, 2, 'edit', '2011-08-23 15:16:56'),
(625, 2, 'add', '2011-08-23 15:17:00'),
(626, 2, 'edit', '2011-08-23 15:17:07'),
(627, 2, 'edit', '2011-08-23 15:17:08'),
(628, 2, 'add', '2011-08-23 15:17:11'),
(629, 2, 'edit', '2011-08-23 15:17:15'),
(630, 2, 'edit', '2011-08-23 15:17:17'),
(631, 2, 'add', '2011-08-23 15:17:37'),
(632, 2, 'edit', '2011-08-23 15:17:41'),
(633, 2, 'edit', '2011-08-23 15:17:42'),
(634, 2, 'add', '2011-08-23 15:17:55'),
(635, 1, 'home', '2011-08-23 19:16:01'),
(636, 1, 'home', '2011-08-23 22:53:25'),
(637, 1, 'browse', '2011-08-24 14:56:39'),
(638, 1, 'browse', '2011-08-24 14:56:39'),
(639, 1, 'home', '2011-08-24 22:36:49'),
(640, 1, 'home', '2011-08-24 22:36:49'),
(641, 1, 'home', '2011-08-25 10:56:09'),
(642, 1, 'home', '2011-08-25 11:59:25'),
(643, 1, 'home', '2011-08-25 11:59:51'),
(644, 1, 'login', '2011-08-25 12:07:36'),
(645, 2, 'login', '2011-08-25 12:07:36'),
(646, 2, 'edit', '2011-08-25 12:07:43'),
(647, 2, 'edit', '2011-08-25 12:07:45'),
(648, 2, 'add', '2011-08-25 12:07:54'),
(649, 1, 'home', '2011-08-25 12:12:15'),
(650, 1, 'login', '2011-08-25 12:12:22'),
(651, 3, 'login', '2011-08-25 12:12:22'),
(652, 3, 'browse', '2011-08-25 12:12:24'),
(653, 3, 'add', '2011-08-25 12:12:25'),
(654, 3, 'add', '2011-08-25 12:12:26'),
(655, 2, 'add', '2011-08-25 12:13:54'),
(656, 2, 'add', '2011-08-25 12:13:56'),
(657, 2, 'add', '2011-08-25 12:16:09'),
(658, 2, 'home', '2011-08-25 12:16:42'),
(659, 2, 'add', '2011-08-25 12:16:45'),
(660, 2, 'add', '2011-08-25 12:16:46'),
(661, 1, 'home', '2011-08-25 12:19:29'),
(662, 1, 'login', '2011-08-25 12:19:35'),
(663, 3, 'login', '2011-08-25 12:19:36'),
(664, 3, 'add', '2011-08-25 12:19:39'),
(665, 3, 'add', '2011-08-25 12:19:40'),
(666, 3, 'home', '2011-08-25 12:20:26'),
(667, 1, 'home', '2011-08-25 12:20:33'),
(668, 1, 'login', '2011-08-25 12:20:35'),
(669, 2, 'login', '2011-08-25 12:20:36'),
(670, 2, 'add', '2011-08-25 12:20:38'),
(671, 2, 'add', '2011-08-25 12:20:42'),
(672, 2, 'edit', '2011-08-25 12:27:16'),
(673, 2, 'edit', '2011-08-25 12:27:18'),
(674, 2, 'add', '2011-08-25 12:27:23'),
(675, 2, 'home', '2011-08-25 13:07:35'),
(676, 2, 'edit', '2011-08-25 13:21:30'),
(677, 2, 'edit', '2011-08-25 13:21:32'),
(678, 2, 'browse', '2011-08-25 13:21:47'),
(679, 2, 'browse', '2011-08-25 13:21:49'),
(680, 2, 'browse', '2011-08-25 13:22:06'),
(681, 2, 'edit', '2011-08-25 14:02:53'),
(682, 2, 'edit', '2011-08-25 14:02:55'),
(683, 2, 'add', '2011-08-25 14:03:03'),
(684, 2, 'home', '2011-08-25 14:12:06'),
(685, 2, 'browse', '2011-08-25 14:12:10'),
(686, 2, 'browse', '2011-08-25 14:12:12'),
(687, 2, 'browse', '2011-08-25 14:12:18'),
(688, 2, 'add', '2011-08-25 14:41:58'),
(689, 2, 'browse', '2011-08-25 14:42:03'),
(690, 2, 'browse', '2011-08-25 14:42:05'),
(691, 2, 'browse', '2011-08-25 14:42:23'),
(692, 2, 'edit', '2011-08-25 14:42:45'),
(693, 2, 'edit', '2011-08-25 14:42:46'),
(694, 2, 'add', '2011-08-25 14:42:50'),
(695, 2, 'edit', '2011-08-25 14:43:12'),
(696, 2, 'edit', '2011-08-25 14:43:14'),
(697, 2, 'add', '2011-08-25 14:43:22'),
(698, 2, 'home', '2011-08-25 14:45:36'),
(699, 2, 'edit', '2011-08-25 14:45:40'),
(700, 2, 'edit', '2011-08-25 14:45:42'),
(701, 2, 'add', '2011-08-25 14:45:45'),
(702, 2, 'add', '2011-08-25 14:48:34'),
(703, 2, 'browse', '2011-08-25 14:48:38'),
(704, 2, 'browse', '2011-08-25 14:48:39'),
(705, 2, 'edit', '2011-08-25 14:49:58'),
(706, 2, 'edit', '2011-08-25 14:50:01'),
(707, 2, 'add', '2011-08-25 14:50:04'),
(708, 2, 'add', '2011-08-25 14:53:43'),
(709, 2, 'edit', '2011-08-25 14:53:47'),
(710, 2, 'edit', '2011-08-25 14:53:50'),
(711, 2, 'browse', '2011-08-25 14:53:55'),
(712, 2, 'browse', '2011-08-25 14:53:57'),
(713, 2, 'home', '2011-08-25 15:24:32'),
(714, 2, 'edit', '2011-08-25 15:24:37'),
(715, 2, 'edit', '2011-08-25 15:24:39'),
(716, 2, 'add', '2011-08-25 15:24:55'),
(717, 2, 'home', '2011-08-25 15:34:33'),
(718, 2, 'browse', '2011-08-25 15:34:36'),
(719, 2, 'browse', '2011-08-25 15:34:38'),
(720, 2, 'add', '2011-08-25 16:05:42'),
(721, 2, 'browse', '2011-08-25 16:05:44'),
(722, 2, 'browse', '2011-08-25 16:05:45'),
(723, 1, 'browse', '2011-08-26 03:00:44'),
(724, 1, 'home', '2011-08-26 12:15:25'),
(725, 1, 'home', '2011-08-26 18:48:31'),
(726, 1, 'home', '2011-08-26 18:49:12'),
(727, 1, 'home', '2011-08-27 09:21:02'),
(728, 1, 'home', '2011-08-27 19:41:08'),
(729, 1, 'browse', '2011-08-27 22:16:19'),
(730, 1, 'home', '2011-08-28 06:50:34'),
(731, 1, 'home', '2011-08-28 06:50:34'),
(732, 1, 'reset', '2011-08-28 09:03:28'),
(733, 1, 'reset', '2011-08-29 10:19:53'),
(734, 1, 'home', '2011-08-29 11:28:24'),
(735, 1, 'home', '2011-08-29 12:11:59'),
(736, 1, 'login', '2011-08-29 12:27:41'),
(737, 2, 'login', '2011-08-29 12:27:41'),
(738, 2, 'browse', '2011-08-29 12:27:44'),
(739, 2, 'browse', '2011-08-29 12:30:55'),
(740, 1, 'home', '2011-08-29 12:31:00'),
(741, 1, 'login', '2011-08-29 12:31:02'),
(742, 2, 'login', '2011-08-29 12:31:02'),
(743, 2, 'browse', '2011-08-29 12:31:05'),
(744, 2, 'browse', '2011-08-29 12:31:06'),
(745, 2, 'edit', '2011-08-29 12:46:11'),
(746, 2, 'edit', '2011-08-29 12:48:23'),
(747, 2, 'add', '2011-08-29 12:49:00'),
(748, 2, 'add', '2011-08-29 12:49:25'),
(749, 2, 'home', '2011-08-29 15:28:08'),
(750, 2, 'add', '2011-08-29 15:28:53'),
(751, 2, 'browse', '2011-08-29 15:28:59'),
(752, 2, 'browse', '2011-08-29 15:29:00'),
(753, 2, 'edit', '2011-08-29 15:29:21'),
(754, 2, 'edit', '2011-08-29 15:29:23'),
(755, 2, 'add', '2011-08-29 15:29:34'),
(756, 2, 'browse', '2011-08-29 15:30:01'),
(757, 2, 'edit', '2011-08-29 15:30:03'),
(758, 2, 'edit', '2011-08-29 15:30:05'),
(759, 2, 'edit', '2011-08-29 15:30:06'),
(760, 2, 'browse', '2011-08-29 15:30:47'),
(761, 2, 'browse', '2011-08-29 15:30:48'),
(762, 2, 'browse', '2011-08-29 15:33:47'),
(763, 2, 'edit', '2011-08-29 15:33:49'),
(764, 2, 'edit', '2011-08-29 15:33:50'),
(765, 2, 'add', '2011-08-29 15:33:54'),
(766, 2, 'add', '2011-08-29 15:34:03'),
(767, 2, 'browse', '2011-08-29 15:34:08'),
(768, 2, 'browse', '2011-08-29 15:34:10'),
(769, 2, 'browse', '2011-08-29 15:39:28'),
(770, 2, 'browse', '2011-08-29 15:39:39'),
(771, 2, 'browse', '2011-08-29 16:10:33'),
(772, 2, 'edit', '2011-08-29 16:10:35'),
(773, 2, 'edit', '2011-08-29 16:10:37'),
(774, 2, 'add', '2011-08-29 16:11:49'),
(775, 2, 'browse', '2011-08-29 16:13:11'),
(776, 2, 'browse', '2011-08-29 16:13:13'),
(777, 2, 'add', '2011-08-29 16:44:30'),
(778, 2, 'browse', '2011-08-29 16:44:35'),
(779, 2, 'browse', '2011-08-29 16:44:37'),
(780, 1, 'home', '2011-08-29 17:51:09'),
(781, 1, 'home', '2011-08-29 17:51:21'),
(782, 1, 'home', '2011-08-29 17:54:38'),
(783, 1, 'home', '2011-08-29 23:04:04'),
(784, 1, 'home', '2011-08-30 00:08:16'),
(785, 1, 'login', '2011-08-30 00:09:31'),
(786, 3, 'login', '2011-08-30 00:09:32'),
(787, 3, 'home', '2011-08-30 00:09:42'),
(788, 3, 'browse', '2011-08-30 00:09:46'),
(789, 3, 'browse', '2011-08-30 00:09:49'),
(790, 3, 'browse', '2011-08-30 00:09:54'),
(791, 3, 'home', '2011-08-30 00:12:18'),
(792, 3, 'home', '2011-08-30 00:21:08'),
(793, 3, 'logout', '2011-08-30 00:21:25'),
(794, 1, 'home', '2011-08-30 00:21:27'),
(795, 1, 'login', '2011-08-30 00:22:41'),
(796, 1, 'login', '2011-08-30 00:22:52'),
(797, 3, 'login', '2011-08-30 00:22:53'),
(798, 3, 'logout', '2011-08-30 00:23:09'),
(799, 1, 'logout', '2011-08-30 00:23:13'),
(800, 1, 'home', '2011-08-30 00:23:15'),
(801, 1, 'browse', '2011-08-30 00:23:21'),
(802, 1, 'home', '2011-08-30 00:23:50'),
(803, 1, 'home', '2011-08-30 01:20:28'),
(804, 1, 'home', '2011-08-30 01:20:38'),
(805, 1, 'login', '2011-08-30 01:21:25'),
(806, 3, 'login', '2011-08-30 01:21:26'),
(807, 3, 'home', '2011-08-30 01:23:31'),
(808, 3, 'home', '2011-08-30 01:28:58'),
(809, 3, 'home', '2011-08-30 01:31:34'),
(810, 3, 'home', '2011-08-30 01:33:01'),
(811, 3, 'home', '2011-08-30 01:33:15'),
(812, 1, 'home', '2011-08-30 08:36:22'),
(813, 1, 'home', '2011-08-30 08:36:23'),
(814, 1, 'home', '2011-08-30 10:50:03'),
(815, 1, 'home', '2011-08-30 11:06:18'),
(816, 1, 'home', '2011-08-30 11:06:32'),
(817, 1, 'login', '2011-08-30 11:06:36'),
(818, 2, 'login', '2011-08-30 11:06:37'),
(819, 1, 'login', '2011-08-30 11:06:41'),
(820, 2, 'login', '2011-08-30 11:06:42'),
(821, 2, 'logout', '2011-08-30 11:06:54'),
(822, 1, 'home', '2011-08-30 11:06:54'),
(823, 2, 'home', '2011-08-30 11:07:02'),
(824, 2, 'browse', '2011-08-30 11:07:05'),
(825, 2, 'browse', '2011-08-30 11:07:07'),
(826, 2, 'browse', '2011-08-30 11:07:09'),
(827, 2, 'home', '2011-08-30 11:07:12'),
(828, 2, 'browse', '2011-08-30 11:38:54'),
(829, 2, 'edit', '2011-08-30 11:38:57'),
(830, 2, 'edit', '2011-08-30 11:38:59'),
(831, 2, 'add', '2011-08-30 11:39:30'),
(832, 2, 'browse', '2011-08-30 11:53:27'),
(833, 2, 'browse', '2011-08-30 11:53:28'),
(834, 1, 'home', '2011-08-30 12:15:27'),
(835, 1, 'home', '2011-08-30 12:15:32'),
(836, 1, 'home', '2011-08-30 12:15:35'),
(837, 1, 'home', '2011-08-30 12:15:37'),
(838, 1, 'home', '2011-08-30 12:15:40'),
(839, 1, 'home', '2011-08-30 12:20:34'),
(840, 1, 'home', '2011-08-30 12:32:39'),
(841, 2, 'add', '2011-08-30 13:19:11'),
(842, 2, 'browse', '2011-08-30 13:19:18'),
(843, 2, 'browse', '2011-08-30 13:19:20'),
(844, 2, 'edit', '2011-08-30 13:19:57'),
(845, 2, 'edit', '2011-08-30 13:19:59'),
(846, 2, 'add', '2011-08-30 13:20:05'),
(847, 2, 'browse', '2011-08-30 13:20:43'),
(848, 2, 'browse', '2011-08-30 13:20:45'),
(849, 2, 'edit', '2011-08-30 13:21:08'),
(850, 2, 'edit', '2011-08-30 13:21:09'),
(851, 2, 'add', '2011-08-30 13:21:12'),
(852, 2, 'add', '2011-08-30 13:25:00'),
(853, 2, 'browse', '2011-08-30 13:25:06'),
(854, 1, 'home', '2011-08-30 13:48:42'),
(855, 2, 'browse', '2011-08-30 13:51:21'),
(856, 2, 'browse', '2011-08-30 13:51:22'),
(857, 2, 'browse', '2011-08-30 14:13:04'),
(858, 2, 'home', '2011-08-30 14:13:07'),
(859, 2, 'edit', '2011-08-30 14:13:09'),
(860, 2, 'edit', '2011-08-30 14:13:10'),
(861, 2, 'browse', '2011-08-30 14:13:50'),
(862, 2, 'add', '2011-08-30 14:13:53'),
(863, 2, 'home', '2011-08-30 14:13:56'),
(864, 2, 'add', '2011-08-30 14:13:57'),
(865, 2, 'add', '2011-08-30 14:13:59'),
(866, 2, 'add', '2011-08-30 14:42:14'),
(867, 2, 'browse', '2011-08-30 14:42:22'),
(868, 2, 'browse', '2011-08-30 14:42:24'),
(869, 1, 'home', '2011-08-30 17:35:13'),
(870, 1, 'home', '2011-08-30 21:37:15'),
(871, 1, 'home', '2011-08-31 00:01:02'),
(872, 1, 'home', '2011-08-31 04:15:27'),
(873, 1, 'browse', '2011-08-31 04:20:05'),
(874, 1, 'browse', '2011-08-31 04:20:05'),
(875, 1, 'home', '2011-08-31 10:18:49'),
(876, 1, 'home', '2011-08-31 11:21:37'),
(877, 1, 'home', '2011-08-31 11:21:41'),
(878, 1, 'login', '2011-08-31 11:21:44'),
(879, 2, 'login', '2011-08-31 11:21:44'),
(880, 2, 'login', '2011-08-31 11:21:46'),
(881, 2, 'login', '2011-08-31 11:21:46'),
(882, 2, 'browse', '2011-08-31 11:21:52'),
(883, 2, 'edit', '2011-08-31 11:21:56'),
(884, 2, 'edit', '2011-08-31 11:21:58'),
(885, 1, 'home', '2011-08-31 11:22:16'),
(886, 2, 'add', '2011-08-31 11:31:18'),
(887, 2, 'browse', '2011-08-31 13:05:44'),
(888, 2, 'browse', '2011-08-31 13:05:46'),
(889, 2, 'edit', '2011-08-31 13:07:07'),
(890, 2, 'edit', '2011-08-31 13:07:09'),
(891, 2, 'add', '2011-08-31 13:07:20'),
(892, 2, 'add', '2011-08-31 14:12:51'),
(893, 2, 'browse', '2011-08-31 14:13:16'),
(894, 2, 'browse', '2011-08-31 14:13:17'),
(895, 2, 'edit', '2011-08-31 14:14:14'),
(896, 2, 'edit', '2011-08-31 14:14:16'),
(897, 2, 'add', '2011-08-31 14:14:25'),
(898, 2, 'add', '2011-08-31 14:23:15'),
(899, 2, 'add', '2011-08-31 14:23:50'),
(900, 2, 'edit', '2011-08-31 14:23:59'),
(901, 2, 'edit', '2011-08-31 14:24:02'),
(902, 2, 'add', '2011-08-31 14:24:04'),
(903, 2, 'add', '2011-08-31 14:30:44'),
(904, 2, 'edit', '2011-08-31 14:31:32'),
(905, 2, 'edit', '2011-08-31 14:31:34'),
(906, 2, 'add', '2011-08-31 14:31:37'),
(907, 1, 'home', '2011-08-31 14:32:13'),
(908, 2, 'add', '2011-08-31 14:32:27'),
(909, 2, 'add', '2011-08-31 14:32:30'),
(910, 2, 'edit', '2011-08-31 14:32:35'),
(911, 2, 'edit', '2011-08-31 14:32:37'),
(912, 2, 'add', '2011-08-31 14:32:39'),
(913, 2, 'add', '2011-08-31 14:33:18'),
(914, 2, 'browse', '2011-08-31 14:35:49'),
(915, 2, 'browse', '2011-08-31 14:35:51'),
(916, 1, 'home', '2011-08-31 14:58:05'),
(917, 1, 'home', '2011-08-31 14:58:17'),
(918, 1, 'login', '2011-08-31 14:58:21'),
(919, 3, 'login', '2011-08-31 14:58:22'),
(920, 3, 'browse', '2011-08-31 14:58:25'),
(921, 3, 'browse', '2011-08-31 14:58:27'),
(922, 3, 'edit', '2011-08-31 14:58:58'),
(923, 3, 'edit', '2011-08-31 14:59:00'),
(924, 3, 'add', '2011-08-31 14:59:04'),
(925, 3, 'edit', '2011-08-31 15:01:14'),
(926, 3, 'edit', '2011-08-31 15:01:16'),
(927, 3, 'add', '2011-08-31 15:01:17'),
(928, 3, 'add', '2011-08-31 15:02:08'),
(929, 3, 'edit', '2011-08-31 15:05:05'),
(930, 3, 'edit', '2011-08-31 15:05:07'),
(931, 3, 'edit', '2011-08-31 15:05:09'),
(932, 3, 'add', '2011-08-31 15:05:10'),
(933, 3, 'add', '2011-08-31 15:05:27'),
(934, 3, 'edit', '2011-08-31 15:07:52'),
(935, 3, 'edit', '2011-08-31 15:07:53'),
(936, 3, 'add', '2011-08-31 15:07:55'),
(937, 3, 'add', '2011-08-31 15:08:09'),
(938, 3, 'edit', '2011-08-31 15:17:33'),
(939, 3, 'edit', '2011-08-31 15:17:34'),
(940, 3, 'add', '2011-08-31 15:18:33'),
(941, 3, 'add', '2011-08-31 15:18:53'),
(942, 3, 'edit', '2011-08-31 15:19:02'),
(943, 3, 'edit', '2011-08-31 15:19:04'),
(944, 3, 'add', '2011-08-31 15:19:06'),
(945, 1, 'home', '2011-09-01 10:15:05'),
(946, 1, 'home', '2011-09-01 11:03:54'),
(947, 1, 'login', '2011-09-01 11:03:57'),
(948, 2, 'login', '2011-09-01 11:03:57'),
(949, 2, 'browse', '2011-09-01 11:03:59'),
(950, 2, 'browse', '2011-09-01 11:04:01'),
(951, 2, 'browse', '2011-09-01 11:23:22'),
(952, 2, 'edit', '2011-09-01 11:23:24'),
(953, 2, 'edit', '2011-09-01 11:23:27'),
(954, 2, 'add', '2011-09-01 11:23:41'),
(955, 1, 'home', '2011-09-01 11:24:43'),
(956, 2, 'home', '2011-09-01 11:24:50'),
(957, 1, 'login', '2011-09-01 11:24:50'),
(958, 3, 'login', '2011-09-01 11:24:50'),
(959, 3, 'add', '2011-09-01 11:24:52'),
(960, 2, 'browse', '2011-09-01 11:24:52'),
(961, 3, 'browse', '2011-09-01 11:24:53'),
(962, 2, 'browse', '2011-09-01 11:24:54'),
(963, 3, 'edit', '2011-09-01 11:24:55'),
(964, 3, 'edit', '2011-09-01 11:24:57'),
(965, 3, 'add', '2011-09-01 11:25:01'),
(966, 1, 'home', '2011-09-01 11:25:34'),
(967, 3, 'add', '2011-09-01 11:31:02'),
(968, 3, 'edit', '2011-09-01 11:35:10'),
(969, 3, 'edit', '2011-09-01 11:35:12'),
(970, 3, 'add', '2011-09-01 11:35:18'),
(971, 3, 'home', '2011-09-01 11:37:16'),
(972, 3, 'edit', '2011-09-01 11:37:19'),
(973, 3, 'edit', '2011-09-01 11:37:20'),
(974, 3, 'add', '2011-09-01 11:37:34'),
(975, 2, 'add', '2011-09-01 13:30:49'),
(976, 1, 'home', '2011-09-01 14:16:28'),
(977, 2, 'edit', '2011-09-01 14:49:22'),
(978, 2, 'edit', '2011-09-01 14:49:23'),
(979, 2, 'add', '2011-09-01 14:49:40'),
(980, 1, 'home', '2011-09-01 15:22:14'),
(981, 2, 'add', '2011-09-01 15:55:31'),
(982, 2, 'browse', '2011-09-01 15:55:35'),
(983, 2, 'browse', '2011-09-01 15:55:37'),
(984, 1, 'home', '2011-09-02 12:58:32'),
(985, 1, 'home', '2011-09-02 12:58:33'),
(986, 1, 'home', '2011-09-02 23:34:24'),
(987, 1, 'browse', '2011-09-03 01:14:00'),
(988, 1, 'browse', '2011-09-03 01:14:00'),
(989, 1, 'home', '2011-09-03 10:57:25'),
(990, 1, 'home', '2011-09-03 14:04:40'),
(991, 1, 'home', '2011-09-03 16:19:13'),
(992, 1, 'browse', '2011-09-04 01:59:03'),
(993, 1, 'home', '2011-09-05 08:06:31'),
(994, 1, 'home', '2011-09-05 08:06:32'),
(995, 1, 'home', '2011-09-05 10:38:29'),
(996, 1, 'home', '2011-09-05 11:09:44'),
(997, 1, 'home', '2011-09-05 11:09:50'),
(998, 1, 'login', '2011-09-05 11:10:07'),
(999, 2, 'login', '2011-09-05 11:10:07'),
(1000, 2, 'login', '2011-09-05 11:10:10'),
(1001, 2, 'login', '2011-09-05 11:10:11'),
(1002, 2, 'browse', '2011-09-05 11:10:14'),
(1003, 2, 'browse', '2011-09-05 11:10:17'),
(1004, 2, 'browse', '2011-09-05 11:22:46'),
(1005, 2, 'browse', '2011-09-05 11:22:48'),
(1006, 2, 'edit', '2011-09-05 11:22:50'),
(1007, 2, 'edit', '2011-09-05 11:22:52'),
(1008, 2, 'add', '2011-09-05 11:23:05'),
(1009, 2, 'add', '2011-09-05 12:21:10'),
(1010, 2, 'browse', '2011-09-05 12:21:17'),
(1011, 2, 'browse', '2011-09-05 12:21:18'),
(1012, 2, 'edit', '2011-09-05 12:47:15'),
(1013, 2, 'edit', '2011-09-05 12:47:17'),
(1014, 2, 'add', '2011-09-05 12:47:23'),
(1015, 1, 'home', '2011-09-05 12:54:24'),
(1016, 1, 'home', '2011-09-05 13:57:18'),
(1017, 1, 'home', '2011-09-05 13:58:27'),
(1018, 1, 'browse', '2011-09-05 13:58:30'),
(1019, 1, 'reset', '2011-09-05 13:58:32'),
(1020, 1, 'home', '2011-09-05 14:05:32'),
(1021, 1, 'login', '2011-09-05 14:20:02'),
(1022, 2, 'login', '2011-09-05 14:20:02'),
(1023, 2, 'browse', '2011-09-05 14:20:18'),
(1024, 2, 'edit', '2011-09-05 14:20:31'),
(1025, 2, 'edit', '2011-09-05 14:20:32'),
(1026, 2, 'add', '2011-09-05 14:20:39'),
(1027, 2, 'add', '2011-09-05 14:29:56'),
(1028, 1, 'home', '2011-09-05 18:44:16'),
(1029, 1, 'browse', '2011-09-06 08:11:28'),
(1030, 1, 'browse', '2011-09-06 08:11:29'),
(1031, 1, 'home', '2011-09-06 12:34:59'),
(1032, 1, 'home', '2011-09-06 14:40:09'),
(1033, 1, 'login', '2011-09-06 14:40:14'),
(1034, 3, 'login', '2011-09-06 14:40:15'),
(1035, 3, 'edit', '2011-09-06 14:40:21'),
(1036, 3, 'edit', '2011-09-06 14:40:25'),
(1037, 3, 'add', '2011-09-06 14:42:44'),
(1038, 3, 'edit', '2011-09-06 14:42:59'),
(1039, 3, 'edit', '2011-09-06 14:43:01'),
(1040, 3, 'add', '2011-09-06 14:43:13'),
(1041, 3, 'home', '2011-09-06 14:45:36'),
(1042, 3, 'add', '2011-09-06 14:45:39'),
(1043, 3, 'edit', '2011-09-06 14:45:41'),
(1044, 3, 'edit', '2011-09-06 14:45:43'),
(1045, 3, 'add', '2011-09-06 14:45:45'),
(1046, 3, 'edit', '2011-09-06 14:46:05'),
(1047, 3, 'add', '2011-09-06 14:46:07'),
(1048, 3, 'add', '2011-09-06 15:42:11'),
(1049, 3, 'edit', '2011-09-06 15:42:16'),
(1050, 3, 'edit', '2011-09-06 15:42:18'),
(1051, 3, 'add', '2011-09-06 15:42:19'),
(1052, 3, 'edit', '2011-09-06 15:45:47'),
(1053, 3, 'edit', '2011-09-06 15:45:49'),
(1054, 3, 'add', '2011-09-06 15:46:06'),
(1055, 3, 'edit', '2011-09-06 15:46:10'),
(1056, 3, 'add', '2011-09-06 15:46:24'),
(1057, 3, 'browse', '2011-09-06 15:56:42'),
(1058, 3, 'browse', '2011-09-06 15:56:44'),
(1059, 3, 'edit', '2011-09-06 16:04:42'),
(1060, 3, 'edit', '2011-09-06 16:04:43'),
(1061, 3, 'add', '2011-09-06 16:04:45'),
(1062, 3, 'edit', '2011-09-06 16:06:46'),
(1063, 3, 'add', '2011-09-06 16:06:50'),
(1064, 3, 'add', '2011-09-06 16:07:39'),
(1065, 3, 'edit', '2011-09-06 16:07:42'),
(1066, 3, 'edit', '2011-09-06 16:07:45'),
(1067, 3, 'add', '2011-09-06 16:07:46'),
(1068, 1, 'home', '2011-09-06 18:29:46'),
(1069, 1, 'home', '2011-09-06 23:12:52'),
(1070, 1, 'home', '2011-09-06 23:12:53'),
(1071, 1, 'home', '2011-09-07 10:47:22'),
(1072, 1, 'login', '2011-09-07 10:47:27'),
(1073, 2, 'login', '2011-09-07 10:47:27'),
(1074, 2, 'browse', '2011-09-07 10:47:29'),
(1075, 2, 'browse', '2011-09-07 10:47:31'),
(1076, 2, 'home', '2011-09-07 10:48:57'),
(1077, 2, 'edit', '2011-09-07 10:49:06'),
(1078, 2, 'edit', '2011-09-07 10:49:07'),
(1079, 2, 'add', '2011-09-07 10:50:15'),
(1080, 2, 'home', '2011-09-07 10:53:05'),
(1081, 1, 'home', '2011-09-07 11:27:07'),
(1082, 1, 'login', '2011-09-07 11:27:15'),
(1083, 3, 'login', '2011-09-07 11:27:16'),
(1084, 3, 'edit', '2011-09-07 11:27:18'),
(1085, 3, 'edit', '2011-09-07 11:27:22'),
(1086, 3, 'add', '2011-09-07 11:27:31'),
(1087, 2, 'browse', '2011-09-07 12:57:29'),
(1088, 2, 'browse', '2011-09-07 12:57:31'),
(1089, 2, 'add', '2011-09-07 12:57:53'),
(1090, 2, 'browse', '2011-09-07 12:57:59'),
(1091, 2, 'browse', '2011-09-07 12:58:00'),
(1092, 2, 'edit', '2011-09-07 12:58:06'),
(1093, 2, 'edit', '2011-09-07 12:58:08'),
(1094, 2, 'browse', '2011-09-07 12:58:44'),
(1095, 2, 'browse', '2011-09-07 12:58:46'),
(1096, 2, 'edit', '2011-09-07 13:55:04'),
(1097, 2, 'edit', '2011-09-07 13:55:06'),
(1098, 2, 'add', '2011-09-07 13:55:19'),
(1099, 2, 'edit', '2011-09-07 14:07:13'),
(1100, 2, 'edit', '2011-09-07 14:07:15'),
(1101, 2, 'add', '2011-09-07 14:07:17'),
(1102, 2, 'add', '2011-09-07 14:07:27'),
(1103, 2, 'browse', '2011-09-07 14:07:30'),
(1104, 2, 'add', '2011-09-07 14:28:06'),
(1105, 2, 'edit', '2011-09-07 14:28:11'),
(1106, 2, 'edit', '2011-09-07 14:28:14'),
(1107, 1, 'browse', '2011-09-07 17:54:32'),
(1108, 1, 'browse', '2011-09-07 17:54:32'),
(1109, 3, 'edit', '2011-09-07 22:57:03'),
(1110, 3, 'edit', '2011-09-07 22:57:06'),
(1111, 1, 'home', '2011-09-08 04:44:40'),
(1112, 1, 'home', '2011-09-08 11:59:26'),
(1113, 3, 'add', '2011-09-08 12:43:12'),
(1114, 3, 'home', '2011-09-08 12:43:12'),
(1115, 3, 'browse', '2011-09-08 12:56:27'),
(1116, 3, 'browse', '2011-09-08 12:56:29'),
(1117, 3, 'edit', '2011-09-08 12:56:31'),
(1118, 3, 'edit', '2011-09-08 12:56:34'),
(1119, 3, 'add', '2011-09-08 12:56:35'),
(1120, 3, 'add', '2011-09-08 13:17:00'),
(1121, 3, 'edit', '2011-09-08 13:17:03'),
(1122, 3, 'edit', '2011-09-08 13:17:04'),
(1123, 3, 'add', '2011-09-08 13:17:06'),
(1124, 3, 'edit', '2011-09-08 13:17:10'),
(1125, 3, 'add', '2011-09-08 13:17:11'),
(1126, 3, 'edit', '2011-09-08 13:17:17'),
(1127, 3, 'home', '2011-09-08 14:01:47'),
(1128, 3, 'browse', '2011-09-08 14:01:49'),
(1129, 3, 'add', '2011-09-08 14:01:50'),
(1130, 3, 'add', '2011-09-08 14:01:52'),
(1131, 3, 'edit', '2011-09-08 14:01:54'),
(1132, 3, 'edit', '2011-09-08 14:01:55'),
(1133, 3, 'add', '2011-09-08 14:02:07'),
(1134, 3, 'edit', '2011-09-08 14:45:39'),
(1135, 3, 'add', '2011-09-08 14:46:12'),
(1136, 3, 'browse', '2011-09-08 14:46:48'),
(1137, 3, 'browse', '2011-09-08 14:46:50'),
(1138, 1, 'home', '2011-09-08 14:47:28'),
(1139, 1, 'login', '2011-09-08 14:47:30'),
(1140, 2, 'login', '2011-09-08 14:47:30'),
(1141, 2, 'browse', '2011-09-08 14:47:32'),
(1142, 2, 'browse', '2011-09-08 14:47:33'),
(1143, 3, 'edit', '2011-09-08 14:59:11'),
(1144, 3, 'edit', '2011-09-08 14:59:13'),
(1145, 3, 'add', '2011-09-08 14:59:44'),
(1146, 2, 'edit', '2011-09-08 15:00:26'),
(1147, 2, 'edit', '2011-09-08 15:00:27'),
(1148, 2, 'add', '2011-09-08 15:00:30'),
(1149, 1, 'home', '2011-09-08 16:44:57'),
(1150, 1, 'home', '2011-09-09 00:24:09'),
(1151, 1, 'home', '2011-09-09 00:24:10'),
(1152, 1, 'home', '2011-09-09 09:41:10'),
(1153, 1, 'home', '2011-09-09 11:02:46'),
(1154, 2, 'home', '2011-09-09 14:02:35'),
(1155, 2, 'edit', '2011-09-09 14:02:39'),
(1156, 2, 'edit', '2011-09-09 14:02:41'),
(1157, 2, 'add', '2011-09-09 14:03:25'),
(1158, 2, 'edit', '2011-09-09 14:03:32'),
(1159, 2, 'edit', '2011-09-09 14:03:34'),
(1160, 2, 'add', '2011-09-09 14:03:42'),
(1161, 2, 'home', '2011-09-09 14:05:07'),
(1162, 2, 'browse', '2011-09-09 14:05:10'),
(1163, 2, 'browse', '2011-09-09 14:05:11'),
(1164, 2, 'browse', '2011-09-09 14:45:56'),
(1165, 2, 'browse', '2011-09-09 14:45:57'),
(1166, 2, 'add', '2011-09-09 14:46:03'),
(1167, 1, 'home', '2011-09-10 05:39:55'),
(1168, 1, 'home', '2011-09-10 05:39:55'),
(1169, 1, 'home', '2011-09-10 14:06:58'),
(1170, 1, 'home', '2011-09-10 15:43:02'),
(1171, 1, 'browse', '2011-09-10 15:43:03'),
(1172, 1, 'browse', '2011-09-10 22:20:35'),
(1173, 1, 'browse', '2011-09-11 02:56:53'),
(1174, 1, 'browse', '2011-09-11 02:56:53'),
(1175, 1, 'home', '2011-09-11 13:46:10'),
(1176, 1, 'home', '2011-09-11 13:46:10'),
(1177, 1, 'home', '2011-09-11 21:26:04'),
(1178, 1, 'home', '2011-09-12 05:50:30'),
(1179, 1, 'home', '2011-09-12 05:50:32'),
(1180, 1, 'home', '2011-09-12 07:40:59'),
(1181, 1, 'home', '2011-09-12 07:40:59'),
(1182, 1, 'home', '2011-09-12 11:11:37'),
(1183, 1, 'reset', '2011-09-12 13:55:04'),
(1184, 1, 'home', '2011-09-12 14:12:32'),
(1185, 1, 'home', '2011-09-12 15:58:32'),
(1186, 1, 'login', '2011-09-12 15:58:34'),
(1187, 2, 'login', '2011-09-12 15:58:34'),
(1188, 2, 'browse', '2011-09-12 15:58:35'),
(1189, 2, 'browse', '2011-09-12 15:58:36'),
(1190, 2, 'edit', '2011-09-12 15:59:12'),
(1191, 2, 'edit', '2011-09-12 15:59:13'),
(1192, 2, 'add', '2011-09-12 15:59:18'),
(1193, 2, 'add', '2011-09-12 15:59:24'),
(1194, 1, 'home', '2011-09-12 16:03:42'),
(1195, 1, 'browse', '2011-09-12 16:03:46'),
(1196, 1, 'home', '2011-09-12 17:15:21'),
(1197, 2, 'home', '2011-09-12 17:15:40'),
(1198, 2, 'browse', '2011-09-12 17:15:43'),
(1199, 2, 'browse', '2011-09-12 17:15:45'),
(1200, 2, 'edit', '2011-09-12 17:22:00'),
(1201, 2, 'edit', '2011-09-12 17:22:03'),
(1202, 2, 'add', '2011-09-12 17:22:09'),
(1203, 2, 'add', '2011-09-12 17:23:32'),
(1204, 2, 'logout', '2011-09-12 17:23:55'),
(1205, 1, 'home', '2011-09-12 17:23:55'),
(1206, 1, 'home', '2011-09-12 18:14:18'),
(1207, 1, 'map', '2011-09-12 18:18:35'),
(1208, 1, 'map', '2011-09-12 18:18:38'),
(1209, 1, 'map', '2011-09-12 18:19:04'),
(1210, 1, 'map', '2011-09-12 18:24:05'),
(1211, 1, 'home', '2011-09-12 21:51:07'),
(1212, 1, 'map', '2011-09-12 21:56:20'),
(1213, 1, 'map', '2011-09-12 21:57:55'),
(1214, 1, 'map', '2011-09-12 22:02:35'),
(1215, 1, 'map', '2011-09-12 22:02:39'),
(1216, 1, 'map', '2011-09-12 22:03:18'),
(1217, 1, 'map', '2011-09-12 22:03:48'),
(1218, 1, 'map', '2011-09-12 22:04:02'),
(1219, 1, 'map', '2011-09-12 22:04:07'),
(1220, 1, 'map', '2011-09-12 22:04:24'),
(1221, 1, 'map', '2011-09-12 22:07:16'),
(1222, 1, 'map', '2011-09-12 22:08:07'),
(1223, 1, 'map', '2011-09-12 23:33:39'),
(1224, 1, 'home', '2011-09-13 23:49:58'),
(1225, 1, 'browse', '2011-09-13 23:50:02'),
(1226, 1, 'browse', '2011-09-13 23:50:04'),
(1227, 1, 'browse', '2011-09-13 23:51:19'),
(1228, 1, 'browse', '2011-09-13 23:52:10'),
(1229, 1, 'browse', '2011-09-13 23:55:49'),
(1230, 1, 'browse', '2011-09-13 23:55:54'),
(1231, 1, 'browse', '2011-09-13 23:56:00'),
(1232, 1, 'browse', '2011-09-13 23:56:03'),
(1233, 1, 'map', '2011-09-14 00:19:36'),
(1234, 1, 'map', '2011-09-14 00:20:17'),
(1235, 1, 'home', '2011-09-14 00:20:44'),
(1236, 1, 'map', '2011-09-14 00:20:47'),
(1237, 1, 'map', '2011-09-14 00:21:17'),
(1238, 1, 'map', '2011-09-14 00:21:20'),
(1239, 1, 'map', '2011-09-14 00:23:38'),
(1240, 1, 'map', '2011-09-14 00:24:18'),
(1241, 1, 'map', '2011-09-14 00:27:18'),
(1242, 1, 'map', '2011-09-14 00:27:32'),
(1243, 1, 'map', '2011-09-14 00:27:39'),
(1244, 1, 'map', '2011-09-14 00:27:45'),
(1245, 1, 'map', '2011-09-14 00:28:06'),
(1246, 1, 'browse', '2011-09-14 00:32:54'),
(1247, 1, 'browse', '2011-09-14 00:32:56'),
(1248, 1, 'browse', '2011-09-14 00:33:00'),
(1249, 1, 'browse', '2011-09-14 00:33:02'),
(1250, 1, 'map', '2011-09-14 08:57:33'),
(1251, 1, 'home', '2011-09-14 21:51:36'),
(1252, 1, 'login', '2011-09-14 21:51:39'),
(1253, 3, 'login', '2011-09-14 21:51:40'),
(1254, 3, 'browse', '2011-09-14 21:59:15'),
(1255, 3, 'browse', '2011-09-14 21:59:17'),
(1256, 3, 'browse', '2011-09-14 22:58:54'),
(1257, 3, 'browse', '2011-09-14 22:58:59'),
(1258, 3, 'browse', '2011-09-14 23:03:05'),
(1259, 3, 'browse', '2011-09-14 23:03:07');
INSERT INTO `users_statistics` (`id`, `user`, `page`, `epoch`) VALUES
(1260, 1, 'home', '2011-09-14 23:04:58'),
(1261, 1, 'browse', '2011-09-14 23:05:00'),
(1262, 1, 'browse', '2011-09-14 23:05:02'),
(1263, 1, 'browse', '2011-09-14 23:06:25'),
(1264, 1, 'browse', '2011-09-14 23:06:37'),
(1265, 1, 'browse', '2011-09-14 23:14:46'),
(1266, 1, 'browse', '2011-09-14 23:16:13'),
(1267, 1, 'browse', '2011-09-14 23:18:48'),
(1268, 3, 'browse', '2011-09-14 23:21:05'),
(1269, 1, 'browse', '2011-09-14 23:22:31'),
(1270, 1, 'browse', '2011-09-14 23:23:04'),
(1271, 1, 'browse', '2011-09-14 23:25:43'),
(1272, 3, 'browse', '2011-09-14 23:25:51'),
(1273, 3, 'browse', '2011-09-14 23:26:42'),
(1274, 3, 'logout', '2011-09-14 23:26:50'),
(1275, 1, 'map', '2011-09-14 23:26:53'),
(1276, 1, 'browse', '2011-09-14 23:26:57'),
(1277, 1, 'browse', '2011-09-14 23:27:01'),
(1278, 1, 'login', '2011-09-14 23:27:04'),
(1279, 3, 'login', '2011-09-14 23:27:07'),
(1280, 3, 'browse', '2011-09-14 23:27:11'),
(1281, 3, 'edit', '2011-09-14 23:27:20'),
(1282, 3, 'add', '2011-09-14 23:27:21'),
(1283, 3, 'add', '2011-09-14 23:27:23'),
(1284, 1, 'browse', '2011-09-14 23:31:12'),
(1285, 1, 'browse', '2011-09-14 23:34:04'),
(1286, 1, 'login', '2011-09-14 23:40:45'),
(1287, 3, 'login', '2011-09-14 23:40:46'),
(1288, 3, 'edit', '2011-09-14 23:40:57'),
(1289, 3, 'edit', '2011-09-14 23:41:04'),
(1290, 3, 'add', '2011-09-14 23:41:08'),
(1291, 3, 'add', '2011-09-14 23:41:10'),
(1292, 3, 'map', '2011-09-14 23:44:06'),
(1293, 3, 'browse', '2011-09-14 23:52:29'),
(1294, 3, 'browse', '2011-09-14 23:53:22'),
(1295, 3, 'browse', '2011-09-14 23:54:03'),
(1296, 3, 'browse', '2011-09-14 23:54:05'),
(1297, 3, 'browse', '2011-09-14 23:55:01'),
(1298, 3, 'browse', '2011-09-14 23:55:51'),
(1299, 3, 'browse', '2011-09-14 23:57:26'),
(1300, 3, 'browse', '2011-09-14 23:57:31'),
(1301, 3, 'browse', '2011-09-15 00:00:21'),
(1302, 3, 'browse', '2011-09-15 00:00:36'),
(1303, 3, 'browse', '2011-09-15 00:03:53'),
(1304, 3, 'browse', '2011-09-15 00:04:18'),
(1305, 3, 'browse', '2011-09-15 00:05:25'),
(1306, 3, 'logout', '2011-09-15 00:05:33'),
(1307, 1, 'home', '2011-09-15 00:05:34'),
(1308, 1, 'browse', '2011-09-15 00:05:44'),
(1309, 1, 'map', '2011-09-15 00:29:39'),
(1310, 1, 'browse', '2011-09-15 00:29:45'),
(1311, 1, 'browse', '2011-09-15 00:30:44'),
(1312, 1, 'browse', '2011-09-15 00:31:46'),
(1313, 1, 'browse', '2011-09-15 00:32:58'),
(1314, 1, 'browse', '2011-09-15 00:34:03'),
(1315, 1, 'browse', '2011-09-15 00:35:10'),
(1316, 1, 'browse', '2011-09-15 00:36:34'),
(1317, 1, 'browse', '2011-09-15 00:36:45'),
(1318, 1, 'browse', '2011-09-15 00:46:06'),
(1319, 1, 'browse', '2011-09-15 00:46:21'),
(1320, 1, 'browse', '2011-09-15 00:47:22'),
(1321, 1, 'browse', '2011-09-15 00:49:04'),
(1322, 1, 'browse', '2011-09-15 00:49:17'),
(1323, 1, 'browse', '2011-09-15 00:50:46'),
(1324, 1, 'browse', '2011-09-15 00:51:39'),
(1325, 1, 'browse', '2011-09-15 00:54:57'),
(1326, 1, 'browse', '2011-09-15 00:55:17'),
(1327, 1, 'browse', '2011-09-15 00:57:12'),
(1328, 1, 'browse', '2011-09-15 00:57:31'),
(1329, 1, 'browse', '2011-09-15 00:58:33'),
(1330, 1, 'browse', '2011-09-15 00:59:18'),
(1331, 3, 'browse', '2011-09-15 01:04:39'),
(1332, 1, 'browse', '2011-09-15 01:04:48'),
(1333, 1, 'browse', '2011-09-15 01:05:02'),
(1334, 1, 'browse', '2011-09-15 01:05:27'),
(1335, 1, 'browse', '2011-09-15 01:23:53'),
(1336, 1, 'browse', '2011-09-15 01:24:41'),
(1337, 1, 'browse', '2011-09-15 01:24:52'),
(1338, 1, 'browse', '2011-09-15 01:29:21'),
(1339, 3, 'browse', '2011-09-15 01:29:45'),
(1340, 3, 'browse', '2011-09-15 01:29:47'),
(1341, 1, 'browse', '2011-09-15 01:30:45'),
(1342, 1, 'browse', '2011-09-15 01:31:18'),
(1343, 1, 'browse', '2011-09-15 01:32:47'),
(1344, 1, 'browse', '2011-09-15 01:32:53'),
(1345, 1, 'browse', '2011-09-15 01:38:45'),
(1346, 1, 'browse', '2011-09-15 01:38:57'),
(1347, 3, 'edit', '2011-09-15 15:45:40'),
(1348, 3, 'edit', '2011-09-15 15:45:43'),
(1349, 3, 'edit', '2011-09-15 15:46:21'),
(1350, 3, 'home', '2011-09-15 15:46:23'),
(1351, 3, 'edit', '2011-09-15 15:46:26'),
(1352, 3, 'edit', '2011-09-15 15:46:33'),
(1353, 3, 'map', '2011-09-15 15:46:46'),
(1354, 3, 'edit', '2011-09-15 15:47:01'),
(1355, 3, 'edit', '2011-09-15 15:47:05'),
(1356, 3, 'edit', '2011-09-15 15:47:09'),
(1357, 1, 'map', '2011-09-15 20:50:16'),
(1358, 1, 'map', '2011-09-15 20:50:16'),
(1359, 1, 'map', '2011-09-15 20:52:52'),
(1360, 1, 'home', '2011-09-15 20:53:04'),
(1361, 3, 'home', '2011-09-18 21:37:22'),
(1362, 3, 'browse', '2011-09-18 21:37:32'),
(1363, 3, 'browse', '2011-09-18 21:37:38'),
(1364, 3, 'browse', '2011-09-18 21:37:44'),
(1365, 3, 'browse', '2011-09-18 21:38:07'),
(1366, 3, 'home', '2011-09-18 21:38:25'),
(1367, 3, 'browse', '2011-09-18 21:38:30'),
(1368, 1, 'home', '2011-09-23 15:59:32'),
(1369, 1, 'login', '2011-09-23 16:01:32'),
(1370, 3, 'login', '2011-09-23 16:01:33'),
(1371, 3, 'map', '2011-09-23 16:01:36'),
(1372, 3, 'map', '2011-09-23 16:01:53'),
(1373, 3, 'edit', '2011-09-23 16:03:36'),
(1374, 3, 'edit', '2011-09-23 16:03:38'),
(1375, 3, 'add', '2011-09-23 16:03:43'),
(1376, 1, 'home', '2011-09-23 16:04:22'),
(1377, 1, 'login', '2011-09-23 16:04:29'),
(1378, 3, 'login', '2011-09-23 16:04:30'),
(1379, 3, 'map', '2011-09-23 16:04:58'),
(1380, 3, 'edit', '2011-09-23 16:23:40'),
(1381, 3, 'add', '2011-09-23 16:23:47'),
(1382, 3, 'add', '2011-09-23 16:23:48'),
(1383, 3, 'edit', '2011-09-23 16:27:39'),
(1384, 3, 'add', '2011-09-23 16:27:42'),
(1385, 3, 'add', '2011-09-23 16:30:59'),
(1386, 3, 'add', '2011-09-23 16:44:09'),
(1387, 3, 'add', '2011-09-23 16:44:25'),
(1388, 3, 'add', '2011-09-23 16:44:28'),
(1389, 3, 'add', '2011-09-23 16:44:45'),
(1390, 3, 'add', '2011-09-23 16:44:48'),
(1391, 3, 'edit', '2011-09-23 16:44:54'),
(1392, 3, 'edit', '2011-09-23 16:45:15'),
(1393, 3, 'add', '2011-09-23 16:45:21'),
(1394, 3, 'add', '2011-09-23 16:45:50'),
(1395, 3, 'add', '2011-09-23 16:45:57'),
(1396, 3, 'add', '2011-09-23 16:46:30'),
(1397, 3, 'add', '2011-09-23 17:09:17'),
(1398, 1, 'login', '2011-09-23 17:29:17'),
(1399, 3, 'login', '2011-09-23 17:29:21'),
(1400, 3, 'login', '2011-09-23 17:29:26'),
(1401, 3, 'add', '2011-09-23 17:29:30'),
(1402, 3, 'add', '2011-09-23 17:29:32'),
(1403, 3, 'edit', '2011-09-24 22:10:28'),
(1404, 3, 'edit', '2011-09-24 22:10:30'),
(1405, 3, 'add', '2011-09-24 22:10:32'),
(1406, 3, 'add', '2011-09-24 22:11:56'),
(1407, 3, 'add', '2011-09-24 22:11:57'),
(1408, 3, 'home', '2011-09-24 22:13:40'),
(1409, 3, 'add', '2011-09-24 22:13:46'),
(1410, 3, 'map', '2011-09-24 22:13:58'),
(1411, 3, 'browse', '2011-09-24 22:14:02'),
(1412, 3, 'browse', '2011-09-24 22:14:03'),
(1413, 3, 'add', '2011-09-24 22:14:08'),
(1414, 3, 'add', '2011-09-24 22:20:43'),
(1415, 3, 'home', '2011-09-24 22:21:17'),
(1416, 3, 'home', '2011-09-24 22:21:18'),
(1417, 3, 'add', '2011-09-24 22:21:24'),
(1418, 3, 'add', '2011-09-24 22:22:17'),
(1419, 1, 'home', '2011-09-24 22:23:32'),
(1420, 1, 'login', '2011-09-24 22:23:43'),
(1421, 3, 'login', '2011-09-24 22:23:43'),
(1422, 3, 'browse', '2011-09-24 22:23:45'),
(1423, 3, 'browse', '2011-09-24 22:23:47'),
(1424, 3, 'add', '2011-09-24 22:23:50'),
(1425, 3, 'add', '2011-09-24 22:23:52'),
(1426, 3, 'browse', '2011-09-24 22:33:49'),
(1427, 3, 'browse', '2011-09-24 22:33:52'),
(1428, 3, 'browse', '2011-09-24 22:33:57'),
(1429, 3, 'browse', '2011-09-24 22:34:02'),
(1430, 3, 'browse', '2011-09-24 22:34:06'),
(1431, 3, 'browse', '2011-09-24 22:34:09'),
(1432, 3, 'browse', '2011-09-24 22:34:15'),
(1433, 3, 'browse', '2011-09-24 22:34:24'),
(1434, 3, 'browse', '2011-09-24 22:34:40'),
(1435, 3, 'browse', '2011-09-24 22:34:42'),
(1436, 3, 'browse', '2011-09-24 22:34:44'),
(1437, 3, 'browse', '2011-09-24 22:34:49'),
(1438, 3, 'browse', '2011-09-24 22:34:56'),
(1439, 3, 'browse', '2011-09-24 22:35:02'),
(1440, 3, 'logout', '2011-09-24 22:35:05'),
(1441, 1, 'browse', '2011-09-24 22:35:10'),
(1442, 1, 'login', '2011-09-24 22:35:14'),
(1443, 3, 'login', '2011-09-24 22:37:52'),
(1444, 3, 'login', '2011-09-24 22:37:57'),
(1445, 3, 'browse', '2011-09-24 22:38:00'),
(1446, 3, 'add', '2011-09-24 22:38:11'),
(1447, 3, 'logout', '2011-09-24 22:38:12'),
(1448, 1, 'browse', '2011-09-24 22:38:17'),
(1449, 1, 'login', '2011-09-24 22:38:19'),
(1450, 3, 'login', '2011-09-24 22:38:25'),
(1451, 3, 'add', '2011-09-24 22:38:28'),
(1452, 3, 'logout', '2011-09-24 22:38:31'),
(1453, 1, 'browse', '2011-09-24 22:38:35'),
(1454, 1, 'login', '2011-09-24 22:38:36'),
(1455, 3, 'login', '2011-09-24 22:39:35'),
(1456, 3, 'browse', '2011-09-24 22:39:37'),
(1457, 3, 'logout', '2011-09-24 22:39:39'),
(1458, 3, 'browse', '2011-09-24 22:41:21'),
(1459, 3, 'browse', '2011-09-24 22:41:26'),
(1460, 3, 'add', '2011-09-24 22:41:50'),
(1461, 3, 'browse', '2011-09-24 22:49:14'),
(1462, 3, 'browse', '2011-09-24 22:49:23'),
(1463, 3, 'browse', '2011-09-24 22:49:25'),
(1464, 3, 'browse', '2011-09-24 22:49:35'),
(1465, 3, 'browse', '2011-09-24 22:49:37'),
(1466, 1, 'home', '2011-09-30 13:54:01'),
(1467, 1, 'login', '2011-09-30 14:14:09'),
(1468, 3, 'login', '2011-09-30 14:14:10'),
(1469, 3, 'logout', '2011-09-30 14:14:16'),
(1470, 1, 'logout', '2011-09-30 14:14:20'),
(1471, 1, 'logout', '2011-09-30 14:14:23'),
(1472, 1, 'home', '2011-09-30 14:14:26'),
(1473, 1, 'registration_q', '2011-09-30 14:14:32'),
(1474, 1, 'home', '2011-10-04 10:56:52'),
(1475, 1, 'login', '2011-10-04 10:56:55'),
(1476, 3, 'login', '2011-10-04 10:56:56'),
(1477, 3, 'browse', '2011-10-04 10:57:03'),
(1478, 3, 'browse', '2011-10-04 10:57:06'),
(1479, 3, 'browse', '2011-10-04 10:58:18'),
(1480, 3, 'browse', '2011-10-04 10:58:29'),
(1481, 3, 'browse', '2011-10-04 10:58:51'),
(1482, 3, 'logout', '2011-10-04 11:16:48'),
(1483, 1, 'browse', '2011-10-04 11:16:52'),
(1484, 1, 'login', '2011-10-04 11:17:00'),
(1485, 3, 'login', '2011-10-04 11:17:02'),
(1486, 3, 'browse', '2011-10-04 11:17:05');

-- --------------------------------------------------------

--
-- Table structure for table `wavelength_ranges`
--

DROP TABLE IF EXISTS `wavelength_ranges`;
CREATE TABLE IF NOT EXISTS `wavelength_ranges` (
  `id` int(10) unsigned NOT NULL AUTO_INCREMENT,
  `acronym` text NOT NULL,
  `name` text NOT NULL,
  PRIMARY KEY (`id`)
) ENGINE=MyISAM  DEFAULT CHARSET=latin1 AUTO_INCREMENT=14 ;

--
-- Dumping data for table `wavelength_ranges`
--

INSERT INTO `wavelength_ranges` (`id`, `acronym`, `name`) VALUES
(1, 'radiowaves', 'radio frequencies'),
(2, 'radiowave (VHF)', 'very high frequency'),
(3, 'radiowave (HF)', 'high frequency'),
(4, 'radiowave (MF)', 'medium frequency'),
(5, 'radiowave (LF)', 'low frequency'),
(6, 'microwaves', 'microwave frequencies'),
(7, 'microwave (EHF)', 'extremely high frequency'),
(8, 'microwave (SHF)', 'super high frequency'),
(9, 'microwave (UHF)', 'ultra high frequency'),
(10, 'submillimeter', 'terahertz frequency'),
(11, 'infrared (IR)', 'infrared frequencies'),
(12, 'optical', 'visible light frequencies'),
(13, 'ultraviolet (UV)', 'ultraviolet light frequencies');

-- --------------------------------------------------------

--
-- Table structure for table `wavelength_units`
--

DROP TABLE IF EXISTS `wavelength_units`;
CREATE TABLE IF NOT EXISTS `wavelength_units` (
  `id` int(10) unsigned NOT NULL AUTO_INCREMENT,
  `wavelength_unit` varchar(10) NOT NULL,
  PRIMARY KEY (`id`)
) ENGINE=InnoDB  DEFAULT CHARSET=latin1 AUTO_INCREMENT=7 ;

--
-- Dumping data for table `wavelength_units`
--

INSERT INTO `wavelength_units` (`id`, `wavelength_unit`) VALUES
(1, '---'),
(2, 'Hz'),
(3, 'KHz'),
(4, 'MHz'),
(5, 'GHz'),
(6, 'THz');

--
-- Constraints for dumped tables
--

--
-- Constraints for table `additional_information`
--
ALTER TABLE `additional_information`
  ADD CONSTRAINT `observatory_id_4` FOREIGN KEY (`id`) REFERENCES `observatories` (`id`) ON DELETE CASCADE ON UPDATE NO ACTION;

--
-- Constraints for table `hidden_fields`
--
ALTER TABLE `hidden_fields`
  ADD CONSTRAINT `observatory_id_5` FOREIGN KEY (`id`) REFERENCES `observatories` (`id`) ON DELETE CASCADE ON UPDATE NO ACTION;

--
-- Constraints for table `instruments`
--
ALTER TABLE `instruments`
  ADD CONSTRAINT `instrument_type_id` FOREIGN KEY (`instrument_type`) REFERENCES `instrument_types` (`id`) ON DELETE NO ACTION ON UPDATE NO ACTION,
  ADD CONSTRAINT `wavelength_unit_id_3` FOREIGN KEY (`wavelength_b_unit`) REFERENCES `wavelength_units` (`id`) ON DELETE NO ACTION ON UPDATE NO ACTION,
  ADD CONSTRAINT `wavelength_unit_id_4` FOREIGN KEY (`wavelength_e_unit`) REFERENCES `wavelength_units` (`id`) ON DELETE NO ACTION ON UPDATE NO ACTION;

--
-- Constraints for table `observatories`
--
ALTER TABLE `observatories`
  ADD CONSTRAINT `clear_nights_id` FOREIGN KEY (`clear_nights`) REFERENCES `clearnights_ranges` (`id`) ON DELETE NO ACTION ON UPDATE NO ACTION,
  ADD CONSTRAINT `country_id` FOREIGN KEY (`country_id`) REFERENCES `countries` (`id`) ON DELETE NO ACTION ON UPDATE NO ACTION,
  ADD CONSTRAINT `precipitation_id` FOREIGN KEY (`precipitation`) REFERENCES `precipitation_ranges` (`id`) ON DELETE NO ACTION ON UPDATE NO ACTION,
  ADD CONSTRAINT `timezone_id` FOREIGN KEY (`timezone`) REFERENCES `timezones` (`id`) ON DELETE NO ACTION ON UPDATE NO ACTION;

--
-- Constraints for table `observatory_to_research_areas`
--
ALTER TABLE `observatory_to_research_areas`
  ADD CONSTRAINT `observatory_id_3` FOREIGN KEY (`observatory_id`) REFERENCES `observatories` (`id`) ON DELETE CASCADE ON UPDATE NO ACTION,
  ADD CONSTRAINT `research_area_id_1` FOREIGN KEY (`research_area_id`) REFERENCES `research_areas` (`id`) ON DELETE NO ACTION ON UPDATE NO ACTION;

--
-- Constraints for table `observatory_to_scientific_contacts`
--
ALTER TABLE `observatory_to_scientific_contacts`
  ADD CONSTRAINT `observatory_id_1` FOREIGN KEY (`observatory_id`) REFERENCES `observatories` (`id`) ON DELETE CASCADE ON UPDATE NO ACTION,
  ADD CONSTRAINT `scientific_contact_id_1` FOREIGN KEY (`scientific_contact_id`) REFERENCES `scientific_contacts` (`id`) ON DELETE CASCADE ON UPDATE NO ACTION;

--
-- Constraints for table `observatory_to_targets`
--
ALTER TABLE `observatory_to_targets`
  ADD CONSTRAINT `observatory_id_7` FOREIGN KEY (`observatory_id`) REFERENCES `observatories` (`id`) ON DELETE CASCADE ON UPDATE NO ACTION,
  ADD CONSTRAINT `target_id_1` FOREIGN KEY (`target_id`) REFERENCES `targets` (`id`) ON DELETE NO ACTION ON UPDATE NO ACTION;

--
-- Constraints for table `observatory_to_telescopes`
--
ALTER TABLE `observatory_to_telescopes`
  ADD CONSTRAINT `observatory_id_2` FOREIGN KEY (`observatory_id`) REFERENCES `observatories` (`id`) ON DELETE CASCADE ON UPDATE NO ACTION,
  ADD CONSTRAINT `telescope_id_1` FOREIGN KEY (`telescope_id`) REFERENCES `telescopes` (`id`) ON DELETE CASCADE ON UPDATE NO ACTION;

--
-- Constraints for table `sensor_to_science_goals`
--
ALTER TABLE `sensor_to_science_goals`
  ADD CONSTRAINT `science_goal_id` FOREIGN KEY (`science_goal_id`) REFERENCES `science_goals` (`id`) ON DELETE NO ACTION ON UPDATE NO ACTION,
  ADD CONSTRAINT `sensor_id_3` FOREIGN KEY (`sensor_id`) REFERENCES `sensors` (`id`) ON DELETE CASCADE ON UPDATE NO ACTION;

--
-- Constraints for table `sensor_to_scientific_contacts`
--
ALTER TABLE `sensor_to_scientific_contacts`
  ADD CONSTRAINT `scientific_contact_id_2` FOREIGN KEY (`scientific_contact_id`) REFERENCES `scientific_contacts` (`id`) ON DELETE CASCADE ON UPDATE NO ACTION,
  ADD CONSTRAINT `sensor_id_2` FOREIGN KEY (`sensor_id`) REFERENCES `sensors` (`id`) ON DELETE CASCADE ON UPDATE NO ACTION;

--
-- Constraints for table `space_missions`
--
ALTER TABLE `space_missions`
  ADD CONSTRAINT `mission_agency_id` FOREIGN KEY (`mission_agency`) REFERENCES `agencies` (`id`) ON DELETE NO ACTION ON UPDATE NO ACTION;

--
-- Constraints for table `space_mission_to_research_areas`
--
ALTER TABLE `space_mission_to_research_areas`
  ADD CONSTRAINT `research_area_id_2` FOREIGN KEY (`research_area_id`) REFERENCES `research_areas` (`id`) ON DELETE NO ACTION ON UPDATE NO ACTION,
  ADD CONSTRAINT `space_mission_id_3` FOREIGN KEY (`space_mission_id`) REFERENCES `space_missions` (`id`) ON DELETE CASCADE ON UPDATE NO ACTION;

--
-- Constraints for table `space_mission_to_sensors`
--
ALTER TABLE `space_mission_to_sensors`
  ADD CONSTRAINT `sensor_id_1` FOREIGN KEY (`sensor_id`) REFERENCES `sensors` (`id`) ON DELETE CASCADE ON UPDATE NO ACTION,
  ADD CONSTRAINT `space_mission_id_1` FOREIGN KEY (`space_mission_id`) REFERENCES `space_missions` (`id`) ON DELETE CASCADE ON UPDATE NO ACTION;

--
-- Constraints for table `space_mission_to_targets`
--
ALTER TABLE `space_mission_to_targets`
  ADD CONSTRAINT `space_mission_id_2` FOREIGN KEY (`space_mission_id`) REFERENCES `space_missions` (`id`) ON DELETE CASCADE ON UPDATE NO ACTION,
  ADD CONSTRAINT `target_id_2` FOREIGN KEY (`target_id`) REFERENCES `targets` (`id`) ON DELETE NO ACTION ON UPDATE NO ACTION;

--
-- Constraints for table `telescopes`
--
ALTER TABLE `telescopes`
  ADD CONSTRAINT `antenna_type_id` FOREIGN KEY (`antenna_type`) REFERENCES `antenna_types` (`id`) ON DELETE NO ACTION ON UPDATE NO ACTION,
  ADD CONSTRAINT `telescope_type_id` FOREIGN KEY (`telescope_type`) REFERENCES `telescope_types` (`id`) ON DELETE NO ACTION ON UPDATE NO ACTION,
  ADD CONSTRAINT `wavelength_unit_id_1` FOREIGN KEY (`wavelength_b_unit`) REFERENCES `wavelength_units` (`id`) ON DELETE NO ACTION ON UPDATE NO ACTION,
  ADD CONSTRAINT `wavelength_unit_id_2` FOREIGN KEY (`wavelength_e_unit`) REFERENCES `wavelength_units` (`id`) ON DELETE NO ACTION ON UPDATE NO ACTION;

--
-- Constraints for table `telescope_to_instruments`
--
ALTER TABLE `telescope_to_instruments`
  ADD CONSTRAINT `instrument_id_1` FOREIGN KEY (`instrument_id`) REFERENCES `instruments` (`id`) ON DELETE CASCADE ON UPDATE NO ACTION,
  ADD CONSTRAINT `telescope_id_2` FOREIGN KEY (`telescope_id`) REFERENCES `telescopes` (`id`) ON DELETE CASCADE ON UPDATE NO ACTION;

--
-- Constraints for table `users_statistics`
--
ALTER TABLE `users_statistics`
  ADD CONSTRAINT `users_statistics_ibfk_1` FOREIGN KEY (`user`) REFERENCES `users_list` (`id`) ON DELETE CASCADE;
